"RegionName","Type","Bedroom","Price_Predict","X2011.09","X2011.10","X2011.11","X2011.12","X2012.01","X2012.02","X2012.03","X2012.04","X2012.05","X2012.06","X2012.07","X2012.08","X2012.09","X2012.10","X2012.11","X2012.12","X2013.01","X2013.02","X2013.03","X2013.04","X2013.05","X2013.06","X2013.07","X2013.08","X2013.09","X2013.10","X2013.11","X2013.12","X2014.01","X2014.02","X2014.03","X2014.04","X2014.05","X2014.06","X2014.07","X2014.08","X2014.09","X2014.10","X2014.11","X2014.12","X2015.01","X2015.02","X2015.03","X2015.04","X2015.05","X2015.06","X2015.07","X2015.08","X2015.09","X2015.10","X2015.11","X2015.12","X2016.01","X2016.02","X2016.03","X2016.04","X2016.05","X2016.06","X2016.07","X2016.08","X2016.09","X2016.10","X2016.11","X2016.12","X2017.01","X2017.02","X2017.03","X2017.04","X2017.05","X2017.06","X2017.07","X2017.08"
83,"Rental",2,0,0,0,0,0,0,0,0,0,0,0,0,0,0,0,0,0,0,0,0,0,0,0,0,0,0,0,0,0,0,0,0,0,0,0,0,0,0,0,0,0,0,0,0,0,0,0,0,0,0,0,0,0,0,0,0,0,0,0,0,0,0,0,0,0,0,0,0,0,0,0,0,0
10001,"Rental",2,5161,4903,5040,5157,5406,5219,5057,5175,5004,5162,5118,5079,5099,5170,5261,5161,5121,5147,5194,5249,5202,5216,5327,5277,5141,5166,5162,5113,5145,5102,5113,5173,5176,5219,5310,5300,5300,4995,4995,4825,5000,5060,5295,5050,4995,5000,5130,5000,5397.5,5100,5247.5,5575,5345,5500,5200,5197.5,5475,5000,5500,4600,4995,4995,4995,5100,4995,4997.5,4995,4995,5401,5299.5,5085,5445,5625
10002,"Rental",2,3309,2850,2995,3100,3325,3200,3000,3100,3000,3095,3100,3000,3095,3100,3195,3100,3100,3100,3100,3195,3200,3200,3295,3200,3125,3100,3100,3100,3100,3100,3100,3100,3150,3200,3247.5,3225,3250,3200,3195,3250,3295,3150,3250,3250,3300,3295,3325,3300,3295,3300,3254,3295,3200,3300,3400,3400,3300,3300,3495,3295,3300,3300,3200,3387,3200,3200,3325,3300,3300,3450,3450,3300,3299.5
10003,"Rental",2,3883,3350,3489.5,3570,3600,3450,3500,3395,3395,3400,3395,3395,3500,3700,3795,3850,3800,3800,3800,3795,3600,3675,3650,3600,3600,3600,3500,3500,3695,3565,3600,3650,3650,3600,3750,4000,3895,3900,3995,3995,3995,3995,3900,3900,3995,3900,3800,3800,3800,3825,3895,3995,3995,3995,3975,3995,3995,3850,3850,3852.5,3850,3950,3800,3950,3895,3850,3800,3895,3897.5,3900,3897.5,3850,3912.5
10004,"Rental",2,5433,4558,4550,4523.5,4400,4585,4439,4547,4550,4570,4800,4945,5099,5099,4995,5095,5125,5095,5099.5,5350,5200,5192.5,5099,5095,5110,5350,5395,5324.5,5253,5095,5000,5000,5000,5195,5350,5595,5495,5500,5550,5550,5550,5597.5,5582.5,5805,5836.5,5582.5,5582.5,5550,5597.5,5600,5595,5560,5510,5500,5490,5492.5,5550,5560,5497.5,5522.5,5355,5550,5522.5,5497.5,5350,5570,5390,5382,5350,5364,5350,5350,5522.5
10005,"Rental",2,5522,4607.5,4295,4150,4200,4150,4112.5,4150,4100,4200,4377,4405,4350,4150,4095,4472.5,4693,4850,4497.5,4364,4386.5,4250,4495,4683,4672.5,4995,4995,4900,4800,5000,4995,4800,4640,4370,4800,5096,5500,5495,5431,5195,5371.5,5495,5595,5495,5595,5495,5510,5125,5445,5495,5545,5297.5,5200,5100,5200,5497.5,5225,5445,5595,5410,5499,5412.5,5200,5372.5,5109,5324,5507.5,5538,5495,5695,5925,5995,5695
10006,"Rental",2,5076,4186,3806,3747,3717,3653,3624,3707,3675,3787,3906,3940,3919,3743,3683,4008,4278,4376,4074,3906,3927,3789,4055,4192,4218,4575,4571,4439,4300,4504,4570,4323,4157,3872,4352,4654,5018,5047,4987,4790,4882,4996,5140,4995,5121,5057,5103,4721,4948,4996,5081,4829,4719,4696,4780,5086,4808,4994,5140,4964,5085,4955,4771,4969,4615,4897,5089,5056,5047,5228,5492,5543,5250
10007,"Rental",2,7067,5595,5500,5850,5525,5720,5795,5500,5497.5,5745,5795,5895,5895,5795,5795,5695,5995,5850,5797.5,5897.5,6000,5997,6210,6000,6000,6000,5995,6000,6295,6000,5995,5995,6495,6247.5,6000,6795,6995,6345,6495,6935,6147.5,6995,6392.5,6995,6445,6595,6840,6995,7295,7245,7047.5,6995,6447.5,6550,6691.5,6987.5,6995,6527.5,6242.5,6595,6595,6000,6962,6995,6595,7195,7495,7647.5,7325,7495,7355,6995,6745
10009,"Rental",2,3388,2882.5,2900,2945,3100,3232.5,3200,3000,2995,3000,3000,3000,3100,3150,3160,3200,3200,3200,3100,3095,3075,3100,3150,3100,3100,3125,3150,3150,3197,3167,3200,3200,3250,3300,3300,3805,3331.5,3300,3300,3300,3300,3600,3695,3600,3350,3325,3325,3312.5,3350,3400,3370,3300,3300,3300,3375,3350,3450,3397.5,3450,3412.5,3495,3300,3399.5,3388,3300,3395,3390,3397.5,3492.5,3450,3395,3395,3349.5
10010,"Rental",2,4352,3400,3395,3500,3500,3550,3500,3495,3400,3500,3600,3650,3650,3600,3600,3795,3750,3750,3800,3795,3700,3700,3750,3700,3700,3795,3785,3750,3750,3790,3750,3715,3695,3700,3700,4265,4075,4172,4172,4172,4172,4550,4550,4425,4250,3995,4000,4200,4200,4397.5,4275,4212,4400,4500,4300,4300,4250,4400,4400,4400,4400,4350,4300,4300,4250,4400,4400,4300,4354,4400,4250,4472.5,4445
10011,"Rental",2,4793,3501,3585,3657,3692,3713,3640,3656,3511,3652,3790,3807,3847,3720,3740,3901,3910,3867,3907,3944,3875,3833,3936,3868,3891,3917,3911,3889,3930,3935,3911,3856,3804,3816,3899,4411,4253,4300,4337,4339,4312,4726,4691,4570,4387,4185,4182,4374,4311,4562,4391,4315,4545,4670,4439,4435,4358,4596,4571,4518,4577,4750,5397.5,4700,4750,4750,4795,4725,4850,4800,4600,4600,4795
10012,"Rental",2,3969,3500,3700,3550,3505,3550,3675,3700,3595,3550,3500,3595,3500,3595,3600,3695,3622.5,3595,3500,3495,3495,3499,3500,3500,3500,3600,3797.5,3950,3700,3650,3700,3750,3799,3750,3790,3850,3739,3800,4025,4200,3900,4200,4200,4000,4200,3995,3895,3800,3900,4000,4300,4300,4400,4500,4495,4400,4250,4200,4000,3800,3770,3925,3995,4000,3995,4125,4095,3950,3950,3995,3900,3900,3800
10013,"Rental",2,5052,4972.5,4997.5,4995,5012.5,5197.5,4950,4950,4900,4950,5000,4900,4900,4800,4900,4850,4895,4895,4625,4850,4850,4899,4950,4950,4995,5100,5000,4900,4895,4850,4850,4800,4800,4850,4650,4700,5095,4950,4900,5025,5025,5295,5200,5295,5295,5397.5,5395,5395,5397.5,5400,5225,5095,4995,4995,4997.5,5025,4995,4997.5,4895,5095,4950,5097.5,4972.5,4672.5,4995,4997.5,5000,5200,5200,5095,5000,5197.5,5195
10014,"Rental",2,4101,3800,3800,3897.5,3800,3895,3900,4200,3913.5,3895,3995,4195,4200,4200,4275,4250,4200,4000,4095,4000,4000,4195,4100,4200,4200,4200,4300,4395,4400,4350,4370,4350,4300,4200,4195,4200,4000,4000,4000,4000,4000,4000,4000,4000,4242,4200,4217,4200,4135,4200,4200,4200,4200,4200,4297.5,4200,4234,4112.5,4075,4000,4175,4000,4000,4100,3925,4000,4200,4253.5,4234,4200,4100,4097.5,4097.5
10016,"Rental",2,4285,4190,4170,4236,4104,4202,4228,4515,4278,4206,4309,4561,4512,4569,4666,4584,4564,4324,4428,4311,4355,4572,4425,4587,4550,4519,4692,4768,4733,4693,4753,4715,4673,4524,4516,4589,4695,4650,4600,4605,4630.5,4505,4500,4589,4737.5,4595,4500,4400,4300,4395,4295,4500,4500,4495,4495,4372.5,4295,4395,4295,4195,4295,4375,4295,4200,4200,4250,4295,4250,4295,4472.5,4295,4250,4245
10017,"Rental",2,4202,4154,4167,4149,4091,4108,4179,4491,4180,4111,4268,4500,4485,4552,4580,4549,4531,4229,4334,4287,4295,4532,4337,4550,4484,4487,4680,4714,4636,4628,4659,4704,4636,4444,4484,4531,4500,4495,4500,4500,4495,4500,4500,4500,4800,4795,4492.5,4497.5,4500,4795,4495,4401,4492.5,4497.5,4347.5,4300,4395,4225,4081,4200,4200,4200,4200,4100,4200,4081,4200,4200,4200,4150,4250,4347.5,4295
10018,"Rental",2,4562,4239,4407,4412,4408,4496,4430,4396,4354,4451,4516,4499,4461,4520,4608,4616,4481,4452,4471,4463,4529,4500,4567,4544,4549,4559,4498,4451,4473,4504,4501,4538,4456,4542,4585,4593,4646,4727,4671,4681,4666,4684,4638,4820,4774,4793,4950,4825,4895,4810.5,4977.5,4900,4950,4785,4760,4690,4475,4587.5,4530,4190,4692.5,4692.5,4687.5,4687.5,4615,4685,4612.5,4627.5,4350,4300,4300,4500,4690
10019,"Rental",2,4980,4829,4904,4884,4891,4997,4900,4819,4939,4900,5091,5012,4971,5094,5105,5075,4995,5009,4971,5002,5007,4980,5023,5040,5041,5081,5019,5004,4974,4960,4971,5037,5016,5021,5146,5118,5236,5060,5012,5067,5055,5000,5002.5,4997,5000,5090,5061,5096,5060.5,5060.5,5098,4997.5,5022.5,5061,5100,5100,5050,4997.5,4967,4875,4995,4967,4950,4967,4987,5000,4967,4907.5,4894,5000,5031,5012,5081
10020,"Rental",2,4713,4020,4015,4057,4063,4093,4044,4047,3971,4049,4120,4153,4166,4149,4165,4240,4297,4271,4205,4234,4207,4202,4283,4271,4252,4358,4360,4349,4358,4317,4325,4289,4307,4262,4341,4609,4617,4550,4576,4584,4536,4749,4732,4724,4698,4621,4641,4606,4702,4735,4735,4702,4646,4678,4675,4735,4684,4653,4684,4588,4623,4598,4667,4659,4551,4674,4737,4753,4773,4800,4756,4783,4753
10021,"Rental",2,3893,4460,4503,4468,4461,4643,4548,4401,4504,4533,4671,4652,4585,4704,4703,4697,4598,4580,4552,4585,4631,4571,4584,4674,4674,4696,4636,4635,4565,4547,4583,4666,4568,4585,4744,4748,4600,4500,4500,4300,4400,4250,4400,4275,4300,4050,4100,4300,4304,4294,4190,4200,4500,4279,4375,4600,4495,4300,4100,4000,3970,4100,3995,4000,3950,4000,4000,3695,3695,3800,3650,3900,3935
10022,"Rental",2,4267,4200,4000,4000,4000,4200,4095,4000,3900,3950,4047.5,3800,3800,3600,3645,3797.5,3700,3600,3700,3800,4000,3900,4000,3700,3695,3800,3795,3700,3699.5,3562.5,3600,3600,3600,3600,3850,4330,4695,4612.5,4310,4562.5,4562.5,4450,4499.5,4550,4600,4495,4607.5,4497.5,4590,4421,4421,4047.5,4450,4500,4547.5,4301.5,4450,4350,4095,3995,4095,4295,4472.5,4304,4095,4450,4397.5,4450,4295,4250,4295,3997.5,3900
10023,"Rental",2,4909,5153,4962,4958,4960,5109,5068,4974,4833,4897,4982,4768,4789,4566,4594,4735,4612,4516,4639,4732,4976,4826,4976,4696,4682,4761,4699,4632,4623,4543,4562,4524,4595,4520,4831,5299,5200,5295,5110,5110,5024,5197.5,4995,5000,5450,5280,5000,5000,5000,5087,4912.5,5000,5048,5022.5,5048,5000,4962.5,5000,4900,4625,4982.5,4900,4860,4888,4800,4800,4937.5,4900,4950,5000,5000,4975,4900
10024,"Rental",2,4224,3700,3950,3872.5,3897.5,3897.5,3870,3500,3550,3700,3800,3825,3800,3800,3800,3700,3700,3695,3500,3549,3450,3590,3725,3800,3700,3995,4000,4000,4197.5,4000,4000,4000,4100,4100,4195,4497.5,4500,4450,4400,4400,4385,4397.5,4495,4400,4495,4200,4195,4250,4500,4500,4500,4495,4500,4500,4500,4425,4450,4495,4297.5,4195,4200,4250,4197.5,4200,4170,4295,4386.5,4300,4195,4200,4195,4100,4195
10025,"Rental",2,3474,2872.5,2995,3150,3000,2997,3000,3000,3000,3195,3200,3000,3135,3400,3500,3500,3500,3325,3300,3400,3200,3200,3200,3100,3200,3295,3250,3250,3299,3300,3300,3350,3360,3350,3300,3500,3400,3695,3750,3700,3574.5,3600,3500,3500,3444.5,3500,3500,3500,3400,3500,3670,3600,3500,3625,3795,3542,3600,3500,3500,3400,3500,3500,3500,3500,3495,3500,3500,3500,3500,3495,3402,3400,3395
10026,"Rental",2,2792,2400,2450,2595,2595,2600,2600,2550,2550,2650,2650,2650,2650,2650,2650,2650,2595,2635,2645,2635,2600,2517,2600,2607,2606,2650,2675,2650,2606.5,2650,2700,2700,2700,2700,2755,2833.5,2818,2995,2900,2850,2872.5,2895,2800,2840,2836,2700,2865.5,2795,2895,2950,2895,2800,2800,2897.5,2836,2818,2795,2772.5,2714.5,2800,2795,2812.5,2750,2800,2662.5,2750,2775,2800,2800,2700,2750,2950,2950
10027,"Rental",2,2656,2137.5,2125,2262,2212.5,2100,2191.5,2200,2163,2100,2295,2350,2395,2450,2500,2450,2200,2395,2395,2350,2300,2350,2450,2450,2450,2425,2437.5,2450,2400,2400,2400,2395,2395,2395,2450,2600,2695.5,2650,2600,2575,2600,2600,2500,2500,2585,2612.5,2675,2650,2695,2637.5,2650,2597.5,2566,2566,2550,2595,2650,2650,2650,2650,2667,2650,2600,2600,2500,2634.5,2650,2650,2696,2700,2750,2737.5,2700
10028,"Rental",2,3095,2797,2700,2800,2995,2800,2795,2800,2850,2997.5,2850,2900,2900,2900,2900,2900,2900,2950,2900,2900,2897.5,2800,2795,2695,2750,2900,2895,2895,2950,2950,2995,3000,3000,3000,3085,3095,3000,3095,3195,3195,3150,3095,3100,3100,3200,3200,3195,3125,3212.5,3195,3274.5,3200,3100,3100,3250,3100,3197.5,3050,3097,3095,3010,2995,3095,3150,2950,2995,3100,3120.5,3141,3095,3195,3150,3150
10029,"Rental",2,2299,1871,1820,1963,1859,1883,1864,1811,1883,1927,1946,2050,2009,2016,2042,2023,1982,1914,1990,1852,1930,1960,2041,1907,2032,2007,2069,2080,2053,2012,2073,2073,2030,2045,2122,2114,2128,2028,2133,2075,2168,2160,2187,2061,2153,2103,2152,2172,2230,2306,2220,2252,2388,2323,2354,2399,2298,2176,2208,2247,2389,2223,2130,2315,2087,2280,2341,2390,2328,2420,2344,2356,2378
10030,"Rental",2,2181,1675,1641,1650,1650,1650,1675,1700,1700,1750,1777,1749,1749,1750,1750,1750,1700,1700,1700,1775,1750,1775,1795,1779,1825,1849,1825,1899,1849,1899,1850,1849,1850,1897,1900,1895,1964.5,1927,2000,2100,2000,2000,2000,1999,1962.5,2000,2100,2100,2200,2100,2100,2000,2100,2000,2100,2100,2050,2099,2125,2100,2150,2200,2000,2195,2050,2250,2195,2200,2195,2200,2195,2200,2291
10031,"Rental",2,2246,1800,1800,1915,1850,1800,1800,1800,1800,1839,1895,2000,2000,1999,1995,1994.5,1975,1900,1900,1850,1912.5,1950,1950,1900,2000,2000,2000,2000,2000,1995,1995,1997,2000,2000,2100,2050,2100,2000,2047.5,2000,2100,2100,2095,2000,2100,2100,2100,2136.5,2225,2300,2200,2200,2300,2300,2300,2300,2250,2150,2160,2195,2299,2125,2100,2250,2075,2267,2291,2295.5,2300,2350,2300,2300,2297.5
10032,"Rental",2,2078,1695,1650,1650,1680,1650,1650,1650,1650,1695,1750,1750,1800,1800,1795,1750,1780,1795,1800,1822.5,1825,1850,1890,1895,1875,1875,1855,1895,1900,1900,1900,1950,1950,1950,1975,1925,1950,1995,1995,1950,1995,1995,1995,1975,2000,1999,2000,2050,2097.5,2050,2100,2000,2000,2000,2043,2049,2000,2000,1995,1997.5,2043,2000,2050,2000,1995,2097.5,2050,2050,2100,2150,2150,2195,2095
10033,"Rental",2,2231,1800,1700,1650,1650,1750,1797,1750,1800,1795,1900,1800,1895,1895,1895,1837.5,1895,1800,1800,1795,1800,1800,1900,2000,2000,1900,1885,1850,1850,1850,1850,1850,1850,1950,2072.5,1995,2072.5,2075,2050,2100,2095,2100,2000,2000,2000,2000,2100,2100,2250,2200,2195,2195,2100,2125,2195,2150,2150,2100,2050,1995,2147.5,2200,2000,2125,2099.5,2195,2250,2350,2350,2296,2300,2308,2295
10034,"Rental",2,2033,1600,1650,1680,1650,1650,1600,1600,1600,1650,1697.5,1750,1795,1750,1695,1695,1650,1750,1695,1700,1750,1750,1750,1750,1795,1800,1795,1800,1800,1800,1800,1800,1800,1800,1975,1881,1881,1900,1837.5,1850,1862.5,1875,1875,1900,1885,1950,2087,2100,2095,2050,2100,2100,2097.5,2100,2100,2025,2000,2000,1872.5,1885,1985,1800,1912.5,1999,1985,2050,2056,2150,2150,2100,2100,2000,2099
10035,"Rental",2,2424,2100,2175,2300,2100,2100,2100,2295,2250,2000,2000,2195,2285,2325,2300,2297.5,2395,2250,2400,2400,2400,2400,2400,2400,2200,2150,2150,2100,2150,2199,2199,2200,2199.5,2200,2300,2250,2250,2225,2250,2200,2250,2250,2285,2225,2262.5,2300,2300,2500,2400,2450,2500,2460,2460,2436,2422,2460,2400,2407,2400,2500,2497.5,2550,2495,2375,2300,2472.5,2300,2400,2437.5,2480,2475,2400,2400
10036,"Rental",2,3913,3100,3200,3305,3450,3500,3445,3397.5,3395,3395,3454,3495,3495,3500,3500,3500,3500,3450,3400,3400,3490,3500,3495,3490,3400,3482.5,3490,3400,3400,3400,3450,3490,3490,3500,3590,4190,3950,3995,3980,3600,3950,4000,4360,4397,4350,4100,3900,3995,4500,3995,3900,3800,3525,3600,3995,4100,4190,3600,3697.5,3875,3700,4000,3700,3997.5,3700,3660,4112.5,4190,3950,4292.5,3750,3800,3800
10037,"Rental",2,2767,1999,2074,2183,2255,2396,2266,2273,2274,2221,2267,2319,2330,2305,2323,2387,2355,2291,2257,2257,2320,2315,2360,2316,2261,2328,2389,2213,2217,2234,2340,2291,2291,2301,2460,3039,2832,2831,2816,2493,2795,2821,3224,3232,3218,2991,2726,2873,3348,2873,2715,2605,2345,2412,2856,2980,2993,2430,2567,2772,2504,2839,2555,2837,2515,2550,2998,3058,2788,3154,2618,2669,2628
10038,"Rental",2,4536,3650,3527.5,3600,3450,3558.5,3510,3600,3499,3580,3845,3794,3800,3845,4095,4000,3995,4000,3995,3995,3950,3895,3845,3845,3955,4100,4195,4100,4100,3995,4025,4000,4000,4000,3850,4395,4500,4395,4400,4400,4477,4607.5,4497.5,4710,4900,4700,4700,4700,4535,4695,4700,4697.5,4790,4899,4830,4700,4790,4495,4685,4700,4599.5,4700,4385,4354.5,4400,4400,4400,4475,4657.5,4762.5,4695,4700,4500
10039,"Rental",2,3955,3500,3498,3538,3539,3566,3537,3529,3475,3536,3605,3626,3630,3625,3656,3679,3680,3651,3612,3628,3637,3643,3690,3670,3674,3738,3747,3746,3745,3710,3720,3721,3720,3702,3787,3946,3966,3931,3926,3942,3920,4005,3989,3986,4015,3954,3969,3938,4008,4028,4020,3983,3986,4002,4002,4000,3987,3936,3921,3844,3909,3890,3912,3925,3830,3950,3986,3985,3972,3999,3976,3994,3995
10040,"Rental",2,1969,1750,1550,1550,1600,1675,1662.5,1650,1572.5,1600,1712.5,1699,1850,1800,1600,1650,1650,1650,1595,1650,1695,1785,1750,1800,1725,1800,1725,1700,1720,1750,1795,1799.5,1800,1800,1850,1750,1850,1875,1900,1900,1862.5,1875,1850,1850,1850,1850,1900,1900,1900,1997.5,1925,1950,1900,1850,1875,1850,1925,1850,1925,1925,1950,1850,1850,1850,1805,1895,1910,1962.5,1975,2033,2200,2195,2100
10041,"Rental",2,3913,3447,3452,3502,3486,3525,3490,3486,3435,3488,3549,3582,3589,3586,3604,3643,3639,3600,3570,3584,3596,3600,3643,3637,3628,3691,3700,3689,3685,3655,3669,3664,3665,3653,3738,3911,3922,3893,3881,3872,3869,3957,3953,3946,3973,3905,3919,3908,3984,3986,3972,3929,3921,3933,3955,3963,3941,3885,3871,3808,3869,3863,3872,3876,3790,3888,3944,3940,3934,3969,3932,3938,3935
10043,"Rental",2,3874,3400,3413,3457,3446,3487,3451,3458,3413,3456,3522,3543,3558,3546,3568,3605,3593,3566,3536,3549,3559,3562,3608,3586,3587,3651,3663,3646,3641,3614,3633,3633,3628,3603,3699,3878,3888,3854,3847,3831,3845,3924,3922,3925,3943,3878,3885,3879,3967,3961,3941,3897,3881,3903,3932,3941,3919,3839,3822,3767,3834,3836,3834,3849,3751,3848,3905,3922,3897,3941,3897,3904,3896
10044,"Rental",2,3891,3418,3415,3466,3459,3494,3459,3457,3406,3460,3534,3543,3556,3568,3583,3620,3605,3576,3558,3568,3568,3567,3611,3607,3603,3655,3674,3647,3651,3636,3640,3632,3635,3619,3707,3889,3905,3878,3866,3853,3862,3931,3944,3950,3979,3900,3900,3890,3985,3972,3954,3909,3914,3919,3953,3955,3934,3861,3847,3799,3849,3853,3838,3871,3767,3868,3931,3928,3919,3973,3916,3929,3923
10045,"Rental",2,3892,3415,3419,3466,3450,3487,3448,3455,3411,3462,3526,3547,3559,3571,3587,3618,3616,3569,3557,3566,3563,3572,3614,3598,3596,3661,3677,3649,3660,3637,3649,3641,3643,3621,3702,3890,3905,3881,3867,3864,3856,3935,3950,3950,3969,3906,3898,3899,3979,3979,3961,3916,3909,3932,3958,3953,3942,3866,3859,3797,3857,3865,3841,3864,3766,3871,3920,3936,3929,3967,3920,3927,3917
10047,"Rental",2,3845,3370,3363,3409,3408,3440,3407,3409,3360,3403,3479,3494,3523,3524,3531,3566,3564,3524,3504,3509,3514,3533,3565,3556,3555,3611,3625,3611,3601,3577,3604,3598,3595,3566,3650,3837,3847,3828,3825,3800,3807,3890,3895,3891,3913,3845,3849,3840,3933,3927,3913,3860,3864,3869,3895,3899,3881,3810,3806,3750,3803,3806,3800,3820,3712,3815,3875,3881,3871,3916,3869,3888,3876
10048,"Rental",2,3844,3368,3372,3424,3411,3451,3417,3408,3367,3416,3490,3495,3525,3520,3543,3561,3560,3531,3499,3512,3526,3525,3568,3561,3547,3624,3619,3607,3610,3592,3599,3595,3592,3573,3651,3845,3855,3825,3825,3805,3809,3885,3888,3889,3920,3854,3857,3843,3928,3924,3904,3865,3865,3867,3905,3909,3891,3822,3808,3753,3809,3813,3797,3819,3712,3827,3877,3888,3880,3926,3865,3894,3868
10055,"Rental",2,3846,3373,3364,3412,3409,3447,3411,3422,3371,3408,3491,3503,3528,3517,3540,3565,3563,3534,3511,3513,3518,3535,3576,3565,3556,3617,3621,3612,3604,3592,3608,3598,3590,3579,3658,3843,3852,3819,3826,3806,3803,3889,3898,3887,3918,3855,3859,3853,3922,3936,3907,3869,3859,3878,3908,3907,3884,3821,3813,3758,3809,3808,3800,3825,3724,3826,3879,3889,3869,3918,3876,3889,3867
10065,"Rental",2,4627,4253,4077,4127,4103,4268,4232,4170,4101,4104,4223,4295,4355,4365,4138,4214,4212,4164,4147,4177,4234,4344,4300,4336,4311,4382,4281,4299,4254,4345,4392,4316,4331,4318,4406,4322,4423,4393,4488,4454,4449,4393,4449,4354,4379,4441,4434,4437,4449,4535,4472,4509,4453,4424,4464,4438,4509,4437,4439,4481,4527,4500,4725,5018,5090,4451.5,4796,4650,4500,4500,4472.5,4821.5,4000
10069,"Rental",2,5084,4691,4514,4596,4530,4692,4666,4584,4506,4529,4662,4791,4836,4826,4620,4657,4650,4605,4595,4589,4668,4775,4749,4813,4811,4869,4753,4773,4726,4836,4885,4768,4819,4750,4884,4772,4842,4882,4926,4897,4892,4868,4919,4809,4839,4920,4851,4922,4870,4941,4954,4917,4938,4887,4948,4931,5001,4886,4906,4924,4974,4994,5142,5425,5541,4929,5205,5148,4971,4952,4964,5294,4437
10075,"Rental",2,3233,3347,3254,3337,3184,3360,3400,3301,3194,3187,3377,3509,3501,3479,3354,3326,3368,3259,3274,3283,3332,3439,3477,3520,3540,3616,3491,3427,3444,3559,3603,3479,3489,3466,3581,3457,3560,3596,3616,3643,3631,3563,3575,3799.5,3400,3300,3300,3200,3225,3250,3300,3204,3200,3300,3600,3695,3500,3300,3100,3250,3300,3250,3300,3050,3300,3300,3300,3200,3300,3147.5,3200,3150,3300
10080,"Rental",2,3855,3383,3371,3421,3407,3455,3415,3418,3373,3410,3488,3512,3526,3520,3544,3575,3563,3528,3508,3514,3519,3525,3570,3563,3559,3623,3636,3609,3611,3586,3610,3599,3596,3577,3667,3852,3860,3835,3825,3815,3819,3891,3897,3891,3917,3862,3855,3854,3929,3938,3912,3870,3867,3872,3909,3907,3887,3821,3810,3758,3807,3807,3800,3822,3718,3832,3876,3887,3878,3918,3875,3893,3879
10081,"Rental",2,3850,3383,3369,3422,3416,3449,3422,3422,3371,3421,3485,3500,3523,3516,3545,3567,3563,3525,3505,3526,3530,3529,3568,3557,3562,3617,3624,3612,3606,3583,3610,3595,3598,3579,3656,3840,3851,3825,3828,3816,3806,3891,3897,3895,3924,3862,3859,3855,3934,3927,3913,3879,3860,3883,3912,3912,3897,3816,3811,3757,3809,3817,3803,3825,3722,3828,3879,3885,3872,3920,3882,3894,3871
10096,"Rental",2,3866,3388,3392,3443,3432,3468,3436,3429,3388,3427,3502,3523,3547,3540,3551,3580,3575,3549,3520,3530,3547,3554,3590,3583,3580,3633,3640,3625,3625,3606,3629,3614,3621,3591,3678,3857,3861,3846,3840,3827,3833,3907,3908,3901,3935,3870,3875,3858,3947,3944,3932,3886,3882,3896,3923,3915,3904,3836,3824,3779,3829,3828,3817,3850,3757,3839,3900,3911,3885,3930,3894,3918,3876
10097,"Rental",2,3899,3420,3414,3464,3447,3498,3463,3457,3412,3455,3525,3553,3573,3573,3584,3613,3609,3573,3552,3561,3557,3574,3622,3600,3603,3669,3674,3645,3647,3626,3646,3636,3648,3624,3706,3872,3885,3859,3868,3854,3854,3924,3936,3928,3955,3897,3886,3882,3968,3972,3954,3909,3904,3917,3936,3949,3925,3855,3839,3800,3849,3857,3844,3878,3798,3867,3930,3933,3909,3958,3914,3946,3892
10103,"Rental",2,3873,3427,3412,3466,3446,3483,3452,3458,3406,3455,3520,3545,3568,3569,3578,3599,3598,3569,3541,3557,3562,3568,3609,3597,3595,3662,3668,3644,3647,3636,3651,3631,3646,3618,3707,3872,3882,3860,3850,3848,3849,3916,3928,3922,3941,3872,3887,3869,3950,3959,3927,3893,3887,3893,3931,3938,3925,3841,3828,3786,3831,3838,3830,3861,3775,3844,3921,3919,3898,3946,3896,3921,3874
10104,"Rental",2,3883,3423,3417,3460,3439,3493,3457,3458,3404,3446,3531,3545,3572,3570,3581,3596,3593,3556,3538,3553,3552,3578,3615,3608,3602,3660,3658,3646,3648,3628,3642,3630,3642,3622,3695,3862,3887,3858,3861,3839,3847,3920,3921,3922,3941,3874,3880,3873,3943,3947,3935,3886,3885,3893,3936,3934,3916,3841,3823,3783,3844,3840,3830,3863,3777,3847,3918,3914,3907,3943,3895,3920,3875
10105,"Rental",2,3872,3426,3414,3463,3442,3494,3457,3459,3404,3446,3519,3542,3568,3566,3580,3596,3599,3561,3539,3558,3561,3570,3610,3609,3596,3664,3662,3647,3645,3624,3650,3636,3631,3620,3701,3864,3876,3859,3862,3849,3837,3918,3924,3925,3943,3883,3883,3876,3952,3957,3931,3894,3887,3900,3941,3943,3916,3848,3834,3787,3830,3834,3839,3870,3780,3845,3916,3917,3896,3933,3897,3924,3879
10106,"Rental",2,3884,3416,3415,3462,3451,3493,3457,3446,3405,3441,3527,3547,3568,3568,3568,3594,3589,3562,3543,3557,3558,3577,3616,3603,3600,3658,3662,3642,3645,3626,3640,3637,3630,3618,3701,3862,3876,3859,3857,3842,3845,3913,3917,3925,3945,3874,3874,3876,3946,3946,3928,3892,3889,3894,3935,3935,3915,3839,3837,3786,3836,3842,3839,3868,3774,3854,3914,3914,3906,3944,3892,3917,3882
10107,"Rental",2,3877,3426,3412,3464,3441,3497,3457,3453,3406,3446,3528,3542,3571,3567,3568,3606,3594,3558,3532,3545,3564,3578,3612,3599,3595,3669,3662,3639,3640,3624,3643,3633,3640,3618,3699,3862,3884,3850,3857,3843,3843,3921,3923,3919,3937,3885,3881,3874,3953,3953,3934,3899,3889,3896,3940,3943,3922,3847,3825,3784,3842,3837,3830,3871,3776,3855,3921,3919,3900,3938,3900,3929,3876
10110,"Rental",2,3875,3416,3407,3451,3445,3490,3458,3459,3403,3449,3523,3554,3561,3560,3576,3601,3596,3558,3545,3557,3558,3575,3611,3607,3595,3657,3663,3644,3648,3631,3646,3636,3641,3614,3699,3874,3881,3862,3863,3842,3848,3922,3923,3925,3943,3886,3874,3868,3948,3950,3941,3886,3885,3896,3937,3930,3922,3837,3826,3783,3835,3836,3830,3858,3783,3857,3914,3924,3896,3938,3895,3926,3880
10111,"Rental",2,3876,3416,3409,3459,3439,3492,3456,3449,3410,3449,3519,3546,3562,3567,3576,3602,3604,3561,3540,3546,3557,3573,3613,3605,3598,3657,3670,3645,3640,3631,3642,3641,3638,3619,3706,3869,3880,3857,3852,3848,3851,3911,3918,3916,3945,3884,3873,3880,3949,3958,3930,3895,3886,3892,3932,3937,3927,3846,3836,3783,3833,3840,3833,3856,3778,3850,3920,3917,3904,3939,3894,3918,3884
10112,"Rental",2,3877,3427,3416,3457,3453,3488,3451,3458,3409,3443,3518,3547,3568,3565,3579,3600,3599,3560,3542,3554,3556,3569,3606,3595,3591,3666,3669,3650,3645,3637,3647,3629,3638,3619,3694,3874,3880,3859,3859,3849,3838,3920,3920,3919,3936,3884,3883,3870,3949,3955,3940,3889,3884,3895,3942,3939,3921,3841,3829,3781,3842,3846,3842,3865,3786,3848,3911,3918,3906,3945,3903,3919,3884
10115,"Rental",2,3878,3414,3403,3460,3451,3492,3451,3451,3407,3443,3527,3542,3567,3562,3581,3606,3598,3561,3534,3547,3555,3574,3605,3605,3603,3656,3658,3638,3652,3625,3644,3632,3644,3611,3693,3868,3880,3863,3857,3847,3844,3915,3923,3927,3944,3880,3878,3873,3956,3955,3928,3888,3882,3899,3930,3932,3924,3836,3828,3793,3835,3846,3834,3871,3778,3846,3913,3922,3903,3946,3895,3925,3878
10118,"Rental",2,3886,3414,3413,3452,3448,3488,3462,3461,3402,3448,3526,3554,3565,3561,3576,3603,3595,3556,3546,3559,3558,3566,3614,3606,3591,3656,3658,3645,3648,3624,3642,3632,3634,3611,3696,3863,3884,3864,3863,3841,3846,3923,3928,3926,3939,3884,3883,3878,3953,3955,3939,3892,3891,3894,3932,3935,3917,3843,3825,3790,3833,3836,3836,3861,3775,3846,3920,3924,3898,3934,3891,3930,3879
10119,"Rental",2,3879,3418,3417,3455,3445,3488,3459,3455,3404,3445,3532,3555,3574,3563,3578,3596,3599,3554,3535,3551,3565,3572,3615,3599,3602,3664,3664,3642,3645,3635,3647,3635,3642,3620,3701,3872,3882,3860,3860,3839,3845,3910,3925,3918,3941,3884,3879,3877,3944,3955,3940,3899,3886,3894,3934,3939,3919,3843,3825,3793,3845,3838,3835,3861,3784,3856,3922,3914,3902,3946,3891,3918,3883
10120,"Rental",2,3878,3426,3416,3458,3446,3494,3464,3448,3411,3452,3524,3547,3573,3567,3573,3594,3592,3564,3535,3558,3553,3577,3607,3607,3592,3658,3663,3649,3640,3633,3650,3642,3645,3611,3707,3870,3883,3862,3865,3842,3840,3915,3923,3924,3938,3883,3880,3879,3951,3956,3934,3890,3886,3896,3940,3935,3924,3842,3835,3789,3832,3838,3832,3863,3786,3846,3911,3924,3896,3939,3904,3931,3882
10121,"Rental",2,3882,3428,3405,3455,3446,3493,3454,3450,3404,3454,3523,3548,3564,3569,3573,3597,3590,3567,3547,3547,3555,3572,3608,3598,3601,3668,3669,3647,3642,3636,3646,3631,3641,3616,3698,3865,3881,3862,3854,3851,3840,3920,3922,3922,3940,3886,3885,3873,3951,3957,3937,3897,3892,3895,3940,3932,3919,3839,3833,3786,3832,3847,3839,3857,3774,3849,3911,3911,3910,3949,3901,3932,3885
10122,"Rental",2,3880,3416,3405,3454,3449,3492,3463,3459,3408,3449,3518,3544,3576,3572,3581,3608,3593,3559,3543,3554,3566,3576,3615,3596,3593,3669,3667,3639,3650,3632,3649,3630,3638,3616,3696,3867,3886,3851,3856,3837,3842,3912,3925,3917,3950,3883,3886,3871,3953,3949,3936,3895,3893,3893,3934,3939,3920,3837,3832,3780,3832,3846,3836,3870,3786,3849,3923,3916,3898,3947,3896,3918,3875
10123,"Rental",2,3874,3427,3405,3460,3453,3493,3454,3454,3410,3447,3529,3550,3566,3564,3579,3608,3595,3563,3543,3554,3567,3574,3618,3608,3597,3657,3663,3651,3650,3637,3644,3633,3640,3618,3701,3864,3878,3863,3863,3844,3846,3912,3916,3927,3940,3885,3888,3870,3952,3957,3931,3890,3880,3901,3941,3935,3918,3838,3837,3789,3844,3834,3840,3863,3774,3855,3914,3918,3896,3937,3891,3931,3883
10128,"Rental",2,3299,2900,2950,3100,3000,2900,3225,3172.5,3100,3100,3000,3095,3050,3095,3195,3365,3290,3100,3000,2995,2900,2895,2895,2795,2800,3000,3000,2999,3000,3000,3050,3100,3150,3100,3150,3297,3350,3225,3197.5,3497.5,3595,3450,3600,3650,3372.5,3100,3237.5,3275,3297.5,3237.5,3000,3000,3240,3295,3312.5,3500,3600,3300,3327,3397.5,3295,3695,3295,3200,3550,3200,3350,3295,3200,3200,3185,3125,3295
10151,"Rental",2,3887,3426,3416,3466,3449,3492,3452,3457,3398,3455,3526,3548,3568,3564,3578,3602,3596,3565,3538,3550,3559,3571,3606,3597,3598,3665,3658,3653,3639,3638,3641,3642,3634,3625,3708,3865,3883,3863,3859,3850,3843,3914,3924,3927,3937,3884,3883,3882,3950,3957,3941,3896,3888,3901,3931,3942,3923,3848,3830,3786,3832,3835,3835,3869,3776,3846,3922,3922,3904,3946,3897,3929,3881
10152,"Rental",2,3883,3427,3410,3465,3442,3492,3461,3458,3408,3449,3533,3555,3565,3563,3583,3606,3599,3562,3539,3560,3565,3573,3617,3611,3594,3668,3671,3652,3640,3633,3642,3634,3642,3613,3707,3862,3881,3861,3851,3841,3843,3913,3919,3929,3944,3885,3887,3871,3946,3956,3937,3892,3891,3900,3934,3946,3915,3848,3824,3794,3837,3833,3832,3863,3775,3859,3913,3918,3896,3936,3899,3928,3887
10153,"Rental",2,3879,3429,3407,3464,3454,3492,3456,3460,3406,3444,3530,3547,3572,3566,3573,3604,3595,3555,3543,3551,3553,3570,3620,3602,3594,3662,3661,3650,3642,3629,3653,3631,3639,3612,3694,3867,3890,3862,3855,3851,3843,3915,3916,3926,3937,3880,3877,3877,3952,3959,3938,3896,3887,3894,3936,3938,3923,3851,3832,3791,3842,3842,3836,3860,3776,3850,3924,3916,3910,3935,3903,3922,3888
10154,"Rental",2,3875,3416,3418,3460,3447,3496,3465,3452,3413,3450,3532,3542,3566,3571,3575,3603,3591,3565,3537,3558,3558,3577,3618,3606,3601,3664,3663,3648,3644,3637,3647,3637,3640,3618,3701,3871,3877,3853,3863,3847,3845,3917,3917,3930,3945,3882,3875,3872,3945,3954,3939,3890,3883,3899,3933,3943,3925,3844,3832,3791,3843,3833,3843,3859,3777,3848,3912,3923,3909,3949,3897,3925,3882
10155,"Rental",2,3875,3416,3401,3457,3440,3481,3454,3458,3405,3440,3523,3547,3562,3565,3570,3605,3589,3555,3536,3551,3551,3569,3606,3596,3586,3658,3659,3631,3641,3624,3647,3623,3631,3607,3699,3868,3880,3850,3847,3844,3847,3914,3917,3912,3940,3876,3874,3871,3945,3937,3929,3875,3878,3895,3933,3929,3912,3836,3823,3783,3827,3836,3834,3855,3774,3842,3913,3909,3890,3926,3882,3918,3866
10158,"Rental",2,3866,3409,3400,3459,3447,3487,3455,3455,3398,3451,3517,3539,3557,3554,3566,3599,3591,3549,3528,3546,3544,3571,3597,3596,3583,3657,3659,3642,3630,3618,3635,3627,3639,3609,3695,3856,3877,3857,3855,3837,3841,3903,3926,3919,3928,3870,3880,3868,3940,3951,3918,3890,3872,3890,3928,3938,3910,3832,3828,3781,3836,3840,3830,3848,3773,3836,3914,3914,3892,3929,3884,3908,3869
10162,"Rental",2,3866,3416,3399,3449,3448,3483,3457,3447,3405,3447,3525,3549,3555,3560,3570,3607,3595,3553,3533,3542,3549,3557,3602,3592,3587,3654,3661,3639,3631,3616,3645,3623,3626,3605,3691,3859,3871,3853,3849,3843,3838,3908,3920,3923,3939,3868,3879,3869,3935,3941,3928,3889,3873,3885,3929,3932,3921,3831,3820,3786,3831,3843,3830,3851,3774,3850,3907,3914,3888,3925,3896,3913,3868
10165,"Rental",2,3874,3416,3410,3450,3445,3488,3459,3457,3403,3449,3517,3537,3557,3554,3578,3598,3587,3555,3536,3545,3556,3561,3597,3587,3592,3648,3661,3640,3631,3617,3646,3627,3634,3605,3688,3861,3882,3843,3843,3839,3841,3911,3921,3926,3941,3865,3867,3869,3948,3943,3927,3885,3886,3886,3923,3930,3916,3836,3826,3785,3836,3836,3835,3861,3784,3848,3911,3908,3897,3940,3896,3910,3868
10166,"Rental",2,3872,3421,3401,3461,3438,3479,3453,3455,3403,3445,3515,3538,3556,3557,3575,3599,3589,3564,3527,3541,3558,3558,3611,3600,3585,3655,3656,3632,3634,3617,3633,3626,3634,3611,3696,3857,3875,3850,3854,3834,3847,3909,3921,3922,3930,3875,3873,3871,3945,3951,3930,3890,3872,3894,3927,3931,3919,3840,3829,3789,3834,3835,3831,3850,3784,3838,3902,3914,3901,3937,3891,3908,3878
10167,"Rental",2,3872,3410,3400,3450,3436,3484,3455,3454,3401,3446,3526,3548,3567,3563,3579,3600,3598,3550,3537,3549,3546,3566,3600,3595,3595,3652,3663,3644,3642,3628,3635,3627,3626,3609,3689,3862,3875,3854,3852,3839,3849,3907,3912,3920,3930,3873,3866,3871,3947,3940,3920,3887,3885,3895,3934,3939,3924,3843,3826,3790,3826,3836,3827,3854,3785,3837,3907,3918,3901,3938,3882,3908,3868
10168,"Rental",2,3876,3413,3398,3452,3441,3487,3463,3459,3405,3438,3513,3537,3563,3568,3577,3604,3598,3550,3534,3539,3552,3559,3611,3590,3581,3649,3652,3643,3636,3618,3648,3622,3627,3611,3700,3866,3870,3851,3857,3847,3847,3918,3926,3914,3938,3868,3870,3870,3949,3939,3930,3880,3883,3890,3924,3940,3912,3832,3831,3781,3835,3846,3832,3850,3780,3846,3915,3910,3891,3933,3890,3919,3879
10169,"Rental",2,3879,3413,3403,3455,3445,3477,3456,3451,3400,3441,3512,3539,3569,3564,3570,3607,3597,3553,3527,3552,3554,3569,3611,3592,3589,3655,3661,3639,3643,3627,3643,3635,3639,3615,3702,3868,3883,3846,3851,3846,3843,3916,3916,3917,3935,3872,3869,3862,3946,3942,3929,3876,3872,3894,3928,3931,3913,3833,3829,3783,3830,3834,3828,3860,3779,3846,3914,3904,3889,3929,3891,3917,3877
10170,"Rental",2,3878,3422,3399,3463,3449,3480,3456,3451,3397,3441,3521,3541,3563,3561,3570,3593,3588,3558,3528,3544,3558,3569,3603,3587,3584,3652,3663,3636,3634,3624,3638,3631,3630,3615,3696,3863,3870,3851,3845,3839,3850,3905,3919,3918,3938,3877,3873,3869,3942,3938,3930,3878,3875,3886,3932,3939,3925,3842,3824,3789,3837,3836,3833,3856,3774,3846,3902,3904,3888,3935,3892,3908,3871
10171,"Rental",2,3878,3417,3398,3458,3447,3486,3453,3453,3403,3440,3526,3538,3561,3564,3568,3608,3596,3550,3529,3545,3558,3565,3610,3601,3589,3655,3651,3635,3637,3627,3647,3625,3633,3614,3694,3864,3881,3852,3847,3834,3843,3916,3915,3922,3934,3872,3876,3875,3941,3941,3931,3884,3876,3892,3931,3940,3921,3843,3818,3784,3838,3836,3828,3857,3781,3842,3903,3910,3901,3940,3883,3914,3876
10172,"Rental",2,3878,3418,3405,3462,3450,3484,3450,3459,3396,3450,3517,3548,3565,3559,3565,3596,3595,3551,3538,3546,3547,3568,3608,3599,3581,3656,3661,3641,3635,3618,3646,3630,3632,3608,3699,3861,3883,3851,3846,3842,3846,3910,3918,3927,3933,3874,3878,3865,3947,3951,3922,3888,3877,3890,3931,3936,3921,3835,3824,3783,3831,3842,3837,3853,3771,3837,3912,3905,3895,3939,3893,3912,3871
10173,"Rental",2,3869,3414,3412,3449,3439,3489,3454,3452,3407,3445,3518,3542,3564,3556,3573,3606,3592,3562,3535,3554,3550,3564,3602,3594,3590,3648,3650,3644,3634,3619,3648,3630,3634,3614,3688,3864,3876,3850,3850,3840,3838,3913,3918,3919,3937,3879,3874,3866,3946,3949,3921,3881,3872,3899,3932,3941,3920,3832,3819,3777,3834,3845,3826,3860,3786,3837,3914,3918,3900,3928,3887,3923,3879
10174,"Rental",2,3875,3416,3398,3453,3438,3490,3452,3460,3404,3441,3521,3538,3562,3561,3575,3600,3590,3564,3535,3544,3550,3568,3604,3592,3590,3655,3656,3641,3633,3629,3637,3631,3628,3613,3701,3859,3880,3854,3852,3843,3850,3915,3921,3918,3942,3867,3873,3861,3946,3942,3919,3880,3875,3893,3923,3928,3916,3841,3819,3791,3837,3838,3830,3858,3783,3838,3911,3915,3891,3937,3883,3918,3869
10175,"Rental",2,3879,3421,3411,3456,3448,3484,3457,3454,3400,3451,3525,3545,3557,3568,3570,3602,3589,3560,3529,3543,3548,3568,3598,3589,3592,3648,3655,3645,3641,3628,3647,3634,3628,3608,3701,3870,3871,3856,3851,3841,3838,3915,3915,3914,3936,3879,3874,3868,3950,3950,3924,3890,3873,3899,3926,3941,3912,3837,3821,3777,3835,3845,3826,3857,3786,3852,3914,3909,3899,3939,3894,3912,3881
10176,"Rental",2,3873,3412,3412,3455,3438,3480,3460,3452,3398,3446,3524,3551,3571,3559,3572,3598,3599,3556,3528,3551,3551,3565,3607,3593,3591,3656,3665,3635,3636,3625,3636,3628,3637,3607,3688,3866,3876,3857,3849,3834,3838,3909,3927,3924,3934,3869,3868,3865,3950,3939,3926,3889,3887,3888,3928,3940,3921,3833,3823,3782,3830,3847,3832,3850,3784,3847,3912,3911,3896,3933,3888,3920,3870
10177,"Rental",2,3879,3422,3403,3460,3441,3482,3449,3448,3410,3440,3520,3547,3570,3566,3573,3594,3600,3550,3528,3549,3560,3562,3598,3600,3587,3658,3654,3633,3640,3618,3649,3633,3639,3614,3694,3867,3876,3859,3852,3838,3847,3916,3917,3919,3939,3873,3881,3872,3942,3939,3929,3878,3876,3890,3922,3935,3912,3844,3820,3778,3840,3839,3829,3858,3783,3841,3904,3914,3897,3929,3886,3918,3874
10178,"Rental",2,3877,3410,3400,3461,3448,3487,3460,3457,3399,3445,3525,3540,3562,3557,3567,3602,3601,3563,3527,3549,3552,3573,3599,3598,3590,3649,3659,3643,3638,3622,3642,3636,3635,3605,3690,3865,3873,3858,3848,3837,3842,3905,3922,3923,3931,3877,3868,3869,3943,3941,3925,3889,3878,3894,3922,3937,3921,3845,3819,3784,3835,3842,3836,3863,3780,3841,3908,3915,3899,3931,3884,3922,3871
10196,"Rental",2,3881,3421,3411,3461,3450,3489,3456,3452,3401,3448,3516,3543,3562,3556,3579,3606,3591,3557,3528,3549,3549,3564,3600,3601,3590,3660,3656,3641,3642,3631,3642,3635,3634,3609,3695,3870,3883,3855,3847,3842,3840,3916,3926,3927,3935,3871,3869,3863,3942,3945,3923,3890,3884,3896,3922,3939,3924,3841,3833,3789,3828,3846,3826,3859,3781,3838,3913,3915,3902,3932,3883,3910,3874
10203,"Rental",2,3869,3417,3401,3463,3451,3492,3461,3455,3404,3449,3524,3551,3568,3561,3575,3597,3594,3551,3527,3546,3558,3559,3606,3596,3591,3652,3664,3638,3638,3620,3639,3626,3635,3611,3693,3862,3875,3848,3846,3841,3837,3905,3917,3927,3932,3868,3880,3863,3938,3951,3923,3884,3876,3896,3923,3934,3923,3844,3830,3788,3839,3847,3827,3850,3783,3843,3905,3914,3899,3937,3897,3920,3869
10259,"Rental",2,3872,3423,3406,3462,3438,3486,3453,3460,3408,3445,3524,3548,3561,3565,3580,3604,3587,3558,3531,3549,3560,3559,3604,3596,3590,3650,3657,3640,3644,3630,3646,3629,3629,3618,3689,3862,3880,3854,3854,3839,3843,3919,3921,3926,3936,3868,3873,3874,3938,3949,3921,3877,3881,3890,3931,3929,3924,3838,3828,3780,3841,3835,3836,3851,3773,3841,3909,3906,3897,3937,3893,3923,3877
10260,"Rental",2,3880,3418,3412,3462,3443,3490,3452,3458,3408,3450,3521,3542,3559,3569,3571,3607,3592,3551,3529,3547,3551,3560,3600,3598,3586,3662,3663,3634,3646,3627,3640,3628,3640,3608,3701,3858,3881,3846,3849,3843,3845,3914,3918,3922,3933,3880,3871,3865,3940,3944,3921,3878,3884,3892,3936,3937,3913,3837,3821,3781,3827,3839,3837,3859,3780,3843,3915,3910,3898,3927,3885,3914,3878
10265,"Rental",2,3879,3417,3400,3455,3449,3478,3452,3461,3402,3449,3514,3546,3564,3567,3578,3599,3596,3552,3538,3547,3546,3565,3608,3596,3596,3663,3658,3633,3641,3624,3639,3635,3634,3617,3688,3865,3882,3854,3855,3835,3843,3910,3922,3926,3932,3871,3872,3868,3937,3942,3923,3882,3880,3897,3934,3933,3918,3833,3821,3786,3831,3844,3828,3854,3782,3848,3907,3908,3893,3927,3892,3920,3869
10270,"Rental",2,3880,3423,3408,3459,3450,3487,3451,3456,3410,3443,3525,3544,3562,3563,3577,3596,3599,3558,3533,3551,3553,3563,3607,3591,3583,3650,3652,3634,3645,3629,3640,3624,3641,3620,3700,3860,3885,3858,3850,3837,3850,3912,3927,3918,3937,3868,3868,3869,3939,3946,3921,3890,3884,3897,3922,3931,3917,3844,3822,3782,3836,3847,3829,3860,3780,3840,3914,3910,3901,3930,3883,3924,3879
10271,"Rental",2,3868,3422,3399,3460,3441,3478,3464,3460,3410,3445,3518,3549,3564,3565,3568,3597,3594,3564,3528,3548,3555,3569,3599,3588,3594,3652,3660,3637,3634,3629,3649,3632,3638,3620,3697,3870,3880,3851,3857,3840,3847,3913,3922,3921,3941,3875,3869,3871,3939,3947,3926,3886,3873,3900,3927,3928,3912,3844,3827,3780,3829,3847,3838,3853,3780,3838,3918,3909,3891,3932,3887,3912,3880
10275,"Rental",2,3867,3423,3405,3461,3441,3486,3459,3447,3400,3449,3519,3538,3563,3562,3574,3605,3601,3560,3528,3541,3559,3569,3610,3588,3586,3653,3658,3643,3636,3631,3640,3635,3631,3610,3691,3862,3881,3859,3850,3848,3845,3916,3919,3921,3944,3866,3868,3874,3946,3954,3928,3891,3882,3896,3934,3934,3914,3844,3826,3789,3836,3833,3832,3851,3778,3852,3912,3907,3899,3939,3886,3911,3874
10278,"Rental",2,3878,3416,3413,3458,3439,3485,3464,3450,3400,3452,3518,3548,3567,3559,3580,3609,3590,3552,3542,3555,3546,3560,3604,3588,3590,3660,3657,3638,3641,3626,3644,3624,3632,3616,3692,3868,3884,3853,3845,3840,3851,3909,3927,3918,3944,3873,3878,3873,3943,3953,3920,3884,3879,3890,3936,3939,3923,3843,3832,3791,3840,3834,3828,3855,3784,3843,3915,3907,3891,3933,3885,3919,3871
10279,"Rental",2,3869,3419,3402,3459,3440,3491,3461,3451,3404,3453,3524,3548,3564,3558,3570,3598,3592,3564,3527,3555,3557,3569,3610,3593,3596,3652,3666,3642,3633,3627,3647,3632,3635,3606,3690,3860,3873,3859,3849,3843,3837,3909,3916,3928,3935,3867,3870,3863,3942,3948,3933,3892,3886,3895,3935,3932,3925,3846,3832,3785,3839,3837,3834,3858,3778,3845,3913,3907,3894,3937,3888,3919,3880
10280,"Rental",2,4151,3729,3803,3984,3824,3739,4060,4038,3938,3994,3824,3982,3921,3984,4017,4216,4143,3955,3829,3858,3772,3758,3761,3685,3635,3889,3878,3825,3867,3807,3887,3901,4007,3970,3982,4174,4199,4050,4014,4315,4413,4336,4421,4540,4256,3901,4105,4173,4189,4117,3897,3823,4047,4167,4147,4353,4408,4103,4185,4221,4142,4499,4147,4095,4383,4087,4248,4132,4001,4036,4083,3997,4101
10281,"Rental",2,3868,3423,3406,3458,3448,3489,3451,3448,3409,3441,3528,3547,3565,3568,3567,3609,3592,3559,3539,3544,3548,3566,3599,3600,3593,3650,3656,3637,3643,3629,3639,3637,3631,3619,3701,3869,3883,3857,3845,3844,3849,3915,3916,3915,3931,3871,3870,3871,3944,3953,3922,3886,3875,3888,3927,3940,3915,3839,3825,3782,3833,3842,3832,3864,3775,3849,3912,3906,3891,3935,3884,3910,3874
10282,"Rental",2,6485,5200,5195,5100,5100,5395,5500,5600,5695,5800,5972.5,6000,6000,6000,6025,6000,6000,6000,6175,6162.5,6195,6295,6295,6330,6250,6195,6250,6300,6395,6395,6400,6497.5,6500,6500,6550,6600,6639.5,6547.5,6445,6350,6350,6495,6500,6500,6495,6500,6595,6750,6600,6600,6595,6495,6500,6495,6400,6340,6372.5,6372.5,6372.5,6390,6395,6300,6300,6395,6275,6500,6500,6500,6597.5,6555,6600,6700,6595
10285,"Rental",2,3883,3423,3401,3460,3437,3491,3462,3457,3398,3449,3529,3548,3564,3561,3580,3603,3595,3560,3539,3545,3550,3565,3613,3601,3585,3660,3660,3636,3635,3628,3637,3636,3639,3618,3697,3864,3877,3854,3851,3842,3839,3913,3921,3922,3944,3878,3875,3876,3941,3943,3924,3880,3882,3890,3925,3935,3921,3841,3820,3793,3833,3834,3830,3861,3778,3843,3914,3918,3899,3933,3897,3922,3880
10286,"Rental",2,3877,3423,3409,3462,3451,3484,3464,3459,3410,3442,3529,3549,3561,3560,3578,3604,3598,3561,3539,3550,3548,3563,3609,3591,3590,3655,3660,3639,3637,3624,3637,3632,3629,3606,3704,3858,3874,3857,3857,3842,3850,3907,3927,3925,3937,3879,3877,3871,3940,3952,3922,3881,3884,3900,3929,3940,3916,3839,3826,3789,3831,3843,3838,3851,3774,3847,3912,3920,3904,3940,3892,3910,3880
10301,"Rental",2,1873,1415,1417,1460,1456,1483,1459,1456,1409,1454,1524,1550,1563,1569,1579,1602,1605,1566,1537,1552,1553,1565,1601,1597,1589,1657,1658,1646,1638,1632,1650,1629,1635,1617,1702,1873,1883,1860,1859,1854,1854,1922,1923,1922,1945,1874,1883,1866,1941,1946,1928,1889,1881,1902,1927,1933,1921,1839,1829,1783,1832,1850,1837,1857,1783,1847,1909,1909,1899,1937,1893,1924,1885
10302,"Rental",2,1874,1428,1415,1457,1444,1489,1470,1467,1415,1452,1532,1555,1573,1569,1576,1615,1595,1568,1545,1549,1556,1568,1607,1590,1588,1664,1656,1635,1645,1631,1641,1638,1636,1611,1693,1864,1875,1862,1859,1846,1845,1918,1929,1927,1938,1881,1880,1869,1946,1952,1933,1879,1888,1900,1930,1938,1932,1845,1838,1788,1840,1853,1831,1858,1780,1842,1913,1918,1903,1941,1894,1918,1872
10303,"Rental",2,1901,1440,1433,1478,1471,1504,1486,1482,1432,1473,1543,1574,1593,1593,1597,1632,1621,1579,1560,1574,1586,1603,1641,1625,1613,1685,1693,1666,1675,1660,1676,1663,1671,1644,1722,1897,1908,1886,1878,1870,1872,1939,1959,1957,1960,1907,1910,1894,1977,1978,1945,1914,1907,1918,1957,1970,1949,1868,1851,1815,1870,1872,1867,1886,1808,1869,1933,1939,1923,1965,1912,1944,1911
10304,"Rental",2,2201,1742,1722,1786,1758,1808,1789,1784,1735,1775,1847,1879,1897,1898,1900,1930,1925,1893,1870,1880,1887,1903,1934,1916,1919,1981,1985,1967,1973,1953,1980,1959,1966,1949,2023,2197,2205,2178,2179,2174,2176,2236,2253,2260,2272,2206,2207,2200,2274,2272,2253,2203,2214,2221,2251,2270,2244,2171,2152,2119,2167,2166,2153,2185,2107,2181,2236,2237,2219,2264,2212,2245,2203
10305,"Rental",2,1906,1434,1424,1472,1466,1512,1483,1480,1431,1471,1547,1566,1586,1587,1602,1631,1620,1582,1567,1571,1581,1599,1635,1623,1614,1679,1682,1663,1662,1652,1668,1657,1671,1644,1730,1888,1915,1882,1879,1876,1879,1941,1949,1946,1971,1892,1904,1908,1967,1974,1949,1903,1905,1928,1962,1966,1949,1866,1861,1809,1859,1869,1859,1892,1809,1878,1939,1937,1917,1961,1923,1947,1906
10306,"Rental",2,1902,1435,1428,1474,1463,1509,1490,1486,1437,1481,1544,1578,1596,1584,1607,1634,1625,1579,1570,1582,1585,1597,1635,1621,1623,1687,1692,1663,1671,1658,1665,1664,1674,1637,1733,1896,1914,1881,1875,1866,1875,1950,1955,1951,1972,1892,1906,1897,1971,1970,1954,1914,1914,1925,1960,1956,1952,1861,1857,1808,1859,1876,1859,1878,1815,1873,1937,1947,1931,1963,1925,1941,1898
10307,"Rental",2,1896,1433,1434,1485,1460,1503,1481,1480,1437,1468,1542,1572,1596,1590,1602,1625,1630,1592,1570,1572,1580,1600,1634,1622,1618,1681,1687,1664,1670,1656,1669,1654,1665,1642,1729,1898,1912,1881,1878,1873,1882,1945,1958,1958,1966,1901,1905,1901,1965,1975,1947,1903,1911,1929,1955,1965,1945,1860,1859,1822,1863,1875,1861,1881,1803,1875,1941,1935,1919,1957,1919,1944,1903
10308,"Rental",2,1898,1437,1423,1479,1469,1508,1480,1477,1428,1480,1546,1579,1599,1595,1608,1625,1630,1591,1556,1578,1578,1593,1636,1623,1619,1676,1688,1666,1662,1656,1670,1658,1662,1651,1731,1899,1907,1880,1880,1865,1878,1939,1955,1950,1966,1897,1899,1898,1967,1973,1946,1910,1904,1919,1963,1961,1955,1871,1852,1821,1867,1874,1856,1880,1815,1873,1934,1937,1918,1959,1924,1946,1906
10309,"Rental",2,1902,1432,1431,1472,1463,1500,1484,1482,1434,1477,1545,1580,1592,1585,1597,1634,1625,1592,1557,1571,1580,1597,1632,1626,1623,1683,1681,1661,1670,1659,1666,1666,1667,1644,1727,1900,1904,1883,1876,1876,1870,1949,1949,1950,1969,1897,1897,1902,1975,1981,1957,1903,1907,1928,1958,1963,1947,1864,1857,1812,1861,1870,1857,1880,1814,1874,1936,1945,1920,1963,1922,1940,1911
10310,"Rental",2,1911,1437,1425,1472,1462,1514,1486,1479,1436,1471,1544,1572,1596,1599,1603,1637,1623,1582,1559,1576,1581,1591,1630,1629,1618,1676,1691,1669,1667,1655,1675,1655,1660,1638,1724,1897,1915,1880,1886,1865,1871,1945,1955,1952,1959,1896,1911,1905,1974,1980,1957,1912,1913,1922,1963,1959,1942,1868,1848,1818,1859,1876,1854,1884,1806,1875,1934,1933,1917,1964,1925,1944,1909
10312,"Rental",2,1901,1442,1430,1477,1459,1505,1480,1478,1430,1474,1555,1579,1594,1597,1605,1629,1618,1580,1563,1576,1576,1602,1634,1619,1620,1690,1680,1664,1664,1654,1676,1660,1666,1646,1722,1891,1903,1876,1885,1869,1882,1948,1951,1959,1960,1901,1908,1896,1967,1970,1957,1910,1906,1925,1953,1956,1946,1863,1858,1822,1857,1868,1867,1885,1814,1877,1946,1945,1917,1954,1921,1942,1898
10314,"Rental",2,1910,1440,1432,1477,1469,1510,1486,1487,1428,1475,1544,1567,1591,1587,1601,1634,1622,1584,1557,1584,1585,1597,1629,1616,1611,1681,1683,1662,1674,1660,1665,1662,1661,1637,1723,1892,1903,1874,1873,1875,1876,1950,1945,1960,1972,1898,1906,1908,1966,1971,1955,1915,1913,1915,1951,1966,1948,1867,1851,1815,1864,1872,1861,1881,1805,1877,1943,1946,1920,1961,1918,1945,1907
10451,"Rental",2,2196,1745,1735,1783,1769,1814,1777,1786,1740,1776,1855,1871,1888,1885,1895,1931,1926,1885,1870,1884,1886,1902,1927,1925,1920,1983,1993,1974,1965,1958,1971,1957,1971,1952,2027,2200,2204,2179,2173,2176,2171,2241,2258,2252,2269,2197,2204,2204,2268,2274,2257,2214,2206,2218,2252,2270,2245,2171,2149,2120,2169,2167,2165,2189,2118,2178,2244,2244,2224,2267,2214,2251,2198
10452,"Rental",2,1863,1418,1400,1417,1414,1415,1450,1463,1477,1477,1453,1485,1504,1539,1487,1489,1523,1549,1485,1539,1476,1485,1538,1573,1598,1561,1620,1590,1593,1563,1564,1635,1643,1603,1660,1663,1669,1737,1655,1657,1741,1686,1664,1656,1710,1690,1662,1703,1791,1740,1719,1770,1753,1746,1838,1845,1845,1765,1829,1818,1845,1883,1818,1865,1786,1832,1932,1886,1896,1867,1861,1856,1869
10453,"Rental",2,1710,1455,1444,1455,1445,1390,1375,1412,1395,1468,1439,1402,1484,1473,1455,1519,1496,1483,1414,1496,1573,1544,1540,1458,1571,1400,1400,1450,1400,1475,1425,1475,1475,1450,1450,1475,1475,1400,1475,1400,1450,1450,1450,1500,1500,1500,1500,1500,1475,1500,1550,1595,1566,1595,1600,1600,1595,1600,1700,1850,1600,1650,1695,1600,1650,1650,1650,1750,1700,1775,1750,1800,1850
10454,"Rental",2,2200,1746,1722,1777,1764,1811,1780,1778,1738,1772,1856,1879,1900,1894,1910,1925,1918,1890,1857,1878,1876,1903,1936,1925,1915,1985,1993,1965,1973,1957,1968,1965,1960,1943,2022,2201,2206,2181,2187,2179,2183,2238,2256,2250,2268,2200,2207,2206,2272,2270,2250,2215,2205,2223,2257,2259,2247,2172,2154,2109,2163,2166,2164,2190,2114,2169,2239,2236,2221,2263,2214,2243,2198
10455,"Rental",2,2199,1746,1730,1777,1762,1814,1782,1778,1726,1773,1849,1877,1892,1887,1899,1935,1923,1886,1870,1872,1882,1902,1935,1930,1910,1984,1981,1961,1962,1949,1972,1964,1964,1949,2031,2200,2205,2189,2186,2170,2177,2236,2248,2261,2259,2201,2207,2202,2271,2280,2256,2204,2211,2219,2260,2267,2249,2171,2155,2116,2167,2167,2160,2186,2104,2176,2245,2245,2225,2262,2224,2244,2211
10456,"Rental",2,1821,1455,1492,1427,1428,1504,1484,1419,1496,1510,1404,1471,1461,1515,1498,1596,1461,1473,1433,1457,1644,1506,1545,1637,1604,1622,1582,1657,1624,1646,1628,1674,1651,1567,1665,1743,1755,1683,1742,1712,1730,1768,1806,1772,1776,1726,1752,1820,1883,1819,1821,1728,1813,1855,1906,1903,1910,1805,1770,1769,1819,1834,1783,1831,1710,1866,1819,1769,1771,1781,1894,1928,1868
10457,"Rental",2,1710,1300,1300,1300,1280,1300,1300,1300,1300,1300,1300,1300,1300,1300,1350,1372.5,1300,1300,1325,1425,1400,1300,1275,1275,1400,1400,1400,1437.5,1425,1400,1392.5,1392.5,1390,1390,1400,1390,1400,1350,1435,1435,1450,1435,1400,1400,1495,1475,1500,1500,1600,1590,1500,1500,1500,1500,1600,1600,1600,1592,1600,1525,1600,1612.5,1595,1700,1600,1687.5,1700,1700,1725,1799,1800,1800,1800
10458,"Rental",2,1661,1275,1300,1350,1350,1350,1350,1350,1300,1300,1350,1300,1300,1300,1300,1300,1300,1395,1400,1397.5,1350,1400,1400,1400,1400,1400,1400,1400,1350,1350,1350,1400,1365,1357,1400,1400,1400,1400,1425,1485,1435,1500,1500,1482.5,1500,1500,1500,1500,1500,1500,1550,1550,1600,1600,1600,1600,1550,1550,1550,1573,1600,1600,1600,1625,1650,1697,1650,1650,1697.5,1691,1675,1700,1700
10459,"Rental",2,2168,1704,1693,1741,1730,1769,1755,1745,1693,1748,1810,1839,1858,1857,1865,1892,1885,1853,1828,1843,1844,1862,1892,1893,1883,1947,1943,1934,1934,1924,1942,1923,1930,1915,1984,2159,2175,2150,2138,2127,2140,2198,2218,2214,2231,2163,2169,2162,2235,2241,2207,2166,2171,2185,2223,2226,2210,2136,2115,2081,2122,2130,2118,2147,2080,2133,2210,2202,2182,2227,2191,2210,2167
10460,"Rental",2,2162,1706,1694,1743,1724,1769,1755,1754,1699,1741,1810,1844,1862,1863,1874,1892,1895,1853,1832,1849,1843,1858,1897,1887,1876,1942,1947,1937,1928,1921,1935,1934,1934,1905,1988,2163,2176,2150,2148,2126,2132,2201,2211,2216,2229,2163,2172,2163,2231,2233,2219,2174,2168,2182,2216,2228,2206,2128,2128,2076,2129,2133,2121,2144,2074,2141,2211,2209,2189,2226,2181,2205,2178
10461,"Rental",2,1812,1400,1400,1400,1400,1400,1400,1450,1500,1750,1750,1650,1450,1450,1450,1425,1450,1450,1450,1450,1450,1450,1500,1550,1571,1600,1600,1600,1650,1650,1600,1595,1600,1637.5,1600,1550,1562.5,1550,1575,1550,1550,1595,1600,1600,1600,1600,1620,1620,1600,1600,1700,1700,1700,1650,1650,1700,1650,1700,1800,1700,1700,1700,1800,1800,1775,1775,1800,1900,1900,1850,1850,1800,1800
10462,"Rental",2,1755,1400,1400,1400,1400,1450,1400,1387.5,1375,1350,1400,1462.5,1450,1450,1400,1375,1400,1400,1400,1450,1450,1500,1500,1473,1473,1500,1437.5,1500,1500,1500,1500,1500,1500,1548,1600,1598,1600,1650,1625,1550,1500,1500,1535,1547.5,1595,1547.5,1575,1600,1600,1600,1598,1600,1600,1650,1625,1650,1725,1600,1662.5,1699,1650,1750,1775,1741,1750,1700,1700,1700,1750,1800,1800,1799.5,1800
10463,"Rental",2,2325,1700,1700,1700,1750,1725,1750,1800,1980,1900,1850,1800,1800,1850,2000,1980,2095,2095,2120,2000,2100,2107.5,2125,2125,2200,2295,2200,2050,2000,1975,1870,1850,1800,1943,2100,2200,2100,2150,2100,2100,2100,2100,2000,2000,2000,2200,2200,2100,2100,2275,2300,2200,2189,2150,2150,2150,2300,2300,2200,2200,2017,2177.5,2225,2300,2200,2300,2300,2347.5,2300,2300,2437.5,2550,2462.5
10464,"Rental",2,2123,1653,1645,1695,1680,1725,1705,1695,1644,1689,1770,1788,1802,1811,1822,1847,1835,1800,1782,1800,1806,1807,1840,1837,1827,1903,1902,1888,1886,1870,1887,1871,1884,1860,1941,2106,2115,2087,2084,2073,2080,2143,2162,2163,2168,2104,2104,2108,2173,2188,2165,2118,2114,2137,2171,2168,2162,2081,2076,2026,2073,2090,2073,2107,2023,2089,2159,2153,2137,2175,2129,2159,2123
10465,"Rental",2,2378,1791,1715,1762,1814,1821,1769,1814,2061,1978,1878,1864,1803,1929,2092,2022,2109,2154,2203,2100,2144,2128,2210,2170,2242,2342,2288,2062,2038,1982,1893,1905,1825,1969,2188,2282,2181,2164,2138,2145,2115,2147,2077,2060,2011,2205,2211,2140,2147,2365,2358,2238,2236,2240,2171,2242,2368,2397,2294,2235,2017,2276,2225,2324,2212,2301,2396,2428,2386,2324,2499,2626,2542
10466,"Rental",2,1728,1465,1447,1499,1411,1435,1398,1442,1400,1481,1440,1425,1453,1426,1477,1394,1496,1465,1422,1491,1473,1518,1553,1542,1563,1587,1565,1531,1533,1544,1537,1506,1502,1527,1509,1466,1523,1549,1526,1523,1549,1531,1582,1540,1516,1525,1564,1610,1515,1555,1648,1626,1546,1629,1564,1666,1665,1601,1650,1625,1619,1714,1700,1651,1768,1678,1708,1746,1750,1783,1737,1751,1754
10467,"Rental",2,1686,1400,1400,1400,1400,1400,1395,1400,1395,1400,1400,1400,1450,1400,1450,1380,1475,1450,1400,1450,1450,1450,1500,1500,1500,1492.5,1495,1450,1450,1450,1450,1450,1450,1495,1425,1450,1450,1450,1440,1475,1500,1500,1500,1500,1500,1500,1500,1550,1500,1500,1550,1550,1500,1550,1550,1575,1600,1600,1592,1600,1595,1650,1650,1650.5,1695,1650,1650,1695,1695,1695,1700,1750,1750
10468,"Rental",2,1665,1350,1350,1350,1350,1350,1350,1350,1350,1350,1350,1350,1350,1350,1350,1395,1350,1395,1395,1385,1395,1399,1395,1350,1350,1395,1400,1450,1450,1412.5,1400,1400,1425,1500,1500,1514,1450,1499,1485,1475,1475,1450,1450,1450,1450,1495,1495,1550,1525,1550,1600,1650,1650,1650,1600,1600,1500,1525,1600,1625,1575,1600,1500,1600,1575,1612.5,1695,1650,1650,1750,1800,1800,1750
10469,"Rental",2,2082,1614,1605,1646,1633,1679,1651,1663,1610,1649,1726,1745,1767,1767,1768,1803,1789,1754,1744,1743,1756,1763,1807,1792,1796,1853,1862,1832,1833,1831,1846,1830,1834,1823,1898,2047,2071,2042,2046,2030,2040,2100,2104,2114,2118,2054,2062,2068,2137,2137,2111,2081,2080,2090,2127,2122,2115,2034,2026,1989,2035,2035,2028,2051,1978,2048,2109,2109,2098,2127,2087,2114,2080
10470,"Rental",2,2069,1605,1593,1640,1634,1663,1639,1644,1604,1639,1716,1730,1743,1745,1767,1788,1782,1747,1726,1744,1741,1765,1802,1784,1789,1847,1840,1825,1821,1820,1825,1826,1821,1811,1888,2050,2058,2033,2021,2023,2022,2088,2088,2092,2104,2051,2049,2052,2114,2125,2103,2062,2060,2072,2108,2119,2108,2021,2023,1983,2018,2036,2021,2041,1980,2041,2106,2107,2091,2115,2083,2104,2065
10471,"Rental",2,1706,1100,1041,1103,1068,1065,1080,1044,1125,1136,1113,1136,1163,1052,1150,1173,1115,1184,1112,1203,1228,1232,1294,1132,1271,1160,1278,1210,1272,1282,1229,1265,1205,1233,1240,1391,1353,1357,1300,1256,1245,1357,1296,1351,1388,1354,1401,1413,1343,1350,1417,1542,1445,1401,1419,1507,1424,1444,1493,1605,1613,1604,1708,1746,1778,1678,1691,1646,1639,1674,1717,1836,1750
10472,"Rental",2,1428,1030,967,1031,1063,1027,1019,1010,1140,1039,1050,1064,1019,1010,1079,1105,1113,1098,1096,1150,1213,1196,1231,1078,1179,1092,1249,1188,1137,1220,1197,1142,1162,1169,1183,1198,1242,1263,1225,1264,1299,1263,1250,1264,1259,1251,1265,1324,1293,1348,1291,1310,1269,1349,1347,1392,1384,1466,1431,1446,1412,1443,1462,1399,1406,1369,1423,1444,1428,1413,1459,1476,1418
10473,"Rental",2,2015,1567,1552,1594,1577,1621,1607,1599,1566,1607,1662,1686,1698,1700,1710,1737,1734,1697,1684,1702,1703,1712,1752,1733,1733,1800,1806,1778,1781,1767,1782,1772,1780,1756,1842,1996,1998,1981,1975,1967,1972,2031,2040,2047,2060,2004,2011,2008,2075,2078,2055,2008,2019,2019,2061,2069,2050,1973,1967,1931,1975,1992,1977,2000,1925,1984,2051,2059,2034,2082,2032,2059,2027
10474,"Rental",2,2022,1569,1556,1595,1589,1631,1597,1601,1564,1606,1664,1684,1700,1698,1713,1747,1740,1700,1685,1692,1707,1717,1745,1737,1739,1798,1796,1784,1789,1765,1787,1778,1780,1765,1838,1987,2001,1983,1972,1964,1977,2031,2048,2048,2064,2004,2001,2002,2068,2069,2051,2012,2015,2028,2066,2073,2059,1985,1975,1925,1973,1979,1972,2006,1929,1991,2050,2054,2046,2080,2043,2070,2025
10475,"Rental",2,2020,1568,1545,1601,1591,1626,1600,1603,1564,1604,1668,1690,1700,1704,1720,1742,1744,1707,1687,1692,1696,1719,1747,1745,1740,1797,1806,1778,1782,1768,1782,1779,1783,1754,1845,1991,2000,1986,1975,1973,1978,2035,2040,2046,2055,2006,2008,2003,2074,2077,2049,2023,2015,2023,2061,2072,2051,1981,1969,1940,1977,1987,1975,1997,1933,1989,2051,2058,2044,2077,2043,2064,2033
11001,"Rental",2,2002,1540,1541,1581,1572,1611,1590,1583,1541,1579,1647,1678,1687,1682,1703,1731,1729,1683,1673,1679,1682,1703,1730,1723,1726,1778,1778,1761,1766,1756,1768,1754,1768,1744,1829,1976,1991,1957,1969,1954,1960,2018,2021,2025,2038,1989,1987,1985,2056,2049,2037,1993,2003,2004,2042,2057,2032,1969,1952,1920,1957,1972,1959,1983,1922,1971,2030,2042,2022,2055,2022,2050,2020
11004,"Rental",2,1995,1527,1514,1561,1552,1594,1574,1566,1525,1568,1633,1651,1676,1678,1686,1710,1710,1672,1644,1672,1672,1685,1724,1715,1706,1771,1771,1749,1755,1737,1745,1739,1749,1724,1807,1957,1969,1951,1950,1941,1938,2003,2003,2006,2022,1965,1965,1970,2037,2044,2015,1976,1984,1986,2027,2038,2027,1945,1935,1901,1943,1962,1939,1972,1900,1957,2022,2023,2001,2045,2013,2035,1997
11005,"Rental",2,1991,1526,1524,1570,1552,1596,1575,1572,1537,1572,1635,1658,1674,1671,1681,1716,1706,1665,1657,1662,1671,1687,1720,1710,1714,1766,1769,1745,1746,1739,1752,1738,1746,1730,1800,1964,1965,1949,1943,1937,1947,2001,2005,2007,2020,1961,1973,1973,2033,2039,2028,1975,1985,1997,2026,2039,2018,1950,1933,1897,1940,1956,1944,1975,1897,1960,2019,2025,2008,2038,2012,2034,1990
11040,"Rental",2,1996,1532,1522,1573,1555,1592,1568,1574,1525,1575,1639,1655,1666,1675,1690,1714,1711,1675,1646,1660,1666,1677,1717,1701,1713,1765,1766,1748,1748,1733,1755,1743,1750,1736,1799,1957,1966,1942,1941,1936,1940,2000,2005,2007,2029,1972,1967,1968,2041,2037,2015,1980,1977,1990,2027,2028,2018,1950,1931,1904,1940,1961,1941,1967,1906,1956,2020,2024,2006,2037,2007,2042,1999
11096,"Rental",2,3684,3225,3216,3265,3252,3290,3272,3275,3231,3273,3328,3356,3379,3370,3388,3418,3401,3378,3358,3359,3377,3390,3424,3412,3409,3470,3471,3445,3447,3437,3457,3446,3444,3433,3508,3665,3677,3654,3649,3644,3649,3704,3711,3717,3719,3668,3678,3667,3737,3736,3718,3688,3683,3689,3726,3738,3727,3651,3631,3604,3642,3658,3642,3674,3606,3667,3716,3728,3709,3739,3702,3734,3695
11101,"Rental",2,3563,3000,3000,3000,3000,3000,3000,3000,3000,3000,3000,3000,3000,3300,3300,3050,3413,3300,3413,3835,3500,3436.5,3622.5,3642,3636.5,3600,3490,3395,3395,3380,3380,3380,3380,3400,3460,3483,3415,3467,3420,3400,3400,3300,3495,3541,3495,3600,3550,3350,3347.5,3458,3421,3395,3408.5,3195,3321,3450,3450,3400,3310,3412.5,3458,3500,3331.5,3455,3340,3600,3638,3631.5,3669,3651.5,3580,3658,3700
11102,"Rental",2,2528,2250,2250,2250,2250,2150,2225,2250,2200,2295,2295,2350,2400,2475,2425,2500,2450,2300,2375,2500,2495,2200,2195,2295,2500,2600,2600,2500,2500,2495,2500,2500,2500,2500,2500,2500,2600,2500,2600,2550,2537.5,2500,2500,2600,2500,2525,2500,2500,2500,2550,2550,2500,2500,2450,2470,2477,2411,2600,2500,2500,2500,2500,2500,2500,2500,2537.5,2600,2500,2500,2495,2500,2600,2600
11103,"Rental",2,2319,1800,1800,1800,1800,1800,1800,1800,1775,1800,1800,1800,1850,1962.5,2075,2250,2000,2300,2300,2300,2300,2047.5,2000,2000,2000,2100,2100,2100,2100,2025,2000,2000,2000,2110,2100,2100,2050,2195,2200,2050,2100,2200,2295,2200,2250,2250,2200,2300,2300,2262.5,2200,2200,2200,2250,2300,2300,2300,2250,2300,2300,2380,2300,2300,2400,2350,2300,2300,2300,2200,2250,2350,2400,2375
11104,"Rental",2,2343,1831,1830.5,1825,1800,1895,1800,1825,1750,1775,1750,1850,1900,1950,1900,1950,2000,1950,1985,1975,1975,1995,2100,2200,2150,2200,2100,2150,2200,2350,2400,2350,2300,2300,2400,2400,2399,2300,2300,2300,2450,2300,2300,2300,2300,2300,2300,2300,2400,2400,2450,2400,2400,2400,2425,2400,2400,2500,2500,2400,2400,2500,2500,2350,2350,2300,2325,2300,2300,2300,2397.5,2295,2200
11105,"Rental",2,2316,1825,1825,2000,2025,2050,2075,2100,1862.5,1925,2043.5,2200,2295,2295,2200,2347.5,2400,2395,2295,2300,2295,2395,2300,2295,2200,2300,2250,2200,2225,2200,2200,2200,2200,2200,2150,2200,2300,2212.5,2200,2300,2250,2300,2395,2300,2250,2300,2300,2350,2395,2400,2300,2400,2395,2300,2300,2400,2400,2400,2350,2400,2400,2400,2300,2395,2300,2300,2250,2250,2250,2300,2350,2350,2350
11106,"Rental",2,2405,2400,2400,2400,2400,2400,2400,2400,2400,2400,2400,2400,2400,2400,2400,2400,2400,2400,2400,2400,2400,2400,2400,2400,2400,2400,2400,2400,2400,2395,2400,2470,2470,2325,2325,2350,2400,2400,2400,2415,2400,2400,2450,2350,2300,2350,2350,2390,2395,2395,2400,2400,2397.5,2400,2395,2400,2400,2450,2450,2450,2500,2400,2400,2400,2400,2400,2300,2395,2400,2495,2472.5,2400,2395
11109,"Rental",2,4084,3485,3485,3485,3485,3485,3485,3485,3500,3535,3357.5,3420,3500,3660,3750,3780,3800,3846,3897.5,3895,3990,3966,3836,3845.5,3825,3785,3650,3700,3760,3755,3790.5,3780,3795.5,3940,3970,3957.5,4036,4090,4115.5,4090,4092.5,4090,4108,4090,4003,4100,4095,4100,4036,4040,4036,3995,3972.5,3995,4019.5,4003,4000,3955,4000,3995,3992.5,3995,3963.5,3923,4078,4038.5,4123,4123,4108,4123,4162.5,4166,4200
11201,"Rental",2,4373,3450,3450,3400,3285,3432.5,3406,3600,3600,3600,3665,3800,3800,3850,3845,3716,3845,3785,3785,3800,3650,3995,4052.5,3955,4028.5,3995,3975,4050,4000,3850,3875,3895,3999,4100,4215,4079,4100,4100,4070,4000,3998,3900,4026,4105,4200,4185,4000,4150,4200,4200,4075,4200,4300,4300,4292,4350,4220,4186,4150,4049.5,4200,4500,4850,4510,4075.5,4120,4200,4200,4400,4422,4400,4444,4350
11203,"Rental",2,1846,1460,1408,1429,1465,1586,1539,1523,1597,1562,1549,1552,1584,1537,1530,1516,1542,1530,1598,1620,1641,1616,1604,1768,1617,1531,1538,1502,1591,1576,1532,1559,1621,1688,1614,1675,1733,1710,1667,1521,1620,1592,1643,1617,1653,1677,1743,1730,1779,1702,1725,1723,1755,1734,1737,1805,1788,1779,1844,1815,1796,1793,1787,1807,1810,1887,1807,1897,1988,1881,1853,1818,1824
11204,"Rental",2,1796,1362.5,1362.5,1362.5,1400,1500,1500,1500,1500,1497.5,1500,1550,1550,1500,1500,1500,1500,1500,1500,1600,1600,1550,1550,1700,1597.5,1500,1500,1500,1500,1512.5,1512.5,1550,1600,1600,1550,1600,1700,1700,1650,1500,1550,1550,1585,1600,1600,1650,1650,1700,1700,1700,1700,1700,1700,1700,1700,1750,1750,1750,1800,1800,1795,1750,1750,1800,1750,1800,1800,1800,1900,1850,1850,1750,1750
11205,"Rental",2,2841,2200,2300,2495,2450,2450,2450,2450,2300,2350,2350,2400,2500,2500,2500,2500,2500,2400,2350,2400,2600,2800,2799.5,2600,2750,2800,2525,2700,2795,2800,2800,2800,2800,2750,2700,2699,2800,2895,2850,2700,2725,2769,3250,3000,3000,3295,3150,2950,2890,2899.5,2700,2725,2850,2995,3000,2950,3000,3000,3000,3000,3000,2998,3100,2800,2800,2795,2650,2662.5,2750,2800,2992.5,2872.5,2875
11206,"Rental",2,2564,2000,2000,2000,2000,2000,2000,2300,2400,2125,2100,2200,2200,2000,1950,2000,2000,2100,2100,2200,2300,2400,2299,2500,2400,2500,2485,2400,2400,2399,2300,2300,2300,2395,2499,2500,2550,2540,2500,2599,2500,2500,2500,2600,2600,2500,2650,2600,2600,2600,2600,2500,2500,2600,2700,2650,2598.5,2600,2600,2600,2650,2699,2698.5,2600,2525,2500,2400,2492.5,2499,2595,2599,2600,2558.5
11207,"Rental",2,2018,1450,1450,1400,1450,1450,1375,1490,1500,1550,1600,1566,1500,1525,1488,1440,1490,1500,1570.5,1599.5,1600,1550,1550,1561,1595,1625,1595,1550,1650,1650,1700,1700,1750,1700,1700,1788,1800,1800,1900,1895,1800,1800,1800,1850,1900,2000,2000,2000,2000,2000,2000,2010,2100,2100,2100,2099,2000,1900,2150,2295,2150,2100,2095,2000,1950,2000,2000,2000,2000,2000,1999.5,1999,2072.5
11208,"Rental",2,2069,1516,1466,1411,1539,1482,1422,1492,1562,1584,1688,1643,1593,1558,1547,1467,1580,1586,1652,1642,1653,1634,1649,1586,1625,1709,1632,1601,1661,1703,1743,1716,1774,1703,1728,1796,1846,1856,1947,1940,1851,1804,1893,1887,1967,2000,2095,2072,2085,2049,2035,2020,2181,2113,2172,2145,2060,1932,2183,2301,2227,2169,2164,2050,2020,2083,2034,2040,2012,2039,2000,2089,2133
11209,"Rental",2,2158,1650,1650,1700,1700,1650,1695,1700,1750,1800,1712.5,1725,1800,1800,1899.5,1950,1750,1787,1800,1900,1999,1995,1900,1975,1895,1900,1895,1800,1800,1850,1900,1850,1850,1900,2100,1900,1998,1950,1900,1900,1900,1950,1950,1950,2000,2000,2000,2000,2095,2100,2135,2100,2100,2125,2199,2200,2037.5,2100,2195,2100,2200,2200,2200,2200,2100,2200,2100,2100,2200,2197.5,2200,2195,2000
11210,"Rental",2,1906,1950,1950,1950,1950,1950,1950,1950,1950,1950,1950,1950,1950,1950,1950,1950,1950,1950,1950,1950,1950,1950,1950,1950,1950,1950,1950,1950,1950,1950,1950,1950,1950,1950,1950,1950,1950,1950,1950,1950,1950,1950,1950,1950,1950,1950,1950,1900,1895,1862.5,1800,1895,1895,1950,1862.5,1850,1850,1850,1795,1762.5,1850,1949,2000,2000,1850,1875,1900,1900,1848,1900,1899,1899,1850
11211,"Rental",2,3221,2800,2800,2800,2800,2800,2750,2750,2750,2900,2900,2950,3000,3200,3100,3000,3100,3200,3100,3000,3000,3100,3200,3000,2999.5,3100,2995,3100,3199,3037.5,3000,3100,3200,3200,3300,3400,3300,3250,3200,3150,3099.5,3199,3300,3200,3450,3675,3600,3500,3400,3400,3400,3295,3200,3200,3200,3099,3200,3299,3250,3199,3208,3396,3650,3500,3162,2949.5,3000,3150,3200,3195,3150,3100,3195
11212,"Rental",2,1729,1425,1425,1425,1425,1425,1425,1450,1462.5,1450,1450,1450,1450,1450,1400,1400,1400,1450,1450,1475,1545,1525,1500,1500,1500,1500,1500,1500,1500,1500,1500,1500,1500,1500,1500,1500,1500,1500,1512.5,1500,1500,1500,1550,1500,1600,1600,1600,1650,1600,1600,1600,1650,1700,1650,1650,1650,1687.5,1675,1700,1650,1650,1695,1700,1650,1699,1800,1709,1717,1725,1750,1750,1750,1800
11213,"Rental",2,2119,1500,1500,1499,1550,1600,1550,1575,1550,1575,1550,1500,1500,1500,1500,1475,1500,1500,1545,1600,1650,1800,1799,1800,1800,1799,2000,1995,1925,1800,1800,1800,1825,1900,1995,1995,2000,2000,1950,1987,1975,1950,1900,1900,1950,2000,2100,2200,2200,2199,2100,2000,2000,2000,1950,1950,2100,2150,2100,2000,2195,2262.5,2300,2199,2100,2000,1982.5,2000,2030,2074.5,2162.5,2150,2170
11214,"Rental",2,1777,1450,1400,1450,1450,1400,1500,1550,1550,1500,1550,1500,1500,1450,1500,1500,1500,1500,1500,1500,1500,1500,1537.5,1500,1512.5,1550,1500,1550,1550,1550,1550,1550,1550,1600,1600,1600,1600,1600,1600,1600,1600,1650,1700,1700,1700,1700,1745,1750,1700,1700,1700,1700,1700,1700,1700,1712.5,1700,1700,1700,1700,1745,1700,1700,1800,1797.5,1800,1800,1785,1795,1800,1800,1800,1750
11215,"Rental",2,2882,2400,2400,2300,2295,2395,2500,2450,2500,2500,2475,2500,2500,2500,2600,2500,2600,2600,2600,2700,2699.5,2850,2800,2613,2613,2637.5,2600,2700,2800,2797,2800,2850,2800,2750,2800,2750,2798.5,2800,2900,2800,2800,2800,2800,2900,2900,3000,3000,3000,3050,3000,3050,3000,3000,2900,2850,2800,2800,2750,2750,2800,2995,2995,2800,2800,2775,2995,2900,2850,2900,2900,2950,2850,2875
11216,"Rental",2,2449,1600,1600,1700,1600,1650,1750,1800,1950,1987,1900,1800,1900,1950,1850,1800,1800,1800,1900,1900,1950,2000,2100,2100,2200,2150,2150,2100,2100,2050,2135,2199,2199,2150,2200,2250,2299.5,2300,2300,2295,2368,2368,2350,2350,2400,2400,2450,2400,2462.5,2470,2490,2400,2395,2400,2400,2400,2400,2400,2450,2482.5,2500,2500,2495,2595,2395,2400,2450,2450,2400,2399,2400,2400,2500
11217,"Rental",2,3364,2750,2795,2825,2750,2750,2550,2600,2750,2750,2795,2800,2850,3100,2995,2900,2800,2800,2800,2900,2900,3000,2997.5,3000,3095,3095,3000,3050,2900,2900,2999,3000,3100,3300,3300,3200,3200,3300,3200,3199,3200,3200,3200,3200,3200,3450,3400,3200,3200,3300,3200,3175,3200,3200,3200,3100,3200,3400,3400,3300,3348,3400,3350,3500,3337.5,3175,3075,3200,3349,3500,3450,3500,3535
11218,"Rental",2,2273,1797.5,1760,1800,1800,1825,1837.5,1875,1800,1975,1850,1750,1862.5,1900,1850,1925,1895,1857.5,1895,2000,2000,2000,2187.5,2200,2250,2300,2275,2275,2300,2200,2200,2200,2200,2200,2195,2196,2100,2172.5,2250,2375,2325,2300,2275,2300,2297.5,2295,2295,2350,2400,2400,2400,2400,2262.5,2250,2200,2200,2200,2300,2250,2350,2225,2200,2200,2200,2100,2295,2300,2200,2300,2315.5,2393,2376,2399
11219,"Rental",2,3542,3083,3082,3123,3118,3149,3131,3128,3094,3126,3191,3209,3223,3225,3242,3271,3256,3241,3217,3232,3246,3248,3279,3269,3279,3337,3323,3315,3319,3306,3313,3310,3315,3296,3366,3505,3524,3505,3489,3481,3483,3550,3556,3560,3565,3522,3534,3531,3577,3593,3574,3534,3530,3542,3583,3580,3566,3506,3500,3477,3501,3517,3516,3539,3465,3522,3567,3568,3561,3601,3567,3589,3560
11220,"Rental",2,2010,1600,1650,1650,1599,1500,1550,1550,1600,1600,1600,1625,1655,1675,1550,1550,1650,1650,1650,1695,1700,1700,1750,1750,1700,1750,1700,1750,1750,1750,1750,1725,1700,1700,1800,1800,1800,1800,1800,1850,1850,1800,1800,1800,1900,1950,1900,1900,1950,1960,1950,1900,1900,2000,2000,2000,1995,2000,2000,2000,2000,1996.5,1975,2000,2000,2000,2000,2000,1999.5,2000,2050,2100,2000
11221,"Rental",2,2305,1500,1500,1500,1542.5,1500,1600,1600,1600,1600,1600,1650,1650,1600,1600,1575,1600,1600,1699,1725,1795,1890,1874.5,1950,1950,1950,1900,1900,1995,1950,1950,1950,1962.5,2000,2000,2100,2100,2150,2100,2125,2150,2100,2100,2100,2150,2200,2200,2200,2250,2250,2291,2299,2250,2275,2300,2300,2350,2300,2300,2300,2350,2350,2275,2300,2300,2300,2224.5,2245,2295,2338,2300,2345,2390.5
11222,"Rental",2,2911,2200,2300,2400,2200,2000,2200,2350,2400,2375,2400,2450,2600,2500,2499.5,2550,2499,2500,2500,2499,2600,2700,2700,2895,2700,2800,2897.5,2892.5,2790,2800,2770,2700,2800,2750,2800,2800,2800,2900,2900,2900,2800,2872.5,2995,2907,3000,3299,2999,2950,2900,3000,3000,2900,2900,2800,2800,2900,3000,3100,3037.5,3100,2995,2995,3000,2999,2950,2900,2800,2775,2800,2900,2995,2972.5,2850
11223,"Rental",2,1852,1500,1500,1550,1550,1570,1595,1550,1500,1500,1600,1525,1500,1550,1600,1600,1600,1600,1600,1650,1699,1750,1775,1750,1750,1775,1737.5,1700,1637.5,1600,1600,1600,1600,1600,1600,1625,1700,1700,1675,1625,1750,1700,1675,1650,1795,1800,1795,1750,1750,1800,1850,1850,1800,1875,1850,1800,1800,1800,1800,1800,1800,1900,1800,1797.5,1812.5,1995,1850,1899,1850,1825,1800,1850,1850
11224,"Rental",2,3529,3067,3063,3093,3086,3125,3100,3107,3083,3106,3172,3193,3212,3214,3225,3245,3232,3209,3189,3217,3217,3228,3263,3256,3263,3315,3303,3297,3296,3284,3289,3283,3298,3286,3354,3485,3504,3485,3484,3469,3467,3516,3532,3542,3556,3503,3516,3503,3571,3565,3545,3524,3518,3531,3559,3570,3556,3489,3484,3459,3496,3500,3500,3509,3438,3493,3550,3551,3547,3569,3546,3566,3536
11225,"Rental",2,2381,1750,1700,1650,1678,1700,1700,1700,1700,1700,1659.5,1700,1850,1700,1700,1700,1700,1800,1950,1850,1850,1900,2000,2000,2000,2199,2100,2078,1950,1950,1950,2000,2000,2000,2099.5,2062.5,2050,2000,2000,2100,2200,2232.5,2200,2200,2200,2250,2195,2200,2350,2400,2400,2350,2350,2300,2300,2300,2300,2350,2400,2400,2400,2500,2650,2500,2207.5,2310,2347.5,2274,2300,2383,2400,2350,2350
11226,"Rental",2,2043,1550,1500,1500,1575,1625,1500,1499,1500,1500,1600,1550,1600,1600,1600,1550,1550,1599,1500,1650,1650,1700,1708,1700,1750,1800,1800,1700,1750,1800,1800,1800,1800,1800,1850,1900,1900,1900,1900,1875,1850,1895,1899,1899.5,1900,1950,1950,1962.5,2000,2000,2099,2025,2000,1999,1975,1995,2000,2000,2100,2100,2000,2100,2250,2150,1975,1995,1950,1995,1999,1999,2000,2000,2100
11228,"Rental",2,1952,1625,1625,1625,1625,1625,1625,1625,1625,1625,1625,1625,1625,1600,1550,1575,1600,1700,1650,1550,1550,1600,1600,1600,1725,1750,1750,1700,1750,1700,1662.5,1662.5,1687,1700,1662.5,1750,1750,1700,1700,1750,1800,1800,1800,1800,1925,2000,1995,1950,1900,1794.5,1750,1800,1800,1850,1850,1900,1950,1900,1925,2000,2000,1999,1900,1900,2000,2000,1950,1900,1925,1900,1950,2000,2000
11229,"Rental",2,2002,1562.5,1562.5,1562.5,1500,1495,1495,1495,1495,1497.5,1625,1700,1650,1600,1600,1637.5,1700,1650,1700,1750,1750,1700,1650,1650,1600,1672.5,1650,1700,1800,1795,1795,1700,1700,1800,1800,1800,1800,1800,1800,1800,1900,1875,1875,1875,1850,1862.5,1925,1900,1900,1900,1850,1800,1900,1900,1900,1900,1900,1850,1900,1985,1850,1862.5,1912.5,2000,1900,2000,2000,2090,2094.5,2062,1949.5,1950,2200
11230,"Rental",2,2080,1550,1550,1600,1512.5,1550,1500,1625,1650,1650,1700,1650,1637.5,1612.5,1600,1595,1700,1700,1725,1687.5,1650,1675,1650,1700,1775,1875,1750,1700,1725,1725,1760,1799,1800,1800,1800,1850,1800,1800,1800,1925,1899.5,1850,1800,1825,1850,2000,1975,1900,1900,1900,1900,1950,1995,2000,1995,1912.5,1925,1925,1900,1950,1925,2000,2100,2000,1950,2200,2200,2200,2199,2000,2055,2000,2050
11231,"Rental",2,3178,3400,3400,3400,3400,3400,3400,3400,3400,3400,3400,3400,3400,3400,3400,3200,3200,3300,2950,3000,3200,3200,3000,3100,3200,3100,3487.5,3050,3000,2997.5,2950,2900,2950,3225,3300,3300,3200,3400,3400,3500,3600,3350,3000,3250,3300,3250,3250,3350,3400,3600,3500,3400,3400,3400,3350,3300,3300,3300,3000,3200,3350,3000,3275,3000,3000,3000,3300,3100,3350,3300,3200,3311.5,3300
11232,"Rental",2,2176,1650,1650,1700,1700,1700,1650,1650,1700,1800,1850,1800,1861,1925,1825,1925,1950,1900,1800,1850,2000,2045,2000,2000,2000,2000,2000,2000,1995,1992.5,1950,1975,1975,2050,2250,2100,2000,2000,2000,2000,2000,2000,2000,2000,2100,2200,2200,2097,2150,2150,2150,2200,2200,2100,2100,2100,2100,2100,2200,2200,2150,2100,2250,2200,2100,2300,2100,2100,2100,2200,2237.5,2225,2200
11233,"Rental",2,2054,1450,1450,1450,1450,1450,1400,1450,1500,1500,1500,1500,1500,1500,1500,1550,1500,1500,1550,1600,1600,1650,1621,1675,1700,1750,1750,1700,1700,1700,1675,1675,1700,1800,1899,1850,1900,1900,1850,1900,1900,1900,1900,1900,1900,2000,2000,2000,2000,2000,2000,1950,1900,1950,2000,2000,1999,2000,2000,2100,2000,2100,2000,2100,1900,2000,1999,2000,2100,2123,2125,2100,2099.5
11234,"Rental",2,1797,1500,1500,1500,1500,1500,1500,1500,1500,1500,1500,1500,1500,1500,1500,1500,1500,1500,1500,1500,1500,1500,1500,1500,1500,1500,1500,1550,1550,1500,1550,1525,1575,1600,1650,1650,1600,1650,1700,1650,1650,1625,1650,1650,1675,1800,1775,1700,1850,1800,1800,1775,1750,1800,1799,1700,1775,1800,1800,1800,1800,1800,1800,1800,1850,1800,1800,1800,1800,1800,1750,1750,1812.5
11235,"Rental",2,2234,1650,1725,1700,1650,1625,1650,1600,1625,1700,1652.5,1650,1700,1700,1700,1700,1775,1800,1800,1812.5,1795,1800,1800,1800,1825,1800,1802,1800,1825,1850,1800,1800,1800,1800,1850,1895,1900,1900,1900,1900,1900,1900,1900,1900,2000,2100,2200,2000,2097.5,2250,2250,2199.5,2250,2137.5,2075,2050,2100,2150,2195,2125,2100,2100,2150,2225,2200,2250,2215,2250,2200,2300,2269,2350,2300
11236,"Rental",2,1771,1525,1525,1525,1525,1525,1525,1525,1525,1525,1525,1525,1525,1525,1525,1525,1525,1525,1525,1525,1525,1525,1525,1525,1525,1525,1525,1525,1525,1525,1525,1525,1525,1525,1525,1525,1525,1550,1550,1600,1625,1600,1650,1600,1650,1700,1700,1700,1600,1700,1650,1712.5,1725,1725,1725,1712.5,1700,1685,1672.5,1600,1700,1700,1750,1800,1700,1799,1750,1700,1800,1850,1800,1800,1800
11237,"Rental",2,2399,1600,1550,1600,1595,1550,1675,1650,1600,1650,1750,1800,1800,1750,1750,1700,1600,1600,1650,1800,1850,2070,2200,2200,2250,2300,2250,2295,2200,2200,2200,2199,2199,2200,2200,2250,2299,2275,2272.5,2250,2200,2250,2200,2299,2300,2399,2400,2400,2400,2400,2400,2350,2300,2300,2300,2350,2495,2485,2449,2498,2435,2400,2499,2495,2400,2350,2351.5,2350,2400,2350,2399,2399,2395
11238,"Rental",2,2845,2200,2200,2200,2365,2300,2300,2300,2225,2200,2329,2500,2529,2650,2600,2572.5,2500,2500,2600,2631,2650,2700,2700,2800,2925,2800,2650,2599,2650,2674.5,2725,2700,2750,2900,2850,2850,2850,2950,2950,2950,2900,2900,2750,2700,2800,2900,2899,2800,2895,2877.5,2800,2750,2700,2700,2700,2700,2750,2850,2850,2750,2795,2795,2883,2700,2600,2750,2900,2850,2850,2950,2979,2979,2900
11239,"Rental",2,3439,2972,2967,3013,3001,3029,3006,3021,2991,3015,3078,3089,3106,3111,3127,3144,3147,3117,3097,3119,3132,3147,3167,3173,3166,3216,3214,3195,3196,3189,3204,3187,3205,3195,3256,3385,3391,3384,3379,3372,3370,3422,3433,3433,3444,3422,3413,3409,3461,3467,3450,3428,3415,3427,3460,3471,3459,3402,3388,3374,3399,3417,3410,3422,3360,3403,3457,3462,3445,3479,3460,3473,3454
11251,"Rental",2,3432,2963,2953,2999,2993,3014,2999,3002,2976,3016,3071,3086,3097,3113,3107,3139,3130,3114,3097,3111,3117,3136,3169,3160,3155,3206,3213,3189,3193,3187,3194,3194,3194,3184,3260,3371,3394,3378,3370,3354,3363,3413,3428,3421,3440,3410,3411,3399,3466,3467,3447,3420,3421,3420,3457,3463,3452,3384,3379,3360,3398,3402,3400,3421,3345,3400,3451,3451,3445,3474,3457,3465,3434
11354,"Rental",2,2235,1650,1697.5,1750,1700,1687.5,1650,1650,1672.5,1700,1675,1750,1750,1795,1750,1800,1800,1795,1795,1850,1850,1850,1850,1950,1950,1950,1950,1950,1950,1950,1950,1950,1950,1950,1984,1950,2000,2000,1950,1950,1950,1950,1999,1999,2100,1990,2000,2100,2100,2100,2100,2095,2100,2100,2095,2150,2125,2100,2175,2000,2000,2125,2150,2100,2100,2150,2200,2400,2300,2300,2300,2350,2350
11355,"Rental",2,2125,1750,1750,1750,1750,1750,1750,1750,1750,1750,1700,1700,1665,1650,1700,1787.5,1800,1729,1700,1750,1762.5,1727.5,1787.5,1800,1850,1900,1850,1825,1850,1850,1850,1850,1850,1925,1875,1900,2000,1950,1900,1862.5,1850,1925,1997.5,1995,1945,1995,1995,1995,1900,1950,2025,2100,2100,2100,2000,2000,1975,2175,2250,2200,2150,2150,2225,2100,2100,2100,2100,2125,2100,2150,2050,2100,2200
11356,"Rental",2,3409,2943,2944,2976,2977,2996,2983,2994,2957,2991,3048,3070,3090,3091,3091,3108,3113,3094,3077,3089,3100,3122,3157,3144,3142,3196,3189,3181,3172,3173,3169,3166,3174,3171,3244,3364,3373,3348,3353,3347,3350,3392,3408,3411,3425,3387,3396,3384,3435,3446,3433,3401,3392,3400,3425,3439,3427,3370,3376,3347,3383,3389,3384,3403,3328,3382,3429,3432,3420,3460,3439,3460,3423
11357,"Rental",2,2176,1789,1806,1769,1774,1807,1813,1800,1767,1758,1781,1775,1704,1700,1749,1832,1805,1763,1707,1802,1837,1778,1833,1828,1885,1958,1877,1890,1950,1870,1887,1907,1892,2014,1888,1971,2038,2041,1936,1870,1919,2024,2069,2040,1967,2003,2022,2074,1907,2046,2034,2184,2166,2125,2018,2071,2007,2245,2311,2226,2237,2242,2304,2138,2107,2118,2156,2178,2172,2201,2122,2119,2252
11358,"Rental",2,2002,1712,1753,1719,1718,1730,1812,1728,1719,1677,1715,1721,1640,1639,1680,1757,1792,1680,1616,1758,1834,1701,1801,1761,1883,1893,1829,1866,1933,1809,1791,1860,1796,1971,1808,1900,2022,1969,1878,1787,1916,1963,2008,1951,1943,1942,1999,2058,1816,1963,2015,2180,2069,2063,1936,2003,1959,2208,2286,2000,1900,1900,1875,1850,2100,2100,2100,2100,2000,2100,2000,1900,2000
11359,"Rental",2,1706,1243,1238,1273,1263,1296,1276,1279,1257,1287,1332,1362,1372,1380,1387,1405,1405,1388,1369,1396,1393,1411,1443,1444,1439,1494,1486,1470,1478,1458,1472,1470,1467,1464,1527,1656,1661,1653,1650,1630,1643,1688,1695,1702,1716,1687,1689,1678,1736,1746,1727,1695,1683,1696,1729,1739,1723,1663,1667,1642,1663,1686,1682,1690,1621,1678,1731,1732,1717,1748,1723,1746,1722
11360,"Rental",2,3402,2932,2927,2964,2956,2989,2978,2979,2949,2987,3035,3056,3072,3068,3088,3108,3093,3078,3061,3088,3085,3101,3140,3131,3126,3187,3186,3165,3162,3158,3170,3157,3167,3156,3230,3347,3359,3346,3342,3332,3331,3378,3388,3394,3415,3380,3387,3368,3423,3436,3422,3384,3384,3394,3421,3418,3413,3367,3354,3324,3356,3382,3380,3386,3319,3367,3423,3419,3408,3443,3416,3449,3420
11361,"Rental",2,2013,1700,1700,1700,1700,1700,1700,1700,1700,1700,1700,1700,1700,1700,1700,1700,1700,1700,1700,1700,1700,1700,1700,1700,1700,1837.5,1800,1700,1700,1700,1750,1750,1800,1850,1850,1800,1900,1895,1850,1850,1925,1937.5,1950,1900,1850,1925,1995,2000,1950,1995,2000,2000,1997.5,1950,1995,1900,1895,1900,2097.5,1995,1975,2000,1995,1972.5,1997.5,2000,2000,2000,1995,2000,2072.5,2100,2025
11362,"Rental",2,3401,2929,2930,2961,2949,2984,2972,2973,2937,2972,3025,3045,3059,3075,3075,3099,3095,3074,3062,3075,3081,3097,3125,3132,3132,3175,3171,3157,3163,3142,3157,3146,3156,3153,3213,3338,3351,3334,3325,3315,3323,3369,3378,3390,3407,3373,3378,3368,3422,3428,3406,3380,3382,3382,3403,3421,3413,3357,3357,3330,3350,3372,3372,3374,3314,3359,3405,3416,3410,3437,3413,3430,3410
11363,"Rental",2,1687,1232,1217,1258,1248,1272,1267,1262,1241,1269,1320,1340,1354,1368,1369,1395,1390,1369,1343,1362,1383,1399,1416,1425,1419,1467,1460,1444,1460,1436,1452,1437,1457,1443,1507,1627,1648,1627,1627,1614,1617,1666,1675,1672,1697,1665,1665,1666,1712,1725,1696,1672,1669,1676,1704,1716,1706,1653,1654,1618,1643,1671,1662,1670,1605,1662,1701,1702,1702,1730,1714,1726,1705
11364,"Rental",2,3390,2924,2922,2951,2943,2981,2958,2968,2935,2961,3012,3034,3054,3058,3063,3087,3089,3066,3045,3069,3078,3088,3126,3117,3113,3168,3170,3146,3146,3136,3145,3139,3145,3153,3207,3328,3341,3328,3326,3312,3319,3359,3374,3377,3396,3364,3360,3357,3408,3414,3406,3374,3365,3386,3403,3414,3402,3347,3345,3317,3357,3358,3364,3375,3301,3359,3407,3405,3407,3426,3407,3431,3402
11365,"Rental",2,3393,2918,2924,2953,2940,2975,2964,2968,2937,2968,3026,3038,3055,3062,3066,3090,3093,3057,3046,3071,3084,3099,3120,3111,3120,3173,3162,3151,3151,3141,3157,3144,3152,3141,3217,3327,3342,3324,3317,3315,3318,3362,3373,3373,3389,3365,3364,3355,3407,3426,3408,3372,3368,3387,3405,3415,3396,3354,3352,3326,3349,3369,3363,3373,3302,3356,3397,3409,3405,3426,3407,3432,3400
11366,"Rental",2,1674,1222,1205,1250,1232,1263,1247,1256,1225,1260,1316,1330,1351,1353,1357,1385,1379,1359,1334,1355,1377,1380,1416,1411,1408,1469,1458,1442,1444,1430,1437,1430,1443,1440,1497,1618,1641,1627,1615,1605,1611,1660,1675,1665,1681,1653,1665,1649,1698,1720,1693,1662,1660,1678,1692,1704,1689,1649,1637,1612,1637,1662,1654,1670,1597,1659,1700,1705,1687,1721,1700,1720,1700
11367,"Rental",2,1971,1971,1971,1971,1971,1971,1971,1971,1971,1971,1971,1971,1971,1971,1971,1971,1971,1971,1971,1971,1971,1971,1971,1971,1971,1971,1971,1971,1971,1971,1971,1971,2000,2100,2250,2295,2300,2337.5,2295,2100,2125,2000,1950,1950,1950,1950,1950,1950,1950,1950,1950,1950,1950,1950,1925,1950,1950,1845,1850,1912.5,1950,2000,1972.5,1975,1975,1950,1975,1975,1950,1950,1975,1975,1975
11368,"Rental",2,2175,1800,1800,1800,1800,1800,1800,1800,1800,1800,1800,1800,1800,1800,1800,1800,1800,1800,1800,1800,1800,1800,1800,1800,1800,1800,1800,1800,1800,1800,1800,1800,1800,1800,1800,1800,1800,1750,1824.5,1849,1849,1800,1849,1975,1995,2000,2150,2195,2100,2200,2202.5,2125,2112.5,2062.5,2075,2125,2225,2245,2020,2175,2260,2210,2215,2095,2115,2232.5,2172.5,2200,2230,2180,2150,2100,2200
11369,"Rental",2,3378,2914,2911,2950,2935,2963,2952,2951,2923,2960,3011,3037,3051,3051,3069,3078,3083,3061,3045,3063,3070,3086,3109,3110,3117,3169,3162,3139,3152,3132,3145,3137,3145,3143,3202,3316,3331,3316,3320,3311,3308,3356,3371,3373,3381,3361,3363,3357,3401,3418,3403,3359,3368,3375,3395,3403,3399,3345,3341,3318,3337,3352,3349,3365,3296,3360,3390,3407,3398,3429,3400,3415,3390
11370,"Rental",2,3375,2923,2913,2957,2933,2973,2952,2960,2933,2968,3014,3040,3044,3056,3057,3088,3087,3063,3044,3057,3066,3093,3111,3109,3112,3162,3168,3146,3147,3130,3147,3140,3144,3136,3209,3325,3340,3316,3313,3312,3320,3354,3373,3368,3384,3364,3364,3349,3407,3414,3392,3370,3368,3370,3393,3402,3400,3349,3338,3319,3345,3361,3360,3370,3297,3360,3400,3395,3391,3419,3400,3423,3396
11371,"Rental",2,3384,2914,2917,2951,2932,2965,2947,2952,2935,2962,3012,3041,3048,3060,3068,3086,3074,3061,3042,3055,3077,3082,3123,3107,3109,3169,3157,3140,3139,3128,3137,3135,3142,3136,3211,3322,3340,3317,3322,3309,3307,3353,3369,3368,3393,3353,3365,3360,3406,3407,3397,3372,3365,3376,3403,3411,3396,3342,3339,3312,3338,3353,3351,3368,3296,3352,3400,3398,3397,3423,3394,3425,3387
11372,"Rental",2,2153,1785,1713,1763,1769,1720,1795,1753,1817,1797,1820,1857,1734,1783,1768,1709,1723,1687,1832,1798,1751,1827,1720,1861,1831,1841,1862,1815,1842,1892,1894,1873,1803,1933,1908,1943,1975,2075,2135,1935,1996,1872,1916,1941,2051,2077,2279,2240,2236,2163,2253,2273,2205,2174,2223,2245,2241,2271,2011,2214,2315,2067,2023,2038,2027,2190,2230,2193,2141,2201,2245,2255,2224
11373,"Rental",2,2102,1700,1700,1700,1700,1700,1700,1700,1795,1750,1750,1800,1725,1750,1750,1700,1700,1675,1750,1700,1700,1765,1712.5,1761.5,1800,1799.5,1785,1767.5,1800,1800,1800,1800,1800,1850,1875,1885,1900,1975,2050,1925,1900,1800,1835,1895,1997.5,2012.5,2275,2200,2150,2100,2200,2200,2125,2100,2200,2200,2200,2200,2000,2125,2252.5,2000,2000,2000,2000,2150,2150,2100,2125,2190,2150,2200,2155
11374,"Rental",2,2319,1800,1850,1944,1895,1897.5,1900,1900,1875,1862.5,1950,2000,2000,2100,2150,2100,2150,2075,2100,2100,2100,2195,2150,2164,2197.5,2197.5,2146.5,2143,2150,2195,2200,2200,2200,2211,2200,2248,2250,2240.5,2235,2200,2200,2150,2100,2200,2312.5,2300,2400,2350,2310,2375,2325,2250,2325,2325,2300,2300,2400,2300,2250,2350,2400,2300,2300,2300,2250,2300,2285,2325,2300,2350,2397.5,2385,2337.5
11375,"Rental",2,2472,1850,1850,1975,1900,1995,2000,2000,1950,1972.5,2000,2085,2182.5,2150,2000,2050,2100,2050,2100,2100,2150,2150,2250,2295,2325,2350,2295,2350,2350,2350,2300,2295,2300,2350,2350,2395,2385,2400,2400,2400,2400,2395,2365,2395,2485,2499.5,2400,2415,2450,2400,2450,2499,2472.5,2450,2495,2450,2495,2400,2400,2375,2500,2500,2500,2500,2497.5,2500,2500,2500,2500,2400,2450,2400,2412.5
11377,"Rental",2,2220,1837.5,1837.5,1925,1822.5,1909.5,1947,1975,1995,1850,1950,1985,1962.5,1900,1995,2000,1985,1975,1985,1999.5,1975,1975,2150,2050,2075,2100,2100,2100,2100,2100,2142.5,2200,2195,2100,2050,2100,2127,2200,2300,2164.5,2154,2200,2175,2175,2162.5,2197.5,2200,2195,2175,2199,2250,2300,2250,2200,2150,2100,2130,2200,2200,2200,2200,2200,2195,2200,2100,2200,2150,2150,2297.5,2300,2200,2290,2355
11378,"Rental",2,1937,1365,1354,1496,1411,1582,1526,1549,1491,1536,1501,1642,1708,1713,1594,1569,1696,1570,1615,1695,1726,1737,1801,1816,1867,1941,1837,1884,1933,1888,1881,1848,1814,1929,1860,1951,1956,1949,1931,1979,1985,1901,1919,1967,2069,2027,1975,1947,2049,1965,1980,2037,2035,1987,2084,1973,2090,1922,1915,2445,1962.5,1900,1900,1900,1800,2000,1900,1900,1975,1995,2000,1999,1972.5
11379,"Rental",2,1910,769,803,826,730,833,856,922,943,777,946,908,898,812,936,920,928,934,904,999,960,964,1101,988,983,1086,1085,1075,1087,1025,1048,1170,1174,1041,1024,1052,1051,1132,1275,1067,1145,1192,1134,1125,1094,1192,1185,1097,1161,1182,1153,1278,1202,1100,1105,1017,1045,1107,1175,1812.5,1899,1825,1775,1900,1875,1850,1900,1900,1900,2000,2000,2000,2000
11385,"Rental",2,2033,1450,1450,1450,1400,1400,1400,1400,1400,1500,1462.5,1450,1450,1500,1500,1500,1500,1500,1500,1550,1600,1662.5,1625,1695,1600,1680,1650,1650,1650,1637.5,1650,1650,1650,1700,1700,1700,1750,1750,1800,1800,1800,1800,1800,1850,1895,1850,1900,2000,1950,1950,1900,1900,1950,1950,2000,2000,2000,2000,2050,2000,2200,2200,2049,2050,2000,2000,2050,2050,2000,2000,2000,2000,2000
11411,"Rental",2,1645,1183,1185,1227,1206,1241,1222,1232,1192,1229,1286,1302,1319,1325,1337,1356,1343,1325,1306,1328,1336,1352,1388,1380,1384,1433,1427,1412,1409,1395,1414,1406,1408,1405,1471,1589,1604,1591,1588,1575,1575,1620,1630,1632,1649,1628,1626,1625,1674,1679,1670,1636,1626,1634,1666,1676,1668,1613,1609,1585,1611,1624,1616,1630,1573,1625,1664,1668,1664,1693,1665,1686,1656
11412,"Rental",2,1639,1189,1183,1209,1211,1228,1225,1222,1190,1227,1273,1295,1315,1323,1329,1340,1349,1315,1307,1322,1332,1353,1383,1377,1374,1435,1417,1409,1404,1397,1404,1402,1403,1409,1462,1586,1595,1587,1580,1561,1577,1620,1625,1627,1652,1624,1617,1617,1662,1682,1656,1636,1629,1636,1659,1662,1664,1608,1596,1583,1616,1624,1622,1625,1559,1620,1664,1664,1659,1694,1670,1686,1660
11413,"Rental",2,1637,1171,1177,1207,1193,1229,1210,1219,1196,1214,1273,1287,1313,1313,1323,1331,1345,1313,1304,1327,1333,1348,1373,1362,1372,1428,1415,1405,1399,1392,1399,1388,1402,1400,1459,1572,1593,1569,1579,1562,1563,1606,1613,1620,1641,1609,1623,1615,1661,1670,1658,1618,1627,1622,1648,1656,1647,1608,1597,1573,1609,1613,1618,1622,1548,1604,1659,1653,1645,1687,1662,1676,1646
11414,"Rental",2,1633,1172,1157,1199,1189,1215,1197,1212,1180,1205,1257,1290,1301,1300,1306,1335,1322,1300,1290,1311,1325,1327,1359,1364,1364,1411,1409,1393,1401,1389,1390,1380,1390,1396,1447,1563,1582,1569,1569,1559,1555,1599,1611,1607,1633,1607,1610,1605,1647,1661,1644,1614,1618,1613,1638,1642,1644,1586,1589,1561,1591,1602,1611,1621,1543,1607,1647,1647,1649,1668,1655,1676,1646
11415,"Rental",2,2272,1923,1847,1956,1838,1977,1986,2059,1998,1874,2007,2084,2018,1931,2056,2025,2020,2050,2084,2008,2065,2030,2209,2111,2136,2160,2153,2101,2131,2148,2187,2282,2210,2144,2064,2128,2188,2226,2306,2174,2212,2287,2219,2179,2262,2269,2286,2287,2207,2247,2347,2382,2281,2223,2182,2137,2166,2216,2291,2277,2205,2267,2196,2259,2140,2212,2193,2160,2360,2395,2279,2365,2434
11416,"Rental",2,1629,1158,1161,1196,1178,1214,1190,1204,1179,1198,1251,1279,1291,1292,1304,1327,1320,1300,1288,1307,1309,1325,1361,1354,1362,1410,1394,1385,1390,1376,1380,1377,1383,1386,1444,1556,1570,1564,1555,1541,1550,1599,1597,1608,1622,1590,1599,1600,1643,1657,1642,1603,1600,1614,1640,1639,1632,1578,1580,1567,1594,1605,1605,1611,1548,1600,1639,1643,1636,1670,1642,1666,1634
11417,"Rental",2,1624,1162,1158,1191,1181,1208,1195,1207,1176,1199,1253,1279,1292,1288,1299,1316,1320,1291,1276,1303,1308,1329,1362,1346,1359,1402,1399,1390,1381,1377,1383,1384,1388,1386,1441,1565,1567,1559,1558,1550,1554,1590,1599,1612,1631,1601,1600,1599,1640,1653,1632,1602,1611,1616,1630,1643,1630,1590,1587,1564,1590,1595,1598,1607,1548,1596,1635,1640,1643,1669,1638,1662,1632
11418,"Rental",2,2056,1762,1710,1759,1753,1771,1717,1754,1736,1732,1783,1792,1786,1784,1789,1737,1720,1740,1791,1746,1790,1727,1754,1778,1720,1902,1885,1711,1738,1748,1840,1806,1856,1890,1893,1885,1961,1973,1881,1852,1936,2009,1992,1902,1858,1934,2033,2073,1987,2067,2060,2042,2040,1960,2087,1918,1905,1956,2194,2050,2052,2078,1997,1986,2036,2082,2001,2062,2034,2019,2148,2105,2123
11419,"Rental",2,1632,1160,1149,1199,1186,1211,1191,1199,1170,1208,1257,1279,1291,1302,1302,1314,1328,1297,1286,1310,1316,1321,1354,1352,1362,1403,1402,1390,1387,1370,1391,1386,1388,1389,1446,1562,1576,1563,1560,1552,1553,1588,1598,1610,1631,1591,1596,1604,1649,1646,1634,1601,1602,1608,1643,1637,1639,1592,1585,1567,1591,1603,1593,1608,1545,1597,1643,1644,1635,1663,1644,1668,1631
11420,"Rental",2,1626,1151,1146,1182,1182,1203,1190,1198,1166,1192,1248,1272,1287,1294,1300,1318,1319,1288,1276,1295,1312,1320,1353,1356,1346,1398,1393,1375,1386,1377,1386,1371,1390,1375,1433,1558,1570,1561,1556,1534,1548,1582,1598,1599,1616,1591,1594,1596,1646,1647,1639,1606,1594,1606,1635,1631,1637,1581,1580,1561,1591,1596,1601,1601,1542,1588,1635,1638,1627,1660,1639,1654,1632
11421,"Rental",2,2023,2005,2035,2050,2022,2056,1992,2026,2017,2001,1974,2042,2068,2054,2052,2011,2055,2035,2068,2055,2033,2023,2029,2024,1972,2014,2047,2046,1994,1989,2030,2002,2004,2183,2283,2307,2307,2416,2320,2121,2152,2002,1977,2041,1964,1979,2038,1969,2039,2042,1979,2019,2015,2039,1925,2009,1972,1900,1896,1981,1996,2091,2010,1986,1992,1956,2040,2041,2031,2050,2019,2057,2006
11422,"Rental",2,1625,1159,1149,1187,1173,1212,1197,1196,1171,1199,1256,1266,1290,1291,1295,1314,1322,1294,1286,1303,1305,1327,1358,1351,1357,1400,1394,1385,1380,1366,1385,1381,1379,1378,1446,1559,1569,1558,1550,1543,1544,1584,1592,1604,1622,1586,1592,1593,1633,1643,1638,1597,1596,1614,1634,1635,1628,1582,1581,1561,1580,1602,1599,1602,1531,1599,1639,1637,1634,1658,1640,1662,1638
11423,"Rental",2,3314,2854,2850,2882,2869,2909,2884,2893,2871,2896,2943,2961,2976,2981,2999,3015,3006,2985,2980,2994,2997,3021,3041,3044,3043,3099,3089,3072,3074,3071,3075,3077,3077,3074,3135,3250,3266,3243,3245,3238,3243,3290,3290,3296,3316,3282,3291,3288,3336,3347,3330,3297,3294,3305,3332,3324,3322,3274,3272,3252,3282,3298,3285,3306,3240,3282,3326,3329,3330,3354,3328,3350,3335
11426,"Rental",2,3319,2847,2844,2881,2878,2898,2886,2893,2863,2890,2942,2972,2976,2992,2997,3006,3005,2988,2974,2993,3010,3013,3054,3046,3041,3097,3098,3068,3081,3064,3074,3074,3080,3075,3132,3253,3257,3245,3241,3236,3238,3286,3287,3289,3310,3281,3286,3282,3336,3347,3334,3292,3294,3309,3322,3335,3322,3279,3275,3257,3283,3294,3296,3298,3234,3295,3322,3331,3330,3353,3337,3361,3336
11427,"Rental",2,3315,2850,2842,2878,2865,2902,2889,2893,2865,2893,2943,2966,2976,2992,2992,3004,3016,2992,2969,2992,3005,3014,3043,3043,3044,3092,3099,3074,3079,3069,3076,3074,3082,3077,3135,3249,3263,3247,3246,3233,3237,3279,3287,3297,3311,3288,3294,3289,3336,3340,3324,3303,3291,3303,3333,3333,3319,3268,3271,3246,3283,3291,3294,3298,3240,3287,3330,3325,3325,3353,3338,3361,3334
11428,"Rental",2,3310,2848,2841,2874,2860,2892,2891,2886,2856,2898,2934,2967,2979,2979,2988,3004,3001,2985,2977,2988,2996,3008,3045,3040,3049,3086,3091,3069,3078,3061,3066,3065,3066,3067,3137,3250,3257,3246,3245,3238,3240,3285,3293,3291,3306,3281,3281,3276,3324,3343,3327,3300,3285,3301,3313,3331,3312,3268,3259,3242,3275,3282,3286,3300,3232,3276,3323,3334,3315,3349,3328,3348,3321
11429,"Rental",2,3303,2845,2839,2880,2873,2897,2881,2895,2855,2887,2946,2957,2971,2983,2994,3002,3012,2976,2975,2990,3003,3010,3047,3035,3047,3094,3083,3071,3078,3057,3073,3063,3080,3070,3138,3240,3260,3250,3239,3232,3243,3279,3289,3290,3311,3276,3290,3281,3334,3331,3315,3286,3294,3302,3317,3320,3311,3273,3272,3243,3272,3283,3282,3291,3225,3289,3321,3327,3326,3350,3334,3352,3321
11430,"Rental",2,1614,1155,1147,1188,1165,1194,1177,1187,1162,1197,1249,1263,1276,1278,1291,1305,1311,1276,1264,1289,1302,1317,1345,1341,1342,1387,1390,1366,1369,1362,1369,1372,1369,1377,1437,1547,1557,1540,1549,1532,1538,1578,1583,1591,1613,1586,1586,1580,1626,1638,1626,1599,1592,1594,1615,1632,1614,1569,1560,1545,1579,1583,1589,1598,1531,1587,1628,1628,1623,1647,1636,1655,1623
11432,"Rental",2,2245,1838,1888,1856,1886,1839,1824,1810,1860,1818,1879,1846,1836,1834,1890,1861,1849,1813,1832,1818,1835,1826,1818,1801,1885,1891,1834,1851,1843,1877,1804,1868,1813,1888,1834,1802,1858,1760,1922,1936,1944,1871,1909,2058,2034,2094,2202,2202,2147,2225,2301,2192,2212,2111,2130,2192,2263,2331,2095,2234,2312,2299,2314,2193,2160,2270,2241,2280,2307,2214,2224,2172,2267
11433,"Rental",2,3308,2853,2847,2876,2867,2893,2890,2886,2854,2892,2940,2960,2985,2974,2984,3007,3004,2987,2977,2986,2997,3011,3044,3046,3036,3095,3090,3075,3070,3055,3065,3072,3077,3077,3136,3245,3260,3246,3250,3231,3237,3277,3282,3290,3314,3275,3293,3287,3331,3330,3323,3294,3283,3304,3321,3323,3315,3272,3265,3244,3281,3282,3278,3296,3233,3289,3325,3329,3316,3360,3335,3344,3319
11434,"Rental",2,1611,1150,1148,1181,1169,1201,1191,1188,1161,1190,1245,1264,1273,1288,1286,1310,1300,1288,1271,1288,1295,1317,1350,1343,1335,1390,1392,1377,1371,1356,1375,1366,1375,1375,1431,1550,1557,1546,1548,1523,1533,1580,1595,1587,1600,1583,1581,1587,1622,1631,1614,1595,1589,1589,1621,1618,1616,1565,1573,1546,1576,1585,1581,1592,1527,1589,1619,1629,1623,1646,1632,1645,1629
11435,"Rental",2,1998,1765,1765,1765,1765,1765,1765,1765,1765,1765,1765,1765,1765,1765,1765,1765,1765,1765,1765,1765,1765,1765,1765,1765,1765,1765,1765,1800,1850,1627.5,1629,1675,1675,1700,1650,1700,1700,1792.5,1800,1795,1800,1850,1700,1774.5,1800,1795,1795,1800,1900,1900,1895,1800,1800,1800,1800,1800,2000,2131,1800,1800,1850,2000,2150,2195,1939,1925,1899,1900,1950,1972.5,1950,1999,2100
11436,"Rental",2,1607,1148,1138,1178,1175,1199,1190,1191,1157,1184,1244,1267,1285,1283,1289,1314,1303,1277,1263,1295,1294,1311,1350,1345,1346,1395,1389,1366,1377,1357,1372,1368,1376,1377,1430,1550,1566,1543,1539,1528,1539,1577,1581,1588,1609,1573,1584,1576,1627,1629,1622,1594,1584,1593,1617,1622,1625,1564,1568,1549,1580,1587,1586,1590,1526,1577,1622,1630,1617,1647,1634,1652,1628
11451,"Rental",2,3304,2839,2837,2874,2867,2888,2878,2892,2854,2880,2935,2965,2966,2977,2984,2998,2998,2982,2969,2986,2999,3012,3043,3027,3033,3090,3079,3063,3073,3056,3073,3066,3066,3064,3127,3237,3255,3237,3239,3225,3238,3269,3277,3292,3304,3269,3277,3274,3323,3339,3322,3288,3278,3294,3309,3327,3313,3266,3256,3248,3274,3284,3276,3296,3223,3272,3325,3329,3313,3347,3319,3341,3322
11691,"Rental",2,1610,1146,1133,1181,1161,1201,1175,1183,1162,1182,1231,1255,1280,1271,1291,1307,1301,1276,1270,1290,1301,1314,1345,1337,1332,1389,1388,1359,1372,1356,1365,1359,1366,1364,1421,1533,1557,1536,1531,1522,1529,1566,1587,1592,1604,1576,1578,1578,1629,1630,1614,1584,1590,1592,1612,1617,1620,1572,1558,1536,1567,1578,1576,1587,1523,1585,1622,1623,1614,1651,1628,1648,1623
11692,"Rental",2,1597,1144,1137,1171,1161,1196,1181,1178,1165,1190,1235,1259,1270,1277,1279,1304,1300,1284,1266,1282,1293,1308,1343,1328,1334,1395,1377,1359,1363,1359,1362,1363,1364,1359,1432,1540,1556,1538,1537,1532,1532,1568,1579,1586,1607,1572,1576,1580,1629,1639,1611,1582,1592,1589,1614,1624,1620,1561,1566,1548,1571,1579,1581,1594,1520,1576,1619,1630,1620,1651,1629,1639,1620
11693,"Rental",2,1597,1146,1140,1176,1155,1191,1181,1179,1158,1180,1237,1246,1269,1274,1281,1302,1296,1271,1262,1282,1286,1307,1336,1335,1329,1388,1377,1366,1357,1356,1356,1363,1358,1360,1419,1531,1545,1535,1539,1524,1519,1569,1583,1582,1591,1571,1572,1572,1619,1626,1604,1583,1575,1587,1612,1607,1601,1561,1556,1532,1559,1582,1581,1581,1522,1569,1608,1615,1610,1640,1621,1643,1616
11694,"Rental",2,1606,1135,1132,1177,1162,1190,1179,1186,1149,1177,1233,1254,1276,1277,1287,1301,1301,1271,1268,1280,1295,1312,1330,1332,1326,1389,1373,1359,1359,1350,1356,1358,1367,1358,1422,1530,1549,1527,1534,1518,1529,1567,1583,1573,1601,1576,1572,1574,1618,1631,1607,1585,1584,1583,1603,1618,1615,1560,1553,1532,1562,1570,1581,1590,1513,1569,1612,1613,1618,1650,1614,1639,1609
11697,"Rental",2,1605,1141,1127,1178,1156,1187,1170,1187,1150,1176,1229,1260,1261,1271,1275,1293,1301,1271,1265,1282,1294,1302,1330,1323,1334,1389,1382,1360,1358,1347,1365,1356,1369,1360,1416,1536,1540,1537,1527,1515,1527,1562,1577,1585,1589,1575,1582,1572,1615,1628,1615,1576,1582,1592,1606,1621,1606,1561,1562,1533,1569,1580,1572,1585,1524,1578,1617,1618,1614,1646,1624,1646,1621
