"","NAME","the_geom","LINE","Long","Lat"
"1","Astor Pl","POINT (-73.99106999861966 40.73005400028978)","4-6-6 Express","-73.991069998","40.7300540002"
"2","Canal St","POINT (-74.00019299927328 40.71880300107709)","4-6-6 Express","-74.000192999","40.7188030010"
"3","50th St","POINT (-73.98384899986625 40.76172799961419)","2-Jan","-73.983848999","40.7617279996"
"4","Bergen St","POINT (-73.97499915116808 40.68086213682956)","2/3/04","-73.974999151","40.6808621368"
"5","Pennsylvania Ave","POINT (-73.89488591154061 40.66471445143568)","4-Mar","-73.894885911","40.6647144514"
"6","238th St","POINT (-73.90087000018522 40.88466700064975)","1","-73.900870000","40.8846670006"
"7","Cathedral Pkwy (110th St)","POINT (-73.95806670661364 40.800581558114956)","A-B-C","-73.958066706","40.8005815581"
"8","Kingston - Throop Aves","POINT (-73.94085899871263 40.67991899941601)","A-C","-73.940858998","40.6799189994"
"9","65th St","POINT (-73.8987883783301 40.74971952935675)","E-M-R","-73.898788378","40.7497195293"
"10","36th St","POINT (-73.92901818461539 40.75196004401078)","E-M-R","-73.929018184","40.7519600440"
"11","Delancey St - Essex St","POINT (-73.98740940202974 40.71830605618619)","J-M-Z","-73.987409402","40.7183060561"
"12","Van Siclen Ave","POINT (-73.89165772702445 40.67802821447783)","J-Z","-73.891657727","40.6780282144"
"13","Norwood Ave","POINT (-73.87962599910783 40.68152000045683)","J-Z","-73.879625999","40.6815200004"
"14","104th-102nd Sts","POINT (-73.84443500029684 40.69516599823373)","J-Z","-73.844435000","40.6951659982"
"15","DeKalb Ave","POINT (-73.98177094440949 40.690648119969794)","B-D-N-Q-R","-73.981770944","40.6906481199"
"16","Beach 105th St","POINT (-73.82758075034528 40.58326843810286)","A-S","-73.827580750","40.5832684381"
"17","Beach 90th St","POINT (-73.81365140419632 40.58809156457325)","A-S","-73.813651404","40.5880915645"
"18","Freeman St","POINT (-73.89175225349464 40.829987446384116)","5-Feb","-73.891752253","40.8299874463"
"19","Intervale Ave","POINT (-73.89661738461646 40.822142131170786)","5-Feb","-73.896617384","40.8221421311"
"20","182nd-183rd Sts","POINT (-73.90074099998965 40.85609299881864)","B-D","-73.900740999","40.8560929988"
"21","174th-175th Sts","POINT (-73.91013600050078 40.84589999983414)","B-D","-73.910136000","40.8458999998"
"22","167th St","POINT (-73.91843200082253 40.83376899862797)","B-D","-73.918432000","40.8337689986"
"23","Mets - Willets Point","POINT (-73.8456249984179 40.75462199881262)","7-7 Express","-73.845624998","40.7546219988"
"24","Junction Blvd","POINT (-73.86952700103515 40.74914499948836)","7-7 Express","-73.869527001","40.7491449994"
"25","Flushing - Main St","POINT (-73.83003000262508 40.75959999915012)","7-7 Express","-73.830030002","40.7595999991"
"26","Buhre Ave","POINT (-73.83256900003744 40.846809998885504)","6-6 Express","-73.832569000","40.8468099988"
"27","3rd Ave - 138th St","POINT (-73.92613800014134 40.81047600117261)","6-6 Express","-73.926138000","40.8104760011"
"28","Castle Hill Ave","POINT (-73.85122199961472 40.83425499825462)","6-6 Express","-73.851221999","40.8342549982"
"29","Brooklyn Bridge - City Hall","POINT (-74.0041310005885 40.713064999433136)","4-5-6-6 Express","-74.004131000","40.7130649994"
"30","Zerega Ave","POINT (-73.8470359987544 40.836488000608156)","6-6 Express","-73.847035998","40.8364880006"
"31","Grand Central - 42nd St","POINT (-73.9767132992584 40.75180742981634)","4-5-6-6 Express","-73.976713299","40.7518074298"
"32","33rd St","POINT (-73.98207600148947 40.74608099909145)","4-6-6 Express","-73.982076001","40.7460809990"
"33","96th St","POINT (-73.9510700015425 40.78567199998607)","4-6-6 Express","-73.951070001","40.7856719999"
"34","77th St","POINT (-73.95987399886047 40.77362000074615)","4-6-6 Express","-73.959873998","40.7736200007"
"35","Chauncey St","POINT (-73.91038357033376 40.68285130087804)","J-Z","-73.910383570","40.6828513008"
"36","Union St","POINT (-73.98310999909673 40.67731566735096)","D-N-R","-73.983109999","40.6773156673"
"37","Elmhurst Ave","POINT (-73.8820347465864 40.74237007972169)","E-M-R","-73.882034746","40.7423700797"
"38","Ralph Ave","POINT (-73.92078599933306 40.678822000873375)","A-C","-73.920785999","40.6788220008"
"39","Pelham Pkwy","POINT (-73.86748067850041 40.8571924091606)","5-Feb","-73.867480678","40.8571924091"
"40","Gun Hill Rd","POINT (-73.86613410538703 40.877839385172024)","5-Feb","-73.866134105","40.8778393851"
"41","Nereid Ave (238 St)","POINT (-73.8543153107622 40.898286515575286)","5-Feb","-73.854315310","40.8982865155"
"42","Franklin Ave","POINT (-73.9580997367769 40.67076515344894)","2-3-4-5","-73.958099736","40.6707651534"
"43","Simpson St","POINT (-73.89306639507903 40.823976841237396)","5-Feb","-73.893066395","40.8239768412"
"44","Bronx Park East","POINT (-73.86835609178098 40.848768666338934)","5-Feb","-73.868356091","40.8487686663"
"45","Winthrop St","POINT (-73.95007934590994 40.65665931376077)","5-Feb","-73.950079345","40.6566593137"
"46","Van Siclen Ave","POINT (-73.88940491730106 40.665517963059635)","4-Mar","-73.889404917","40.6655179630"
"47","149th St - Grand Concourse","POINT (-73.9273847542618 40.81830344372315)","4","-73.927384754","40.8183034437"
"48","161st St - Yankee Stadium","POINT (-73.92569199505733 40.82823032742169)","4","-73.925691995","40.8282303274"
"49","Lexington Ave - 59th St","POINT (-73.9679670004732 40.762526000304575)","4-5-6-6 Express","-73.967967000","40.7625260003"
"50","E 149th St","POINT (-73.90409799875945 40.81211799827203)","6","-73.904097998","40.8121179982"
"51","Morrison Av - Soundview","POINT (-73.87451599929486 40.82952100156747)","6","-73.874515999","40.8295210015"
"52","Whitlock Ave","POINT (-73.8862829985325 40.82652500055904)","6","-73.886282998","40.8265250005"
"53","St Lawrence Ave","POINT (-73.86761799923673 40.8315090005233)","6","-73.867617999","40.8315090005"
"54","Woodside - 61st St","POINT (-73.90298400173006 40.745630001138395)","7-7 Express","-73.902984001","40.7456300011"
"55","Far Rockaway - Mott Ave","POINT (-73.75540499924732 40.603995001687544)","A","-73.755404999","40.6039950016"
"56","72nd St","POINT (-73.976336575218 40.77551939729258)","A-B-C","-73.976336575","40.7755193972"
"57","96th St","POINT (-73.96460245687166 40.79161879767014)","A-B-C","-73.964602456","40.7916187976"
"58","168th St","POINT (-73.93956099985425 40.84071899990795)","A-C","-73.939560999","40.8407189999"
"59","Kingsbridge Rd","POINT (-73.8935090000331 40.86697799999945)","B-D","-73.893509000","40.8669779999"
"60","42nd St - Bryant Pk","POINT (-73.98459099904711 40.754184001312545)","B-D-F-M","-73.984590999","40.7541840013"
"61","Prospect Park","POINT (-73.96203130426609 40.6616334551018)","B-Q-S","-73.962031304","40.6616334551"
"62","55th St","POINT (-73.99534882595742 40.63147876093745)","D","-73.995348825","40.6314787609"
"63","Jamaica - Van Wyck","POINT (-73.81701287135405 40.70289855287313)","E","-73.817012871","40.7028985528"
"64","Kew Gardens - Union Tpke","POINT (-73.8303702709878 40.714034819571026)","E-F","-73.830370270","40.7140348195"
"65","Sutphin Blvd - Archer Av","POINT (-73.80800471963833 40.700382424235)","E-J-Z","-73.808004719","40.7003824242"
"66","Court Sq - 23rd St","POINT (-73.94605470266329 40.747768121414325)","E-M","-73.946054702","40.7477681214"
"67","67th Ave","POINT (-73.85286048434907 40.726505475813006)","E-M-R","-73.852860484","40.7265054758"
"68","Grand Ave - Newtown","POINT (-73.87722085669182 40.736813418197144)","E-M-R","-73.877220856","40.7368134181"
"69","Ditmas Ave","POINT (-73.97817199965161 40.63611866666291)","F","-73.978171999","40.6361186666"
"70","Classon Ave","POINT (-73.95999000137212 40.68888900026455)","G","-73.959990001","40.6888890002"
"71","Broadway","POINT (-73.95031225606621 40.706126576274166)","G","-73.950312256","40.7061265762"
"72","Lorimer St","POINT (-73.95024799996972 40.71407200064717)","L","-73.950247999","40.7140720006"
"73","Sutter Ave","POINT (-73.9019160004208 40.66914500061398)","L","-73.901916000","40.6691450006"
"74","Wilson Ave","POINT (-73.90395860491864 40.68886654246024)","L","-73.903958604","40.6888665424"
"75","Halsey St","POINT (-73.9166388842194 40.686415270704344)","J","-73.916638884","40.6864152707"
"76","Lorimer St","POINT (-73.94735499884204 40.703844000042096)","J-M","-73.947354998","40.7038440000"
"77","8th Ave","POINT (-74.01151599772157 40.634970999647166)","N","-74.011515997","40.6349709996"
"78","36th Ave","POINT (-73.929861999118 40.7564420005104)","N-W","-73.929861999","40.7564420005"
"79","Broadway","POINT (-73.92582299919906 40.761431998800546)","N-W","-73.925822999","40.7614319988"
"80","Times Sq - 42nd St","POINT (-73.98676800153976 40.75461199851542)","N-Q-R-W","-73.986768001","40.7546119985"
"81","Grand Central - 42nd St","POINT (-73.97918899989101 40.75276866674217)","S","-73.979188999","40.7527686667"
"82","Park Pl","POINT (-73.95762400074634 40.67477166685263)","S","-73.957624000","40.6747716668"
"83","111th St","POINT (-73.83216299845388 40.68433100001238)","A-S","-73.832162998","40.6843310000"
"84","W 4th St - Washington Sq (Lower)","POINT (-74.00030814755975 40.732254493367876)","B-D-F-M","-74.000308147","40.7322544933"
"85","51st St","POINT (-73.97192000069982 40.75710699989316)","4-6-6 Express","-73.971920000","40.7571069998"
"86","86th St","POINT (-73.97621799859327 40.78864400073892)","2-Jan","-73.976217998","40.7886440007"
"87","233rd St","POINT (-73.85736239521543 40.89314324138378)","5-Feb","-73.857362395","40.8931432413"
"88","66th St - Lincoln Ctr","POINT (-73.98220899995783 40.77344000052039)","2-Jan","-73.982208999","40.7734400005"
"89","Hunts Point Ave","POINT (-73.89054900017344 40.82094799852307)","6-6 Express","-73.890549000","40.8209479985"
"90","Canal St","POINT (-74.0062770001748 40.72285399778783)","2-Jan","-74.006277000","40.7228539977"
"91","Middletown Rd","POINT (-73.83632199755944 40.84386300128381)","6-6 Express","-73.836321997","40.8438630012"
"92","23rd St","POINT (-73.98659900207888 40.739864000474604)","4-6-6 Express","-73.986599002","40.7398640004"
"93","Court Sq","POINT (-73.94526400039679 40.74702299889643)","7-7 Express","-73.945264000","40.7470229988"
"94","59th St - Columbus Circle","POINT (-73.98192900232715 40.76824700063689)","2-Jan","-73.981929002","40.7682470006"
"95","Hunters Point Ave","POINT (-73.9489160009391 40.74221599986316)","7-7 Express","-73.948916000","40.7422159998"
"96","23rd St","POINT (-73.9956570016487 40.74408099989751)","2-Jan","-73.995657001","40.7440809998"
"97","Houston St","POINT (-74.00536700180581 40.728251000730204)","2-Jan","-74.005367001","40.7282510007"
"98","104th St","POINT (-73.83768300060997 40.681711001091195)","A-S","-73.837683000","40.6817110010"
"99","Broad Channel","POINT (-73.81583268782963 40.60840218069683)","A-S","-73.815832687","40.6084021806"
"100","Ocean Pkwy","POINT (-73.96850099975177 40.57631166708091)","Q","-73.968500999","40.5763116670"
"101","Vernon Blvd - Jackson Ave","POINT (-73.95358099875249 40.74262599969749)","7-7 Express","-73.953580998","40.7426259996"
"102","68th St - Hunter College","POINT (-73.96387000158042 40.76814100049679)","4-6-6 Express","-73.963870001","40.7681410004"
"103","Queensboro Plz","POINT (-73.9401635351909 40.750635651014804)","7-7 Express-N-W","-73.940163535","40.7506356510"
"104","Rockaway Blvd","POINT (-73.8438529979573 40.680428999588415)","A-S","-73.843852997","40.6804289995"
"105","Union Sq - 14th St","POINT (-73.98995099881881 40.734673000996125)","4-5-6-6 Express","-73.989950998","40.7346730009"
"106","Bedford - Nostrand Aves","POINT (-73.95352200064022 40.68962700158444)","G","-73.953522000","40.6896270015"
"107","15th St - Prospect Park","POINT (-73.97973580592873 40.66003568810021)","F-G","-73.979735805","40.6600356881"
"108","7th Ave","POINT (-73.98025117900944 40.66624469001985)","F-G","-73.980251179","40.6662446900"
"109","Ft Hamilton Pkwy","POINT (-73.97577599917474 40.65078166803418)","F-G","-73.975775999","40.6507816680"
"110","Church Ave","POINT (-73.97972116229084 40.64427200012998)","F-G","-73.979721162","40.6442720001"
"111","Beverly Rd","POINT (-73.96435779623125 40.64390459860419)","Q","-73.964357796","40.6439045986"
"112","Church Ave","POINT (-73.96288246192114 40.65049324646484)","B-Q","-73.962882461","40.6504932464"
"113","Newkirk Ave","POINT (-73.96269486837261 40.63514193733789)","B-Q","-73.962694868","40.6351419373"
"114","Parkside Ave","POINT (-73.96145343987648 40.65507304163716)","Q","-73.961453439","40.6550730416"
"115","Grand Army Plaza","POINT (-73.9709563319228 40.6752946951032)","2/3/04","-73.970956331","40.6752946951"
"116","Atlantic Av - Barclay's Center","POINT (-73.97754993539385 40.68442016526762)","2-3-4-5","-73.977549935","40.6844201652"
"117","Rockaway Ave","POINT (-73.91194599726617 40.678339999883505)","A-C","-73.911945997","40.6783399998"
"118","Fulton St","POINT (-73.97537499833149 40.68711899950771)","G","-73.975374998","40.6871189995"
"119","Clinton - Washington Aves","POINT (-73.9667959986695 40.68809400106055)","G","-73.966795998","40.6880940010"
"120","7th Ave","POINT (-73.97285279191024 40.67710217983294)","B-Q","-73.972852791","40.6771021798"
"121","Atlantic Av - Barclay's Center","POINT (-73.97678343963167 40.684488323453685)","B-Q","-73.976783439","40.6844883234"
"122","Atlantic Av - Barclay's Center","POINT (-73.97880999956767 40.683665667279435)","D-N-Q-R","-73.978809999","40.6836656672"
"123","Borough Hall","POINT (-73.99015100090539 40.692403999991036)","5-Apr","-73.990151000","40.6924039999"
"124","Aqueduct Racetrack","POINT (-73.83591899965162 40.672096999172844)","A","-73.835918999","40.6720969991"
"125","Morris Park","POINT (-73.86049500117254 40.85436399966426)","5","-73.860495001","40.8543639996"
"126","Pelham Pkwy","POINT (-73.85535900043564 40.858984999820116)","5","-73.855359000","40.8589849998"
"127","Nostrand Ave","POINT (-73.95042600099683 40.68043800006226)","A-C","-73.950426000","40.6804380000"
"128","Nevins St","POINT (-73.98040679874578 40.68831058019022)","2-3-4-5","-73.980406798","40.6883105801"
"129","Eastern Pkwy - Bklyn Museum","POINT (-73.96422203748425 40.67203223545925)","2/3/04","-73.964222037","40.6720322354"
"130","Beverly Rd","POINT (-73.94884798381702 40.64512351894373)","5-Feb","-73.948847983","40.6451235189"
"131","Church Ave","POINT (-73.94945514035334 40.6508606878022)","5-Feb","-73.949455140","40.6508606878"
"132","Newkirk Ave","POINT (-73.94829990822407 40.63999124275311)","5-Feb","-73.948299908","40.6399912427"
"133","Brooklyn College - Flatbush Ave","POINT (-73.94754120734406 40.63284240700742)","5-Feb","-73.947541207","40.6328424070"
"134","Sterling St","POINT (-73.95072891124937 40.6627729934283)","5-Feb","-73.950728911","40.6627729934"
"135","Crown Hts - Utica Ave","POINT (-73.93293256081851 40.66897831107809)","4-Mar","-73.932932560","40.6689783110"
"136","Kingston Ave","POINT (-73.94215978392963 40.66948144864978)","4-Mar","-73.942159783","40.6694814486"
"137","Nassau Ave","POINT (-73.95118300016523 40.724479997808274)","G","-73.951183000","40.7244799978"
"138","Greenpoint Ave","POINT (-73.95442500146235 40.73126699971465)","G","-73.954425001","40.7312669997"
"139","Marcy Ave","POINT (-73.95783200075729 40.708383000017925)","J-M-Z","-73.957832000","40.7083830000"
"140","Hewes St","POINT (-73.95348800038457 40.706889998054)","J-M","-73.953488000","40.7068899980"
"141","138th St - Grand Concourse","POINT (-73.92984899935611 40.81322399958908)","5-Apr","-73.929848999","40.8132239995"
"142","5th Ave - 53rd St","POINT (-73.9752485052734 40.76008683231326)","E-M","-73.975248505","40.7600868323"
"143","Lexington Ave - 53rd St","POINT (-73.96907237490204 40.75746830782865)","E-M","-73.969072374","40.7574683078"
"144","28th St","POINT (-73.98869800128737 40.74545399979951)","N-Q-R-W","-73.988698001","40.7454539997"
"145","Herald Sq - 34th St","POINT (-73.9879368338264 40.74964456009442)","N-Q-R-W","-73.987936833","40.7496445600"
"146","1st Ave","POINT (-73.98168087489128 40.73097497580066)","L","-73.981680874","40.7309749758"
"147","Times Sq - 42nd St","POINT (-73.98622899953202 40.755983000570076)","S","-73.986228999","40.7559830005"
"148","Metropolitan Ave","POINT (-73.9514239994525 40.71277400073426)","G","-73.951423999","40.7127740007"
"149","Grand St","POINT (-73.94049699874644 40.71157600064823)","L","-73.940496998","40.7115760006"
"150","Graham Ave","POINT (-73.94394399869037 40.714575998363635)","L","-73.943943998","40.7145759983"
"151","Bedford Ave","POINT (-73.95666499806525 40.71717399858899)","L","-73.956664998","40.7171739985"
"152","Montrose Ave","POINT (-73.93979284713505 40.70739106438455)","L","-73.939792847","40.7073910643"
"153","Long Island City - Court Sq","POINT (-73.94381559597835 40.74630503357145)","G","-73.943815595","40.7463050335"
"154","21st St","POINT (-73.9495999997552 40.7441286664954)","G","-73.949599999","40.7441286664"
"155","39th Ave","POINT (-73.93285137679598 40.75276306140845)","N-W","-73.932851376","40.7527630614"
"156","145th St","POINT (-73.95035999879713 40.82655099962194)","1","-73.950359998","40.8265509996"
"157","157th St","POINT (-73.94488999901047 40.8340410001399)","1","-73.944889999","40.8340410001"
"158","96th St","POINT (-73.97232299915696 40.79391900121471)","1/2/03","-73.972322999","40.7939190012"
"159","103rd St","POINT (-73.96837899960818 40.799446000334825)","1","-73.968378999","40.7994460003"
"160","Central Park North (110th St)","POINT (-73.95182200176913 40.79907499977324)","3-Feb","-73.951822001","40.7990749997"
"161","103rd St","POINT (-73.96137008267617 40.796060739904526)","A-B-C","-73.961370082","40.7960607399"
"162","72nd St","POINT (-73.98197000159583 40.77845300068614)","1/2/03","-73.981970001","40.7784530006"
"163","81st St","POINT (-73.97209794937208 40.78134608418206)","A-B-C","-73.972097949","40.7813460841"
"164","75th Ave","POINT (-73.83692369387158 40.71804465348743)","E-F","-73.836923693","40.7180446534"
"165","86th St","POINT (-73.96882849429672 40.78582304678557)","A-B-C","-73.968828494","40.7858230467"
"166","Cathedral Pkwy (110th St)","POINT (-73.9668470005456 40.80396699961484)","1","-73.966847000","40.8039669996"
"167","116th St - Columbia University","POINT (-73.96410999757751 40.807722001230864)","1","-73.964109997","40.8077220012"
"168","125th St","POINT (-73.94549500011411 40.807753999182815)","3-Feb","-73.945495000","40.8077539991"
"169","135th St","POINT (-73.94077000106708 40.8142290003391)","3-Feb","-73.940770001","40.8142290003"
"170","116th St","POINT (-73.94962500096905 40.802097999133004)","3-Feb","-73.949625000","40.8020979991"
"171","Tremont Ave","POINT (-73.90522700122354 40.850409999510234)","B-D","-73.905227001","40.8504099995"
"172","137th St - City College","POINT (-73.95367600087873 40.82200799968475)","1","-73.953676000","40.8220079996"
"173","145th St","POINT (-73.93624499873299 40.82042099969279)","3","-73.936244998","40.8204209996"
"174","176th St","POINT (-73.91179399884471 40.8484800012369)","4","-73.911793998","40.8484800012"
"175","Burnside Ave","POINT (-73.9076840015997 40.85345300155693)","4","-73.907684001","40.8534530015"
"176","170th St","POINT (-73.91339999846983 40.83930599964156)","B-D","-73.913399998","40.8393059996"
"177","168th St","POINT (-73.94013299907257 40.840555999148535)","1","-73.940132999","40.8405559991"
"178","181st St","POINT (-73.9335959996056 40.84950499974065)","1","-73.933595999","40.8495049997"
"179","191st St","POINT (-73.92941199742039 40.85522500175836)","1","-73.929411997","40.8552250017"
"180","175th St","POINT (-73.93970399761596 40.84739100072403)","A","-73.939703997","40.8473910007"
"181","Beach 44th St","POINT (-73.77601299999507 40.59294299908617)","A","-73.776012999","40.5929429990"
"182","Beach 60th St","POINT (-73.7885219980118 40.59237400121235)","A","-73.788521998","40.5923740012"
"183","Beach 98th St","POINT (-73.82052058959523 40.58538569133279)","A-S","-73.820520589","40.5853856913"
"184","Rockaway Park - Beach 116 St","POINT (-73.83559008701239 40.580955865573515)","A-S","-73.835590087","40.5809558655"
"185","Beach 36th St","POINT (-73.76817499939688 40.59539800166876)","A","-73.768174999","40.5953980016"
"186","Beach 25th St","POINT (-73.76135299762073 40.60006600105881)","A","-73.761352997","40.6000660010"
"187","Parsons Blvd","POINT (-73.80328900021885 40.707571999615695)","F","-73.803289000","40.7075719996"
"188","169th St","POINT (-73.79347419927721 40.710517502784)","F","-73.793474199","40.7105175027"
"189","103rd St - Corona Plaza","POINT (-73.86269999830412 40.749865000555545)","7","-73.862699998","40.7498650005"
"190","111th St","POINT (-73.85533399834884 40.75172999941711)","7","-73.855333998","40.7517299994"
"191","63rd Dr - Rego Park","POINT (-73.86161820097203 40.729763972422425)","E-M-R","-73.861618200","40.7297639724"
"192","Grant Ave","POINT (-73.86504999877702 40.67704400054478)","A-S","-73.865049998","40.6770440005"
"193","79th St","POINT (-73.97991700056134 40.78393399959032)","2-Jan","-73.979917000","40.7839339995"
"194","Atlantic Ave","POINT (-73.9030969995401 40.67534466640805)","L","-73.903096999","40.6753446664"
"195","Christopher St - Sheridan Sq","POINT (-74.00290599855235 40.73342200104225)","2-Jan","-74.002905998","40.7334220010"
"196","Ozone Park - Lefferts Blvd","POINT (-73.82579799906613 40.68595099878361)","A-S","-73.825797999","40.6859509987"
"197","Times Sq - 42nd St","POINT (-73.98769099825152 40.755477001982506)","7-7 Express","-73.987690998","40.7554770019"
"198","W 8th St - NY Aquarium","POINT (-73.97595787413822 40.576033818103646)","F-Q","-73.975957874","40.5760338181"
"199","28th St","POINT (-73.99336500134324 40.74721499918219)","2-Jan","-73.993365001","40.7472149991"
"200","28th St","POINT (-73.98426400110407 40.743069999259035)","4-6-6 Express","-73.984264001","40.7430699992"
"201","Pelham Bay Park","POINT (-73.82812100059289 40.85246199951662)","6-6 Express","-73.828121000","40.8524619995"
"202","Westchester Sq - E Tremont Ave","POINT (-73.84295199925012 40.839892001013915)","6-6 Express","-73.842951999","40.8398920010"
"203","18th St","POINT (-73.99787100060406 40.741039999802105)","2-Jan","-73.997871000","40.7410399998"
"204","Grand Central - 42nd St","POINT (-73.97604100111508 40.751431000286864)","7-7 Express","-73.976041001","40.7514310002"
"205","Beach 67th St","POINT (-73.7969239998421 40.59092700078133)","A","-73.796923999","40.5909270007"
"206","W 4th St - Washington Sq (Upper)","POINT (-74.00049500225435 40.73233799774325)","A-C-E","-74.000495002","40.7323379977"
"207","85th St - Forest Pky","POINT (-73.86008700006875 40.69242699966103)","J","-73.860087000","40.6924269996"
"208","Woodhaven Blvd","POINT (-73.85205199740794 40.69370399880105)","J-Z","-73.852051997","40.6937039988"
"209","111th St","POINT (-73.83679338454697 40.697114810696476)","J","-73.836793384","40.6971148106"
"210","121st St","POINT (-73.82834900017954 40.700481998515315)","J-Z","-73.828349000","40.7004819985"
"211","Halsey St","POINT (-73.90393400118631 40.69551800114878)","L","-73.903934001","40.6955180011"
"212","Myrtle - Wyckoff Aves","POINT (-73.9109757182647 40.699471062427136)","L","-73.910975718","40.6994710624"
"213","New Lots Ave","POINT (-73.88411070800329 40.6663149325969)","4-Mar","-73.884110708","40.6663149325"
"214","Van Siclen Ave","POINT (-73.8903580002471 40.67270999906104)","A-C","-73.890358000","40.6727099990"
"215","Cleveland St","POINT (-73.8851940021643 40.679777998961164)","J","-73.885194002","40.6797779989"
"216","Livonia Ave","POINT (-73.90056237226057 40.66405727094644)","L","-73.900562372","40.6640572709"
"217","Junius St","POINT (-73.90244864183562 40.66358900181724)","4-Mar","-73.902448641","40.6635890018"
"218","Rockaway Ave","POINT (-73.90895833584449 40.66261748815223)","4-Mar","-73.908958335","40.6626174881"
"219","Canarsie - Rockaway Pkwy","POINT (-73.90185000017287 40.64665366739528)","L","-73.901850000","40.6466536673"
"220","E 105th St","POINT (-73.89954769388724 40.65046878544699)","L","-73.899547693","40.6504687854"
"221","Saratoga Ave","POINT (-73.91633025007947 40.6615297898075)","4-Mar","-73.916330250","40.6615297898"
"222","Sutter Ave - Rutland Road","POINT (-73.92252118536001 40.66476678877493)","4-Mar","-73.922521185","40.6647667887"
"223","New Lots Ave","POINT (-73.89927796057142 40.65891477368527)","L","-73.899277960","40.6589147736"
"224","Broadway Junction","POINT (-73.90428999746412 40.67936600147369)","J-Z","-73.904289997","40.6793660014"
"225","Alabama Ave","POINT (-73.89852600159652 40.676998000003756)","J","-73.898526001","40.6769980000"
"226","Shepherd Ave","POINT (-73.88074999747269 40.6741300014559)","A-C","-73.880749997","40.6741300014"
"227","Crescent St","POINT (-73.87392925215778 40.68315265707736)","J-Z","-73.873929252","40.6831526570"
"228","Cypress Hills","POINT (-73.87332199882995 40.689616000838754)","J","-73.873321998","40.6896160008"
"229","75th St - Eldert Ln","POINT (-73.86728799944963 40.691290001246735)","J-Z","-73.867287999","40.6912900012"
"230","69th St","POINT (-73.8964029993185 40.746324999410284)","7","-73.896402999","40.7463249994"
"231","74th St - Broadway","POINT (-73.8912051289911 40.746867573829114)","7","-73.891205128","40.7468675738"
"232","Woodhaven Blvd - Queens Mall","POINT (-73.86943208612348 40.73309737380972)","E-M-R","-73.869432086","40.7330973738"
"233","Myrtle - Wyckoff Aves","POINT (-73.91217899939602 40.69945400090837)","M","-73.912178999","40.6994540009"
"234","Seneca Ave","POINT (-73.90758199885423 40.70291899894902)","M","-73.907581998","40.7029189989"
"235","DeKalb Ave","POINT (-73.91823200219723 40.70369299961644)","L","-73.918232002","40.7036929996"
"236","52nd St","POINT (-73.91254899891254 40.744149001021576)","7","-73.912548998","40.7441490010"
"237","46th St","POINT (-73.91352174995538 40.756316952608096)","E-M-R","-73.913521749","40.7563169526"
"238","Northern Blvd","POINT (-73.90606508052358 40.752824829236076)","E-M-R","-73.906065080","40.7528248292"
"239","46th St","POINT (-73.91843500103973 40.74313200060382)","7","-73.918435001","40.7431320006"
"240","82nd St - Jackson Hts","POINT (-73.88369700071884 40.747658999559135)","7","-73.883697000","40.7476589995"
"241","90th St - Elmhurst Av","POINT (-73.87661299986985 40.74840800060913)","7","-73.876612999","40.7484080006"
"242","Howard Beach - JFK Airport","POINT (-73.83030100071032 40.66047600004959)","A","-73.830301000","40.6604760000"
"243","Aqueduct - North Conduit Av","POINT (-73.83405799948723 40.668234001699815)","A","-73.834057999","40.6682340016"
"244","Briarwood - Van Wyck Blvd","POINT (-73.82069263637443 40.70916181536946)","E-F","-73.820692636","40.7091618153"
"245","Forest Hills - 71st Av","POINT (-73.84451672012669 40.72159430953587)","E-F-M-R","-73.844516720","40.7215943095"
"246","Sutphin Blvd","POINT (-73.81083299897232 40.70541799906764)","F","-73.810832998","40.7054179990"
"247","Jamaica Ctr - Parsons / Archer","POINT (-73.80109632298924 40.70206737621188)","E-J-Z","-73.801096322","40.7020673762"
"248","225th St","POINT (-73.86021461772737 40.88802825863786)","5-Feb","-73.860214617","40.8880282586"
"249","Elder Ave","POINT (-73.87915899874777 40.82858400108929)","6","-73.879158998","40.8285840010"
"250","Longwood Ave","POINT (-73.89643499897414 40.816103999972405)","6","-73.896434998","40.8161039999"
"251","Astoria Blvd","POINT (-73.91809500109238 40.77003699949086)","N-W","-73.918095001","40.7700369994"
"252","Astoria - Ditmars Blvd","POINT (-73.9120340001031 40.775035666523664)","N-W","-73.912034000","40.7750356665"
"253","Jackson Ave","POINT (-73.9077019387083 40.81643746686396)","5-Feb","-73.907701938","40.8164374668"
"254","Prospect Ave","POINT (-73.90177778730917 40.81948726483844)","5-Feb","-73.901777787","40.8194872648"
"255","Cypress Ave","POINT (-73.91404199994753 40.8053680007636)","6","-73.914041999","40.8053680007"
"256","174th St","POINT (-73.88769359812888 40.837195550170605)","5-Feb","-73.887693598","40.8371955501"
"257","Allerton Ave","POINT (-73.86723422851625 40.86548337793927)","5-Feb","-73.867234228","40.8654833779"
"258","E 143rd St - St Mary's St","POINT (-73.90765699936489 40.80871900090143)","6","-73.907656999","40.8087190009"
"259","Kingsbridge Rd","POINT (-73.89717400101743 40.867760000885795)","4","-73.897174001","40.8677600008"
"260","Bedford Park Blvd - Lehman College","POINT (-73.89006400069478 40.87341199980121)","4","-73.890064000","40.8734119998"
"261","Harlem - 148 St","POINT (-73.93647000005559 40.82388000080457)","3","-73.936470000","40.8238800008"
"262","Mt Eden Ave","POINT (-73.9146849986034 40.84443400092679)","4","-73.914684998","40.8444340009"
"263","Fordham Rd","POINT (-73.89774900102401 40.861295998683495)","B-D","-73.897749001","40.8612959986"
"264","170th St","POINT (-73.91779099745928 40.84007499993004)","4","-73.917790997","40.8400749999"
"265","Bedford Park Blvd","POINT (-73.88713799889574 40.87324399861646)","B-D","-73.887137998","40.8732439986"
"266","Marble Hill - 225th St","POINT (-73.90983099923551 40.87456099941789)","1","-73.909830999","40.8745609994"
"267","231st St","POINT (-73.90483400107873 40.87885599817935)","1","-73.904834001","40.8788559981"
"268","215th St","POINT (-73.91527899954356 40.86944399946045)","1","-73.915278999","40.8694439994"
"269","207th St","POINT (-73.91881900132312 40.864614000525854)","1","-73.918819001","40.8646140005"
"270","Inwood - 207th St","POINT (-73.91989900100465 40.86807199999737)","A","-73.919899001","40.8680719999"
"271","Van Cortlandt Park - 242nd St","POINT (-73.89858300049647 40.88924800011476)","1","-73.898583000","40.8892480001"
"272","West Farms Sq - E Tremont Av","POINT (-73.87996127877184 40.84020763241799)","5-Feb","-73.879961278","40.8402076324"
"273","219th St","POINT (-73.8625097078866 40.883887974625274)","5-Feb","-73.862509707","40.8838879746"
"274","Mosholu Pkwy","POINT (-73.88465499988732 40.87974999947229)","4","-73.884654999","40.8797499994"
"275","Norwood - 205th St","POINT (-73.87885499918691 40.87481100011182)","D","-73.878854999","40.8748110001"
"276","Burke Ave","POINT (-73.86705361747603 40.87125880254771)","5-Feb","-73.867053617","40.8712588025"
"277","Baychester Ave","POINT (-73.83859099802153 40.87866300037311)","5","-73.838590998","40.8786630003"
"278","Eastchester - Dyre Ave","POINT (-73.8308340021742 40.88829999901007)","5","-73.830834002","40.8882999990"
"279","Jamaica - 179th St","POINT (-73.78381700176453 40.712645666744045)","F","-73.783817001","40.7126456667"
"280","Wakefield - 241st St","POINT (-73.8506199987954 40.903125000541245)","2","-73.850619998","40.9031250005"
"281","Botanic Garden","POINT (-73.95924499945693 40.670342666584396)","S","-73.959244999","40.6703426665"
"282","Bushwick - Aberdeen","POINT (-73.90526176305106 40.68286062551184)","L","-73.905261763","40.6828606255"
"283","Broadway Junction","POINT (-73.90311757920684 40.67845624842869)","L","-73.903117579","40.6784562484"
"284","Gun Hill Rd","POINT (-73.84638400151765 40.86952599962676)","5","-73.846384001","40.8695259996"
"285","E 180th St","POINT (-73.87334609510884 40.8418630412186)","5-Feb","-73.873346095","40.8418630412"
"286","Dyckman St","POINT (-73.92553600006474 40.86053100138796)","1","-73.925536000","40.8605310013"
"287","125th St","POINT (-73.95837200097044 40.815580999978934)","1","-73.958372000","40.8155809999"
"288","Franklin Ave - Fulton St","POINT (-73.95582700110425 40.68059566598263)","S","-73.955827001","40.6805956659"
"289","149th St - Grand Concourse","POINT (-73.92672247438611 40.81833014409742)","5-Feb","-73.926722474","40.8183301440"
"290","3rd Ave - 149th St","POINT (-73.91779152760981 40.816029252510006)","5-Feb","-73.917791527","40.8160292525"
"291","167th St","POINT (-73.92139999784426 40.83553699933672)","4","-73.921399997","40.8355369993"
"292","Brook Ave","POINT (-73.91923999909432 40.80756599987699)","6","-73.919239999","40.8075659998"
"293","33rd St","POINT (-73.93099699953838 40.74458699983993)","7","-73.930996999","40.7445869998"
"294","40th St","POINT (-73.9240159984882 40.74378100149132)","7","-73.924015998","40.7437810014"
"295","145th St","POINT (-73.94408792823116 40.824766360871905)","A-B-C-D","-73.944087928","40.8247663608"
"296","155th St","POINT (-73.93820899811622 40.8301349999812)","B-D","-73.938208998","40.8301349999"
"297","161st St - Yankee Stadium","POINT (-73.92565099775477 40.827904998845845)","B-D","-73.925650997","40.8279049988"
"298","Utica Ave","POINT (-73.93072899914027 40.67936399950546)","A-C","-73.930728999","40.6793639995"
"299","Steinway St","POINT (-73.9205264716827 40.75698735912575)","E-M-R","-73.920526471","40.7569873591"
"300","Kosciuszko St","POINT (-73.92850899927413 40.69317200129202)","J","-73.928508999","40.6931720012"
"301","Gates Ave","POINT (-73.92215600150752 40.689583999013905)","J-Z","-73.922156001","40.6895839990"
"302","Central Ave","POINT (-73.92724299902838 40.69787300011831)","M","-73.927242999","40.6978730001"
"303","Knickerbocker Ave","POINT (-73.91972000188625 40.69866000123805)","M","-73.919720001","40.6986600012"
"304","30th Ave","POINT (-73.9214790001739 40.76677866673298)","N-W","-73.921479000","40.7667786667"
"305","Jefferson St","POINT (-73.9229130000312 40.706606665988716)","L","-73.922913000","40.7066066659"
"306","Morgan Ave","POINT (-73.93314700024209 40.70615166680729)","L","-73.933147000","40.7061516668"
"307","Queens Plz","POINT (-73.93713823965695 40.74891771986323)","E-M-R","-73.937138239","40.7489177198"
"308","18th Ave","POINT (-73.97697099965796 40.62975466638584)","F","-73.976970999","40.6297546663"
"309","77th St","POINT (-74.0255099996266 40.629741666886915)","R","-74.025509999","40.6297416668"
"310","Bay Ridge Ave","POINT (-74.02337699950728 40.63496666682377)","R","-74.023376999","40.6349666668"
"311","50th St","POINT (-73.9946587805514 40.636260890961395)","D","-73.994658780","40.6362608909"
"312","Ft Hamilton Pkwy","POINT (-74.00535100046275 40.63138566722445)","N","-74.005351000","40.6313856672"
"313","25th Ave","POINT (-73.98682900011477 40.59770366695856)","D","-73.986829000","40.5977036669"
"314","Bay Pky","POINT (-73.9936762000529 40.601950461572315)","D","-73.993676200","40.6019504615"
"315","20th Ave","POINT (-73.98452199846113 40.617108999866005)","N","-73.984521998","40.6171089998"
"316","18th Ave","POINT (-73.99045399865993 40.620686997680025)","N","-73.990453998","40.6206869976"
"317","Bay Ridge - 95th St","POINT (-74.03087600085765 40.61662166725951)","R","-74.030876000","40.6166216672"
"318","86th St","POINT (-74.0283979999864 40.62268666715025)","R","-74.028397999","40.6226866671"
"319","79th St","POINT (-74.00058287431507 40.61315892569516)","D","-74.000582874","40.6131589256"
"320","71st St","POINT (-73.99884094850685 40.61925870977273)","D","-73.998840948","40.6192587097"
"321","20th Ave","POINT (-73.99817432157568 40.60467699816932)","D","-73.998174321","40.6046769981"
"322","18th Ave","POINT (-74.00159259239406 40.60773573171741)","D","-74.001592592","40.6077357317"
"323","62nd St","POINT (-73.99685724994863 40.626224462922195)","D","-73.996857249","40.6262244629"
"324","New Utrecht Ave","POINT (-73.99635300025969 40.62484166725887)","N","-73.996353000","40.6248416672"
"325","Ave U","POINT (-73.97337641974885 40.59592482551748)","F","-73.973376419","40.5959248255"
"326","Kings Hwy","POINT (-73.9723553085244 40.603258405128265)","F","-73.972355308","40.6032584051"
"327","Brighton Beach","POINT (-73.96135378598797 40.577710196642435)","B-Q","-73.961353785","40.5777101966"
"328","Sheepshead Bay","POINT (-73.95405791257907 40.58654754707536)","B-Q","-73.954057912","40.5865475470"
"329","Ave U","POINT (-73.95581122316301 40.59930895095475)","Q","-73.955811223","40.5993089509"
"330","Kings Hwy","POINT (-73.95760873538083 40.608638645396006)","B-Q","-73.957608735","40.6086386453"
"331","Ave U","POINT (-73.97908400099428 40.597235999920436)","N","-73.979084000","40.5972359999"
"332","Kings Hwy","POINT (-73.98037300229343 40.60405899980493)","N","-73.980373002","40.6040589998"
"333","Neptune Ave","POINT (-73.97459272818807 40.580738758491464)","F","-73.974592728","40.5807387584"
"334","Ave X","POINT (-73.97426599968905 40.589449666625285)","F","-73.974265999","40.5894496666"
"335","Bay 50th St","POINT (-73.98376500045946 40.58884066651933)","D","-73.983765000","40.5888406665"
"336","Gravesend - 86th St","POINT (-73.97818899936274 40.59246500088859)","N","-73.978188999","40.5924650008"
"337","Ave P","POINT (-73.97300281528751 40.608842808949916)","F","-73.973002815","40.6088428089"
"338","Ave N","POINT (-73.97404850873143 40.61435671190883)","F","-73.974048508","40.6143567119"
"339","Bay Pky","POINT (-73.9752569782215 40.62073162316788)","F","-73.975256978","40.6207316231"
"340","Ave M","POINT (-73.9592431052215 40.617397744443736)","Q","-73.959243105","40.6173977444"
"341","Bay Pky","POINT (-73.98178001069293 40.61145578989005)","N","-73.981780010","40.6114557898"
"342","Ave I","POINT (-73.97606933170925 40.62501744019143)","F","-73.976069331","40.6250174401"
"343","Ave J","POINT (-73.96069316246925 40.625022819915166)","Q","-73.960693162","40.6250228199"
"344","Ave H","POINT (-73.96151793942495 40.62920837758969)","Q","-73.961517939","40.6292083775"
"345","Neck Rd","POINT (-73.95507827493762 40.59532169111695)","Q","-73.955078274","40.5953216911"
"346","21st St - Queensbridge","POINT (-73.94193761457447 40.75373927087553)","F","-73.941937614","40.7537392708"
"347","50th St","POINT (-73.98598400026407 40.76245599925997)","A-C-E","-73.985984000","40.7624559992"
"348","7th Ave","POINT (-73.98169782344476 40.76297015245628)","B-D-E","-73.981697823","40.7629701524"
"349","47th-50th Sts - Rockefeller Ctr","POINT (-73.98133100227702 40.75864100159815)","B-D-F-M","-73.981331002","40.7586410015"
"350","57th St","POINT (-73.97736800085171 40.76408500081713)","F","-73.977368000","40.7640850008"
"351","Lexington Ave - 63rd St","POINT (-73.96608964413245 40.76461809442373)","F-Q","-73.966089644","40.7646180944"
"352","Roosevelt Island - Main St","POINT (-73.95323499978866 40.75917199967108)","F","-73.953234999","40.7591719996"
"353","59th St - Columbus Circle","POINT (-73.98164872301398 40.768249531776064)","A-B-C-D","-73.981648723","40.7682495317"
"354","49th St","POINT (-73.98420956591096 40.759801973870694)","N-Q-R-W","-73.984209565","40.7598019738"
"355","57th St","POINT (-73.98072973372128 40.76456552501829)","N-Q-R-W","-73.980729733","40.7645655250"
"356","5th Ave - 59th St","POINT (-73.97334700047045 40.764810999755284)","N-R-W","-73.973347000","40.7648109997"
"357","Lexington Ave - 59th St","POINT (-73.96737501711436 40.762708855394564)","N-R-W","-73.967375017","40.7627088553"
"358","34th St - Penn Station","POINT (-73.99105699913983 40.75037300003949)","1/2/03","-73.991056999","40.7503730000"
"359","Times Sq - 42nd St","POINT (-73.98749500051885 40.75528999995681)","1/2/03","-73.987495000","40.7552899999"
"360","Fulton St","POINT (-74.00762309323994 40.71016216530185)","A-C","-74.007623093","40.7101621653"
"361","Chambers St","POINT (-74.00858473570133 40.714111000774025)","A-C","-74.008584735","40.7141110007"
"362","42nd St - Port Authority Bus Term","POINT (-73.98973500085859 40.757307998551504)","A-C-E","-73.989735000","40.7573079985"
"363","Myrtle-Willoughby Aves","POINT (-73.94906699890156 40.69461899903765)","G","-73.949066998","40.6946189990"
"364","Flushing Ave","POINT (-73.9502340010257 40.70037666622154)","G","-73.950234001","40.7003766662"
"365","23rd St","POINT (-73.99276500471389 40.742954317826005)","F-M","-73.992765004","40.7429543178"
"366","Herald Sq - 34th St","POINT (-73.98777189072918 40.74978939990011)","B-D-F-M","-73.987771890","40.7497893999"
"367","Hoyt - Schermerhorn Sts","POINT (-73.98503624034139 40.68840847580642)","A-C-G","-73.985036240","40.6884084758"
"368","Jay St - MetroTech","POINT (-73.98721815267317 40.692470636847084)","A-C-F","-73.987218152","40.6924706368"
"369","East Broadway","POINT (-73.99017700122197 40.713855001020406)","F","-73.990177001","40.7138550010"
"370","Delancey St - Essex St","POINT (-73.98807806807719 40.71868074219453)","F","-73.988078068","40.7186807421"
"371","Lower East Side - 2nd Ave","POINT (-73.98993800003434 40.72340166574911)","F","-73.989938000","40.7234016657"
"372","Flushing Ave","POINT (-73.94137734838365 40.70040440298112)","J-M","-73.941377348","40.7004044029"
"373","Myrtle Ave","POINT (-73.9356230012996 40.6971950005145)","J-M-Z","-73.935623001","40.6971950005"
"374","4th Av - 9th St","POINT (-73.98977899938897 40.67027166728493)","F-G","-73.989778999","40.6702716672"
"375","Smith - 9th Sts","POINT (-73.99589172790934 40.67364106090412)","F-G","-73.995891727","40.6736410609"
"376","Bergen St","POINT (-73.99075649573565 40.68611054725977)","F-G","-73.990756495","40.6861105472"
"377","Jay St - MetroTech","POINT (-73.98605667854612 40.69225539645323)","N-R","-73.986056678","40.6922553964"
"378","Court St","POINT (-73.99181830901125 40.694196480776995)","N-R","-73.991818309","40.6941964807"
"379","Union Sq - 14th St","POINT (-73.99053886181645 40.73587226699812)","N-Q-R-W","-73.990538861","40.7358722669"
"380","23rd St","POINT (-73.98934400102907 40.74130266729)","N-Q-R-W","-73.989344001","40.7413026672"
"381","Prospect Ave","POINT (-73.99287200067424 40.66541366712979)","D-N-R","-73.992872000","40.6654136671"
"382","4th Av - 9th St","POINT (-73.98830199974512 40.670846666842756)","D-N-R","-73.988301999","40.6708466668"
"383","3rd Ave","POINT (-73.98575000112093 40.73269099971662)","L","-73.985750001","40.7326909997"
"384","Union Sq - 14th St","POINT (-73.99066976901818 40.73476331217923)","L","-73.990669769","40.7347633121"
"385","Liberty Ave","POINT (-73.89654800103929 40.67454199987086)","A-C","-73.896548001","40.6745419998"
"386","Broadway Junction","POINT (-73.90531600055341 40.67833366608023)","A-C","-73.905316000","40.6783336660"
"387","59th St","POINT (-74.01788099953987 40.6413616662838)","N-R","-74.017880999","40.6413616662"
"388","45th St","POINT (-74.01000600074939 40.648938666612814)","N-R","-74.010006000","40.6489386666"
"389","36th St","POINT (-74.00354899951809 40.65514366633887)","D-N-R","-74.003548999","40.6551436663"
"390","9th Ave","POINT (-73.99444874451204 40.64648407726636)","D","-73.994448744","40.6464840772"
"391","53rd St","POINT (-74.01403399986317 40.64506866735981)","N-R","-74.014033999","40.6450686673"
"392","Ft Hamilton Pkwy","POINT (-73.9942022375285 40.640912711444656)","D","-73.994202237","40.6409127114"
"393","25th St","POINT (-73.99809099974297 40.66039666692321)","D-N-R","-73.998090999","40.6603966669"
"394","Carroll St","POINT (-73.99494697998841 40.68027335170176)","F-G","-73.994946979","40.6802733517"
"395","Spring St","POINT (-74.00373899843763 40.72622700129312)","A-C-E","-74.003738998","40.7262270012"
"396","181st St","POINT (-73.93796900205011 40.851694999744616)","A","-73.937969002","40.8516949997"
"397","190th St","POINT (-73.93417999964333 40.85902199892482)","A","-73.934179999","40.8590219989"
"398","116th St","POINT (-73.95479778057312 40.80505813344211)","A-B-C","-73.954797780","40.8050581334"
"399","125th St","POINT (-73.95224799734774 40.811071672994565)","A-B-C-D","-73.952247997","40.8110716729"
"400","Prince St","POINT (-73.99770200045987 40.72432866597571)","N-Q-R-W","-73.997702000","40.7243286659"
"401","8th St - NYU","POINT (-73.99250799849149 40.73046499853991)","N-Q-R-W","-73.992507998","40.7304649985"
"402","Fulton St","POINT (-74.00657099970202 40.70941599925865)","3-Feb","-74.006570999","40.7094159992"
"403","Park Pl","POINT (-74.00881099997359 40.713050999077694)","3-Feb","-74.008810999","40.7130509990"
"404","Chambers St","POINT (-74.00926600170112 40.71547800011327)","1/2/03","-74.009266001","40.7154780001"
"405","Hoyt St","POINT (-73.98506379575646 40.69054418535472)","3-Feb","-73.985063795","40.6905441853"
"406","Borough Hall","POINT (-73.98999799960687 40.693218999611084)","3-Feb","-73.989997999","40.6932189996"
"407","183rd St","POINT (-73.90387900151532 40.85840700040842)","4","-73.903879001","40.8584070004"
"408","Fordham Rd","POINT (-73.90103399921699 40.86280299988937)","4","-73.901033999","40.8628029998"
"409","World Trade Center","POINT (-74.00974461517701 40.71256392680817)","E","-74.009744615","40.7125639268"
"410","Canal St - Holland Tunnel","POINT (-74.0052290023424 40.72082400007119)","A-C-E","-74.005229002","40.7208240000"
"411","155th St","POINT (-73.94151400082208 40.83051799929251)","A-C","-73.941514000","40.8305179992"
"412","163rd St - Amsterdam Av","POINT (-73.93989200188344 40.83601299923096)","A-C","-73.939892001","40.8360129992"
"413","Fulton St","POINT (-74.00793800110387 40.71002266658424)","J-Z","-74.007938001","40.7100226665"
"414","Chambers St","POINT (-74.00340673031336 40.71323378962671)","J-Z","-74.003406730","40.7132337896"
"415","Canal St","POINT (-73.99982638545937 40.71817387697391)","J-Z","-73.999826385","40.7181738769"
"416","City Hall","POINT (-74.00698581780337 40.71327233111697)","R-W","-74.006985817","40.7132723311"
"417","Canal St","POINT (-74.0018260000577 40.71946500105898)","R-W","-74.001826000","40.7194650010"
"418","South Ferry","POINT (-74.01316895919258 40.701730507574474)","1","-74.013168959","40.7017305075"
"419","Bowling Green","POINT (-74.01400799803432 40.70491399928076)","5-Apr","-74.014007998","40.7049139992"
"420","Wall St","POINT (-74.01186199860112 40.70755700086603)","5-Apr","-74.011861998","40.7075570008"
"421","Whitehall St","POINT (-74.0130072374272 40.703142373599135)","R-W","-74.013007237","40.7031423735"
"422","Rector St","POINT (-74.01297456253795 40.707744756294474)","R-W","-74.012974562","40.7077447562"
"423","Fresh Pond Rd","POINT (-73.8958980017196 40.70622599823048)","M","-73.895898001","40.7062259982"
"424","Middle Village - Metropolitan Ave","POINT (-73.88957722978091 40.711431305058255)","M","-73.889577229","40.7114313050"
"425","Rector St","POINT (-74.01378300119742 40.707512999521775)","1","-74.013783001","40.7075129995"
"426","Cortlandt St","POINT (-74.01218800112292 40.7118350008202)","1","-74.012188001","40.7118350008"
"427","Fulton St","POINT (-74.00950899856461 40.710367998822136)","5-Apr","-74.009508998","40.7103679988"
"428","Broad St","POINT (-74.01105599991755 40.706476001106005)","J-Z","-74.011055999","40.7064760011"
"429","Cortlandt St","POINT (-74.01113196473266 40.7105129841524)","R-W","-74.011131964","40.7105129841"
"430","Wall St","POINT (-74.00909999844257 40.706820999753376)","3-Feb","-74.009099998","40.7068209997"
"431","Dyckman St","POINT (-73.92727099960726 40.865490998968916)","A","-73.927270999","40.8654909989"
"432","Grand St","POINT (-73.99375299913589 40.71826699954992)","B-D","-73.993752999","40.7182669995"
"433","Broadway - Lafayette St","POINT (-73.99620399876055 40.725296998738045)","B-D-F-M","-73.996203998","40.7252969987"
"434","Bowery","POINT (-73.99380690654237 40.720246883147254)","J-Z","-73.993806906","40.7202468831"
"435","Canal St","POINT (-74.00105471306033 40.718814263587134)","N-Q","-74.001054713","40.7188142635"
"436","23rd St","POINT (-73.99804100117201 40.74590599939995)","A-C-E","-73.998041001","40.7459059993"
"437","34th St - Penn Station","POINT (-73.99339099970578 40.752287000775894)","A-C-E","-73.993390999","40.7522870007"
"438","Jackson Hts - Roosevelt Av","POINT (-73.89129866519697 40.74653969115889)","E-F-M-R","-73.891298665","40.7465396911"
"439","14th St","POINT (-74.00020100063497 40.737825999728116)","1/2/03","-74.000201000","40.7378259997"
"440","135th St","POINT (-73.94753480879213 40.817905559212676)","A-B-C","-73.947534808","40.8179055592"
"441","14th St","POINT (-73.99620899921355 40.73822799969515)","F-M","-73.996208999","40.7382279996"
"442","6th Ave","POINT (-73.99775078874781 40.73774146981052)","L","-73.997750788","40.7377414698"
"443","8th Ave","POINT (-74.00257800104762 40.73977666638199)","L","-74.002578001","40.7397766663"
"444","14th St","POINT (-74.00168999937027 40.740893000193296)","A-C-E","-74.001689999","40.7408930001"
"445","Nostrand Ave","POINT (-73.9504262489579 40.66993815093054)","4-Mar","-73.950426248","40.6699381509"
"446","Clark St","POINT (-73.99308599821961 40.69746599996469)","3-Feb","-73.993085998","40.6974659999"
"447","Franklin Ave","POINT (-73.95684800014614 40.68137966658742)","A-C","-73.956848000","40.6813796665"
"448","Clinton - Washington Aves","POINT (-73.96583799857275 40.68326299912644)","A-C","-73.965837998","40.6832629991"
"449","Forest Ave","POINT (-73.90307500005954 40.70441200087814)","M","-73.903075000","40.7044120008"
"450","110th St","POINT (-73.94424999687163 40.795020000113105)","4-6-6 Express","-73.944249996","40.7950200001"
"451","86th St","POINT (-73.95558899985132 40.77949199820952)","4-5-6-6 Express","-73.955588999","40.7794919982"
"452","York St","POINT (-73.98688499993673 40.699742667691574)","F","-73.986884999","40.6997426676"
"453","High St","POINT (-73.99053100065458 40.69933699977884)","A-C","-73.990531000","40.6993369997"
"454","Lafayette Ave","POINT (-73.97394599849406 40.68611300020567)","A-C","-73.973945998","40.6861130002"
"455","President St","POINT (-73.95058920022207 40.667883603536815)","5-Feb","-73.950589200","40.6678836035"
"456","Woodlawn","POINT (-73.87875099990931 40.886037000253324)","4","-73.878750999","40.8860370002"
"457","Bleecker St","POINT (-73.99465900006331 40.72591466682659)","4-6-6 Express","-73.994659000","40.7259146668"
"458","103rd St","POINT (-73.94747800152219 40.79060000008452)","4-6-6 Express","-73.947478001","40.7906000000"
"459","Euclid Ave","POINT (-73.87210600099675 40.675376998239365)","A-C-S","-73.872106000","40.6753769982"
"460","88th St","POINT (-73.85147000026086 40.67984300135503)","A-S","-73.851470000","40.6798430013"
"461","Cortelyou Rd","POINT (-73.96379005505493 40.6409401651401)","Q","-73.963790055","40.6409401651"
"462","116th St","POINT (-73.9416169983714 40.7986290002001)","4-6-6 Express","-73.941616998","40.7986290002"
"463","Parkchester","POINT (-73.86081600108396 40.83322599927859)","6-6 Express","-73.860816001","40.8332259992"
"464","Franklin St","POINT (-74.00688600277107 40.719318001302135)","2-Jan","-74.006886002","40.7193180013"
"465","80th St","POINT (-73.85899200206335 40.67937100115432)","A-S","-73.858992002","40.6793710011"
"466","5th Ave - Bryant Pk","POINT (-73.98196299856706 40.75382100064824)","7-7 Express","-73.981962998","40.7538210006"
"467","Spring St","POINT (-73.99714100006673 40.72230099999366)","4-6-6 Express","-73.997141000","40.7223009999"
"468","125th St","POINT (-73.93759400055725 40.804138000587244)","4-5-6-6 Express","-73.937594000","40.8041380005"
"469","Coney Island - Stillwell Av","POINT (-73.9812359981396 40.57728100006751)","D-F-N-Q","-73.981235998","40.5772810000"
"470","34th St - Hudson Yards","POINT (-74.00219709442206 40.75544635961596)","7-7 Express","-74.002197094","40.7554463596"
"471","72nd St","POINT (-73.95836178682246 40.76880251014895)","Q","-73.958361786","40.7688025101"
"472","86th St","POINT (-73.95177090964917 40.77786104333163)","Q","-73.951770909","40.7778610433"
"473","96th St","POINT (-73.9470660219183 40.784236650177654)","Q","-73.947066021","40.7842366501"
