"","RegionName","Type","Bedroom","Price_Predict","X2011.09","X2011.10","X2011.11","X2011.12","X2012.01","X2012.02","X2012.03","X2012.04","X2012.05","X2012.06","X2012.07","X2012.08","X2012.09","X2012.10","X2012.11","X2012.12","X2013.01","X2013.02","X2013.03","X2013.04","X2013.05","X2013.06","X2013.07","X2013.08","X2013.09","X2013.10","X2013.11","X2013.12","X2014.01","X2014.02","X2014.03","X2014.04","X2014.05","X2014.06","X2014.07","X2014.08","X2014.09","X2014.10","X2014.11","X2014.12","X2015.01","X2015.02","X2015.03","X2015.04","X2015.05","X2015.06","X2015.07","X2015.08","X2015.09","X2015.10","X2015.11","X2015.12","X2016.01","X2016.02","X2016.03","X2016.04","X2016.05","X2016.06","X2016.07","X2016.08","X2016.09","X2016.10","X2016.11","X2016.12","X2017.01","X2017.02","X2017.03","X2017.04","X2017.05","X2017.06","X2017.07","X2017.08"
"1",83,"Rental",4,0,0,0,0,0,0,0,0,0,0,0,0,0,0,0,0,0,0,0,0,0,0,0,0,0,0,0,0,0,0,0,0,0,0,0,0,0,0,0,0,0,0,0,0,0,0,0,0,0,0,0,0,0,0,0,0,0,0,0,0,0,0,0,0,0,0,0,0,0,0,0,0,0
"2",10001,"Rental",4,5610,4776,4910,4846,4672,4636,4743,5009,4998,5343,5217,5380,5604,5742,5227,5104,5134,5199,5273,5138,5038,5082,5235,5174,5205,5294,5355,5287,5288,5237,5325,5361,5437,5428,5308,5492,5533,5678,5479,5335,5321,5223,5492,5592,5310,5696,5709,5723,5728,5736,5585,5607,5593,5577,5495,5891,5701,5616,5953,5710,5761,5587,5886,5654,5647,5720,5553,5553,5548,5516,5537,5546,5575
"3",10002,"Rental",4,6116,5482,5598,5450,5384,5556,5499,5403,5493,5528,5557,5702,5805,5976,5904,5913,5744,5788,5723,5666,5779,5769,5807,5843,5837,5779,5797,5693,5695,5801,5886,5974,5909,5909,5942,6256,6290,6127,6026,6058,6147,6165,6044,6154,6179,6194,6031,6022,6033,6050,6156,6064,6070,6084,6089,6198,6180,6061,6223,6031,6019,6066,5983,5977,5922,6061,6114,6197,6240,6110,6044,6293,6379
"4",10003,"Rental",4,6655,6038,6081,5921,5892,6067,6079,6037,5974,6081,6136,6317,6438,6559,6469,6470,6388,6311,6175,6330,6244,6311,6406,6423,6409,6355,6261,6252,6253,6374,6356,6487,6506,6523,6500,6779,6798,6678,6567,6637,6676,6703,6594,6761,6698,6686,6603,6646,6641,6649,6795,6656,6628,6596,6652,6784,6793,6602,6782,6697,6591,6614,6443,6529,6533,6615,6728,6697,6724,6750,6591,6754,6883
"5",10004,"Rental",4,6745,6176,6191,6144,5986,6161,6145,6034,6101,6128,6140,6308,6495,6626,6683,6452,6349,6443,6329,6310,6362,6447,6561,6506,6518,6383,6443,6308,6343,6451,6496,6646,6644,6594,6584,6874,6991,6816,6744,6761,6893,6747,6729,6838,6814,6824,6647,6689,6721,6737,6858,6665,6730,6710,6749,6768,6868,6656,6985,6727,6734,6650,6650,6582,6615,6671,6683,6813,6891,6793,6735,6931,6930
"6",10005,"Rental",4,6253,5684,5672,5603,5527,5700,5659,5614,5563,5678,5720,5831,6044,6164,6080,6020,5906,5842,5852,5917,5902,6007,6013,5995,5999,5893,5885,5873,5856,5966,5990,6101,6094,6113,6093,6388,6351,6399,6176,6152,6366,6312,6222,6305,6325,6298,6140,6134,6200,6184,6341,6197,6223,6182,6255,6396,6386,6152,6393,6197,6262,6198,6120,6073,6036,6208,6253,6404,6350,6270,6205,6392,6529
"7",10006,"Rental",4,7264,6581,6644,6571,6565,6616,6708,6689,6516,6714,6724,6853,6926,7160,7049,6980,6833,6869,6837,6865,6917,6925,7015,7045,7002,6904,6898,6850,6886,6893,7024,7090,7096,7112,7112,7357,7404,7380,7221,7210,7293,7315,7191,7385,7296,7322,7164,7194,7187,7182,7374,7166,7225,7174,7163,7304,7281,7259,7398,7246,7151,7225,7076,7132,7047,7206,7269,7380,7391,7291,7247,7336,7564
"8",10007,"Rental",4,5430,5156,5191,5075,5024,5238,5236,5122,5108,5186,5215,5384,5481,5655,5615,5536,5335,5396,5299,5338,5429,5410,5455,5487,5546,5397,5451,5387,5351,5445,5495,5605,5643,5544,5603,5927,5935,5829,5759,5760,5805,5729,6433,6431,5556,5350,5522,5472,5413,5379,5471,5558,5412,5484,5540,5462,5484,5566,5561,5581,5455,5394,5322,5320,5263,5373,5324,5556,5540,5506,5500,5535,5526
"9",10009,"Rental",4,5886,5263,5322,5194,5243,5099,5094,5025,5164,5191,5394,5350,5477,5485,5414,5377,5557,5530,5585,5528,5406,5551,5474,5538,5584,5527,5618,5821,5701,5594,5405,5451,5550,5461,5701,5927,6092,6078,6080,6057,6314,6170,5923,5923,6010,5908,5945,5856,5988,6052,6231,6059,6085,6031,6033,6085,5965,5987,5909,5584,5701,5529,6005,5912,5644,5956,6132,5961,5844,5645,5878,5844,6276
"10",10010,"Rental",4,6863,6263,6244,6022,6198,6074,6053,6054,6056,6042,6268,6406,6479,6427,6647,6649,6512,6309,6379,6436,6520,6512,6508,6540,6562,6563,6541,6605,6645,6539,6520,6675,6565,6575,6699,7326,6755,6649,6545,6601,6583,6662,6609,6544,6811,6939,7057,7077,7035,7336,7765,7001,7188,7264,7135,7023,7041,7034,7045,6606,6831,6406,6698,6461,6703,7234,6848,6650,6763,7286,7249,7015,7039
"11",10011,"Rental",4,7366,6772,6702,6510,6773,6549,6596,6589,6575,6582,6753,6947,6943,6938,7104,7195,7066,6892,6797,6850,7014,6999,7004,7072,7030,7099,7079,7060,7108,7034,7060,7105,7052,7085,7208,7843,7236,7199,7090,7181,7070,7146,7126,7058,7302,7478,7589,7513,7500,7880,8256,7553,7685,7783,7614,7552,7542,7543,7552,7146,7304,6932,7212,6959,7215,7672,7387,7083,7265,7817,7709,7595,7542
"12",10012,"Rental",4,7447,6433,6830,6985,7015,6579,6957,6439,6367,6996,6788,6498,6781,6640,6895,6790,6746,6594,6802,6869,6505,6585,6801,6702,6633,6829,7071,7120,7060,7274,7532,7425,7354,7215,7544,7437,7499,7177,7483,7045,6948,7293,7438,7537,7455,6978,7002,6983,6862,7565,7462,7497,7535,7975,7507,7388,7861,7463,7141,7006,6853,6922,6707,7386,7308,7388,7783,8247,8183,7612,7283,7155,7391
"13",10013,"Rental",4,7803,7749,7829,7811,7726,7904,7733,7621,7637,7674,7693,7663,7654,7619,7652,7586,7698,7732,7325,7561,7669,7686,7703,7714,7807,7908,7688,7648,7707,7597,7592,7569,7572,7598,7433,7423,7775,7725,7626,7747,7780,8029,7947,8039,7971,8195,8069,8155,8170,8152,8048,7908,7707,7739,7766,7824,7764,7751,7639,7867,7720,7908,7749,7364,7835,7659,7749,7935,7947,7801,7748,7923,8023
"14",10014,"Rental",4,6826,6625,6536,6694,6546,6698,6633,6875,6638,6599,6727,6939,6942,6978,7032,6991,6884,6770,6836,6716,6767,6935,6887,6958,7011,6938,7039,7122,7161,7159,7088,7057,7049,6957,6924,6977,6734,6657,6672,6826,6823,6808,6712,6783,6947,6994,6938,6915,6950,6897,6950,6956,6892,6965,6972,6948,6981,6865,6848,6703,6974,6667,6669,6872,6720,6760,6931,6917,6944,6956,6825,6889,6764
"15",10016,"Rental",4,7345,6978,6954,6937,6772,6914,7029,7255,7076,6890,7066,7254,7302,7285,7376,7333,7278,7037,7124,7024,7104,7337,7196,7328,7215,7276,7471,7483,7404,7419,7502,7415,7426,7223,7227,7346,7264,7258,7451,7444,7351,7325,7227,7290,7335,7095,7194,7102,7166,7085,7099,7266,7043,7309,7267,7260,7072,7089,7080,7010,7055,7464,7065,7076,7339,7218,7531,7565,7340,7313,7382,7468,7376
"16",10017,"Rental",4,6937,6935,6968,6950,6836,6835,6909,7260,6947,6860,7010,7234,7238,7302,7331,7304,7293,7023,7096,7002,7094,7268,7037,7282,7295,7148,7423,7535,7346,7350,7472,7443,7321,7171,7300,7312,7177,7211,7244,7224,7256,7195,7265,7227,7497,7609,7299,7276,7251,7463,7239,7176,7266,7318,7108,7045,7206,7010,6882,6973,6952,6884,7019,6842,6980,6768,6947,6930,6939,6900,7020,7064,6952
"17",10018,"Rental",4,7295,7023,7217,7120,7188,7250,7197,7181,7078,7155,7223,7207,7192,7276,7299,7357,7215,7257,7196,7199,7223,7205,7344,7355,7310,7288,7229,7178,7257,7268,7277,7234,7190,7247,7347,7296,7414,7437,7430,7503,7370,7489,7334,7608,7543,7499,7681,7616,7617,7613,7668,7701,7789,7615,7457,7450,7241,7325,7285,6957,7450,7357,7420,7441,7390,7385,7361,7441,7056,7045,7008,7178,7455
"18",10019,"Rental",4,6926,6182,6233,6274,6211,6212,6243,6284,6267,6281,6337,6389,6327,6154,6150,6144,6046,6026,6168,6142,6204,6391,6374,6350,6444,6422,6485,6404,6364,6237,6200,6222,6319,6383,6778,6941,7809,7312,7821,7842,7442,6863,6215,6546,7305,6953,6991,6849,6665,6502,6947,6973,7214,7433,7392,6933,6918,7340,7308,6935,6928,6584,6638,6737,6977,7038,7167,7009,6842,6820,6968,6899,7434
"19",10020,"Rental",4,6643,6092,6141,6075,6046,6081,6093,6040,6021,6141,6193,6276,6399,6471,6450,6396,6330,6290,6253,6272,6277,6339,6382,6393,6399,6387,6396,6394,6389,6418,6452,6506,6512,6481,6516,6778,6725,6652,6583,6579,6626,6646,6655,6726,6677,6696,6659,6649,6662,6756,6883,6698,6702,6747,6702,6750,6767,6660,6728,6547,6568,6483,6507,6485,6513,6670,6685,6727,6747,6722,6663,6709,6814
"20",10021,"Rental",4,7668,7405,7369,7408,7370,7325,7318,7355,7273,7356,7392,7468,7438,7188,7178,7305,7059,7146,7224,7212,7350,7509,7391,7533,7579,7540,7527,7585,7414,7347,7333,7433,7384,7444,7947,8066,9021,8991,8959,9023,9044,8472,8718,8545,8948,9020,8481,8505,8047,8972,9027,9061,8999,9019,8795,8473,8456,8529,8232,8284,7521,7549,8534,8525,7960,7504,7500,7772,7116,7042,7114,7856,7541
"21",10022,"Rental",4,8024,7306,7433,7400,7346,7246,7288,7312,7364,7348,7453,7432,7353,7269,7263,7291,7087,7186,7258,7256,7352,7475,7375,7521,7588,7583,7514,7576,7479,7385,7393,7405,7396,7449,7962,8017,8938,8505,8990,8913,8506,8033,7316,7634,8419,8056,8055,7983,7679,7667,8078,8037,8388,8463,8487,8111,8074,8545,8430,8107,8074,7705,7726,7751,7977,8173,8283,8104,7964,8001,8074,7990,8537
"22",10023,"Rental",4,8034,7295,7436,7360,7327,7270,7211,7333,7361,7348,7456,7465,7318,7208,7243,7220,7182,7135,7194,7251,7367,7501,7509,7527,7524,7473,7574,7557,7506,7308,7407,7434,7403,7468,7918,7998,8916,8451,8940,9013,8574,7957,7381,7605,8402,8039,8094,8032,7757,7680,8121,8067,8289,8493,8444,7992,8017,8386,8446,7999,8010,7679,7746,7824,8077,8165,8301,8105,7941,7961,8004,8064,8543
"23",10024,"Rental",4,9074,9255,9250,9258,9191,9177,9275,9213,9288,9249,9432,9361,9276,9179,9206,9117,9119,9090,9231,9170,9251,9402,9284,9400,9486,9454,9442,9510,9383,9231,9291,9214,9287,9369,9885,10030,10020,10432,9816,9766,9751,9502,9748,9685,9471,9469,9268,9549,10004,9481,9277,8960,9085,9077,9521,9832,9742,9519,9400,8965,9032,9335,8957,9188,9000,9202,9019,9045,9013,9103,9043,8997,8983
"24",10025,"Rental",4,4961,4972,5204,5241,5382,5090,5000,4795,4962.5,5195,5500,5500,5200,5375,5095,5000,5000,5000,4875,4850,5000,5200,5450,5500,5300,5650,5600,5150,5000,5200,5650,5700,5600,5472.5,5325,5000,5300,5000,5247.5,5397.5,5175,5500,5150,5075,5000,5000,5000,5150,5200,4895,4800,4800,4800,4900,5000,5150,5000,5000,5000,4995,4800,4800,4847.5,5000,4800,5000,5000,5000,5000,5150,5000,4950,4985
"25",10026,"Rental",4,5546,5131,5229,5346,5312,5384,5361,5374,5324,5450,5488,5473,5405,5347,5419,5435,5344,5368,5435,5401,5319,5277,5316,5354,5334,5324,5476,5429,5377,5421,5542,5451,5470,5417,5540,5634,5633,5713,5662,5641,5667,5707,5516,5606,5530,5429,5564,5579,5566,5689,5641,5531,5492,5668,5599,5580,5543,5500,5465,5548,5576,5493,5489,5525,5364,5571,5528,5565,5535,5541,5514,5739,5690
"26",10027,"Rental",4,4789,4280,4259,4201,4183,4153,4235,4187,4199,4338,4658,4741,4771,4769,4635,4468,4336,4311,4253,4229,4231,4596,4675,4676,4668,4687,4661,4452,4501,4610,4560,4612,4679,4583,4536,4808,4802,4687,4587,4624,4650,4539,4555,4604,4729,4738,4816,4675,4757,4771,4780,4650,4733,4686,4769,4718,4746,4677,4698,4791,4865,4988,4717,4864,4653,4683,4757,4834,4796,4825,4786,4857,4712
"27",10028,"Rental",4,5498,5004,4898,4913,4854,4902,4860,4832,4892,5018,5320,5412,5424,5502,5338,5153,4992,4943,5017,4925,4906,5297,5420,5462,5465,5286,5338,5199,5159,5310,5263,5411,5443,5249,5201,5461,5473,5387,5356,5342,5371,5214,5231,5367,5408,5351,5528,5341,5508,5528,5432,5396,5418,5391,5511,5422,5396,5379,5400,5414,5626,5709,5453,5582,5305,5420,5459,5513,5448,5475,5591,5607,5420
"28",10029,"Rental",4,4980,4291,4117,4180,4542,4601,4534,4624,4866,4920,5022,4840,4977,5030,5071,5085,4924,4977,4978,4921,4948,4977,4813,4735,4835,4976,5057,5019,5059,4994,4964,4994,4934,4902,5031,4954,4940,5026,4941,4981,4897,4810,4884,4690,4826,5023,5098,4967,4981,5026,4933,4977,4856,4976,4912,5036,5039,4954,5042,4803,5047,5017,4981,5036,4997,4984,4930,4858,4943,5012,5017,5013,4971
"29",10030,"Rental",4,4880,4153,3974,4001,4519,4466,4421,4534,4762,4820,4877,4748,4823,4941,4889,4925,4775,4826,4877,4857,4877,4842,4795,4654,4760,4907,4936,4968,4955,4912,4917,4794,4878,4851,4917,4962,4894,4918,4867,4809,4837,4744,4747,4641,4763,4894,4980,4918,4891,4858,4791,4794,4805,4908,4871,4914,4898,4818,4941,4768,4975,4896,4907,4903,4867,4854,4825,4785,4892,4930,4842,4941,4914
"30",10031,"Rental",4,4466,3800,3820,3940,4036,3950,3911,3941,3910,3989,3915,3935,4036,4056,4068,3943,4029,3996,4022,3934,4050,4113,4287,4203,4229,4262,4242,4200,4227,4056,4116,4106,4151,4384,4423,4477,4463,4341,4508,4572,4567,4599,4342,4207,4232,4359,4453,4403,4398,4510,4493,4357,4337,4346,4536,4539,4534,4482,4550,4415,4492,4572,4529,4564,4371,4373,4366,4340,4280,4469,4599,4540,4584
"31",10032,"Rental",4,4202,3708,3714,3832,3819,3819,3821,3884,3802,3893,3861,3761,3817,3798,3846,3804,3810,3852,3842,3907,3929,3948,3999,4068,4097,4046,3983,3933,3960,3957,3940,3925,4014,4076,4076,4022,4079,4083,4050,4031,4002,4015,3973,3928,4078,4082,4088,4118,4255,4194,4166,4179,4159,4160,4252,4259,4175,4102,4032,4068,4146,4065,3973,4058,4019,4227,4265,4248,4260,4299,4346,4341,4321
"32",10033,"Rental",4,4140,3621,3570,3556,3770,3858,3946,3855,3778,3763,4069,3987,3922,3848,3826,3808,3834,3726,3825,3937,3906,3918,3900,3946,3894,3821,3881,3941,3857,3919,3972,3910,3922,4137,4231,3954,4058,4056,4084,3958,3956,4050,3935,3927,4069,4088,4002,4030,4127,4277,4372,4139,4008,4154,4160,4050,4021,4090,3929,4047,4223,4249,4010,4129,3830,4037,4088,4115,4234,4158,4292,4304,4235
"33",10034,"Rental",4,4331,3871,3927,3932,3939,4048,3827,3886,3928,3966,3992,4009,4099,4019,3971,3969,3921,4044,3988,3974,4051,4048,4115,4018,4073,4123,4071,4157,4073,4078,4082,4054,4061,4087,4289,4192,4122,4136,4173,4073,4203,4212,4231,4214,4111,4248,4405,4336,4350,4306,4388,4377,4392,4372,4403,4306,4284,4290,4174,4197,4288,4094,4169,4285,4316,4303,4335,4499,4433,4355,4417,4370,4397
"34",10035,"Rental",4,4729,4340,4446,4648,4350,4472,4424,4636,4534,4314,4306,4497,4563,4546,4514,4652,4692,4553,4771,4655,4756,4642,4671,4664,4442,4447,4422,4407,4388,4483,4574,4444,4446,4543,4578,4578,4506,4514,4573,4427,4509,4548,4548,4571,4531,4561,4613,4830,4669,4774,4783,4805,4707,4722,4701,4822,4674,4667,4724,4808,4780,4901,4739,4711,4611,4759,4592,4679,4706,4811,4834,4729,4677
"35",10036,"Rental",4,6198,5476,5480,5609,5800,5826,5771,5700,5693,5706,5789,5709,5844,5739,5762,5787,5746,5770,5672,5717,5824,5825,5755,5821,5774,5783,5782,5658,5686,5742,5742,5815,5772,5770,5955,6415,6213,6266,6256,5931,6212,6231,6693,6728,6659,6438,6206,6378,6758,6290,6180,6172,5770,5936,6278,6404,6513,5963,5987,6184,6051,6320,6033,6260,5943,5886,6442,6439,6238,6670,5962,6071,6113
"36",10037,"Rental",4,5089,4303,4353,4451,4585,4710,4584,4560,4579,4449,4565,4605,4602,4641,4599,4688,4691,4652,4640,4581,4619,4526,4607,4628,4575,4613,4703,4441,4502,4443,4610,4574,4569,4563,4809,5321,5112,5164,5088,4796,5029,5113,5514,5554,5544,5341,5073,5162,5622,5188,5043,4870,4658,4707,5206,5220,5266,4760,4837,5063,4768,5154,4871,5129,4872,4935,5310,5323,5103,5516,4905,4971,4974
"37",10038,"Rental",4,6831,5959,5820,5912,5721,5815,5783,5876,5785,5947,6166,6105,6080,6202,6381,6321,6292,6241,6241,6217,6241,6268,6121,6199,6282,6409,6503,6458,6432,6204,6330,6347,6260,6374,6071,6686,6791,6720,6717,6780,6750,6858,6741,7000,7121,7069,7009,6974,6824,6986,6949,6976,7161,7154,7064,6996,7059,6820,6934,7027,6983,7000,6722,6697,6696,6715,6646,6742,6973,7030,6929,7005,6817
"38",10039,"Rental",4,6319,5834,5865,5839,5857,5870,5875,5876,5863,5939,6033,6067,6110,6127,6108,6077,6006,5970,5975,5972,6005,6100,6125,6148,6152,6150,6180,6148,6120,6132,6172,6194,6188,6174,6294,6422,6528,6446,6453,6443,6415,6357,6292,6338,6413,6391,6381,6367,6362,6411,6487,6390,6408,6461,6446,6429,6409,6389,6398,6254,6290,6232,6236,6262,6230,6324,6357,6377,6336,6332,6320,6383,6448
"39",10040,"Rental",4,4270,4064,3845,3839,3882,4035,3961,4042,3953,3942,3992,4009,4059,4125,3931,3926,3967,3854,3983,3963,4056,4138,4003,4048,3999,4068,3935,3978,4045,4053,4040,4014,4093,4085,4152,4123,4125,4220,4217,4185,4166,4133,4189,4158,4118,4137,4265,4161,4226,4292,4232,4260,4224,4171,4134,4204,4234,4204,4261,4273,4280,4196,4146,4139,4112,4142,4230,4322,4219,4405,4456,4463,4409
"40",10041,"Rental",4,6267,5769,5816,5804,5818,5819,5827,5835,5823,5887,5975,6019,6060,6074,6061,6028,5955,5922,5932,5924,5971,6042,6064,6084,6088,6088,6117,6091,6056,6067,6114,6131,6126,6116,6228,6369,6452,6379,6384,6379,6357,6297,6241,6299,6360,6350,6327,6322,6318,6367,6432,6329,6339,6395,6397,6385,6362,6323,6332,6203,6241,6198,6185,6213,6179,6261,6302,6335,6287,6293,6276,6327,6396
"41",10043,"Rental",4,6234,5738,5767,5762,5771,5798,5789,5788,5774,5843,5935,5979,6015,6041,6020,5991,5924,5885,5904,5885,5922,5998,6018,6054,6056,6054,6069,6049,6023,6024,6071,6078,6087,6077,6194,6340,6422,6344,6352,6329,6319,6271,6221,6274,6350,6320,6286,6283,6303,6332,6389,6292,6295,6350,6355,6340,6332,6283,6296,6175,6201,6161,6146,6186,6137,6223,6284,6303,6248,6272,6235,6287,6348
"42",10044,"Rental",4,6252,5740,5780,5774,5777,5795,5786,5794,5780,5843,5939,5980,6018,6043,6026,5994,5932,5905,5911,5905,5942,6009,6022,6047,6062,6051,6089,6051,6029,6033,6080,6084,6089,6086,6188,6354,6427,6360,6366,6348,6341,6285,6233,6289,6366,6332,6319,6303,6323,6346,6403,6311,6321,6375,6380,6366,6349,6292,6318,6197,6212,6192,6169,6197,6150,6247,6287,6311,6264,6300,6249,6317,6370
"43",10045,"Rental",4,6255,5745,5769,5772,5781,5795,5786,5794,5788,5844,5936,5988,6024,6034,6027,6003,5925,5905,5903,5900,5938,6011,6034,6052,6063,6059,6094,6053,6037,6033,6077,6094,6091,6087,6190,6345,6424,6368,6363,6343,6337,6285,6243,6290,6368,6342,6313,6305,6319,6345,6408,6312,6310,6371,6386,6365,6355,6307,6313,6200,6221,6185,6159,6193,6163,6237,6284,6311,6271,6298,6260,6306,6371
"44",10047,"Rental",4,6206,5704,5720,5726,5726,5752,5739,5748,5733,5793,5886,5929,5974,5990,5973,5949,5876,5851,5857,5853,5882,5961,5979,6009,6001,6005,6036,5998,5979,5984,6022,6038,6035,6036,6137,6286,6367,6305,6312,6282,6286,6222,6193,6245,6311,6287,6261,6258,6264,6295,6349,6257,6258,6321,6316,6305,6298,6240,6264,6148,6170,6139,6112,6140,6099,6188,6237,6268,6215,6243,6211,6268,6316
"45",10048,"Rental",4,6213,5708,5723,5728,5732,5754,5742,5763,5740,5803,5888,5928,5970,5993,5973,5940,5874,5854,5863,5850,5888,5972,5971,6007,6005,6006,6028,5999,5988,5984,6027,6044,6045,6036,6140,6300,6369,6309,6313,6288,6282,6234,6194,6247,6312,6278,6268,6261,6260,6299,6355,6261,6266,6320,6318,6320,6305,6254,6263,6159,6172,6132,6111,6153,6100,6193,6239,6272,6224,6245,6214,6266,6319
"46",10055,"Rental",4,6212,5707,5726,5720,5736,5753,5746,5761,5746,5805,5886,5939,5973,6002,5984,5944,5879,5848,5865,5850,5888,5961,5977,6011,6012,6012,6029,6002,5986,5981,6029,6049,6036,6042,6139,6293,6368,6315,6314,6292,6287,6228,6190,6238,6306,6290,6269,6252,6269,6305,6362,6261,6269,6319,6328,6310,6298,6249,6260,6149,6178,6132,6119,6146,6107,6185,6246,6269,6218,6248,6210,6260,6326
"47",10065,"Rental",4,10060,7925,7987,8357,8078,7687,7876,7201,7203,7048,6730,6596,6765,7516,7012,7279,7501,7861,7859,7841,8026,7667,7485,8054,8252,8403,9054,9795,9961,8796,9055,9025,9324,9528,9354,10503,10661,10627,11052,11338,10334,11270,11355,10142,10160,10068,10178,11039,10541,10144,10026,9618,9551,9829,9492,10003,9889,10168,10204,10147,9660,10053,10164,9671,9704,10012,10144,10024,10384,10062,10769,10171,9556
"48",10069,"Rental",4,6083,5748,5597,5624,5543,5638,5715,5642,5493,5482,5617,5820,5846,5793,5602,5692,5655,5643,5560,5562,5645,5741,5790,5799,5757,5948,5733,5742,5668,5807,5883,5743,5850,5778,5900,5825,5846,5884,5890,5867,5976,5845,5900,5850,5910,5921,5852,5957,5863,5988,5948,5999,5897,5920,5988,5962,6017,5884,5825,5901,6004,6051,6166,6404,6488,5969,6270,6096,5999,5947,5924,6253,5434
"49",10075,"Rental",4,4206,4304,4215,4305,4173,4349,4375,4290,4214,4218,4386,4457,4487,4534,4397,4382,4367,4214,4309,4350,4307,4407,4437,4501,4514,4666,4539,4398,4507,4522,4579,4502,4536,4462,4520,4534,4624,4586,4588,4639,4690,4554,4540,4829,4454,4307,4336,4128,4302,4228,4216,4280,4164,4300,4600,4732,4542,4308,4071,4238,4302,4287,4348,3985,4247,4329,4243,4114,4270,4142,4119,4110,4281
"50",10080,"Rental",4,6203,5704,5729,5725,5739,5757,5756,5753,5748,5799,5890,5936,5976,5991,5985,5950,5890,5852,5861,5854,5895,5966,5986,6006,6011,6019,6039,6006,5979,5991,6029,6047,6050,6039,6138,6293,6381,6314,6320,6293,6287,6233,6190,6250,6310,6295,6264,6256,6265,6300,6361,6269,6262,6323,6325,6318,6307,6251,6265,6154,6175,6140,6124,6154,6103,6193,6249,6269,6224,6261,6219,6272,6323
"51",10081,"Rental",4,6207,5702,5732,5733,5741,5752,5746,5755,5749,5805,5893,5933,5978,5993,5982,5951,5888,5861,5863,5858,5899,5967,5982,6016,6013,6019,6039,6009,5991,5979,6023,6043,6050,6047,6150,6300,6381,6306,6311,6293,6285,6241,6190,6247,6307,6293,6269,6256,6266,6296,6366,6265,6262,6319,6335,6312,6301,6251,6263,6151,6180,6133,6115,6155,6107,6188,6247,6273,6221,6248,6211,6274,6319
"52",10096,"Rental",4,6298,5754,5785,5788,5791,5796,5796,5786,5770,5826,5919,5959,5997,6027,5997,5980,5916,5895,5904,5906,5942,6002,6018,6053,6063,6063,6103,6090,6066,6050,6100,6108,6113,6124,6215,6383,6461,6407,6419,6398,6371,6349,6309,6334,6397,6369,6353,6357,6370,6389,6443,6337,6336,6397,6392,6402,6387,6344,6347,6245,6255,6227,6211,6232,6189,6283,6330,6354,6307,6332,6319,6359,6396
"53",10097,"Rental",4,6289,5752,5772,5785,5782,5791,5793,5791,5773,5817,5900,5943,5988,6027,5995,5970,5909,5891,5900,5890,5942,6003,6004,6049,6056,6056,6096,6087,6059,6045,6085,6096,6104,6114,6204,6374,6448,6398,6406,6398,6367,6335,6297,6323,6391,6367,6335,6357,6356,6375,6429,6332,6324,6393,6385,6381,6380,6332,6338,6240,6241,6228,6209,6227,6191,6268,6319,6341,6314,6327,6312,6356,6372
"54",10103,"Rental",4,6252,5728,5748,5743,5751,5771,5772,5756,5738,5788,5875,5911,5965,5996,5962,5946,5878,5855,5870,5861,5895,5975,5975,6009,6019,6041,6066,6050,6026,6015,6059,6077,6074,6069,6174,6337,6416,6354,6376,6354,6325,6293,6255,6284,6340,6326,6298,6306,6312,6335,6375,6285,6286,6339,6357,6351,6340,6293,6299,6199,6212,6189,6165,6186,6158,6226,6288,6302,6270,6280,6265,6311,6333
"55",10104,"Rental",4,6240,5728,5743,5749,5740,5760,5761,5760,5735,5797,5882,5923,5963,5991,5955,5945,5887,5858,5863,5869,5903,5972,5972,6024,6021,6039,6063,6053,6029,6002,6060,6072,6079,6069,6174,6344,6423,6361,6370,6349,6336,6299,6255,6283,6347,6321,6296,6306,6303,6333,6388,6280,6282,6351,6358,6347,6334,6287,6289,6201,6208,6175,6169,6188,6150,6225,6281,6301,6261,6281,6261,6305,6322
"56",10105,"Rental",4,6249,5718,5744,5743,5747,5760,5765,5755,5730,5797,5882,5917,5956,6000,5957,5943,5890,5851,5872,5856,5906,5962,5981,6016,6021,6039,6060,6042,6024,6007,6064,6075,6075,6077,6170,6332,6417,6353,6365,6359,6336,6292,6254,6281,6350,6321,6296,6313,6303,6339,6388,6290,6283,6341,6349,6351,6341,6289,6291,6197,6200,6181,6171,6179,6157,6229,6288,6304,6259,6282,6259,6308,6333
"57",10106,"Rental",4,6246,5723,5748,5749,5742,5766,5762,5751,5732,5793,5870,5923,5960,5997,5967,5943,5888,5865,5873,5861,5896,5967,5974,6021,6020,6039,6069,6049,6027,6010,6066,6068,6081,6069,6167,6339,6418,6350,6375,6350,6338,6294,6255,6285,6341,6321,6295,6308,6304,6340,6381,6284,6283,6343,6353,6354,6336,6283,6290,6190,6201,6186,6168,6181,6152,6230,6278,6306,6266,6281,6262,6301,6327
"58",10107,"Rental",4,6242,5730,5740,5751,5751,5770,5765,5758,5742,5795,5879,5918,5967,5989,5962,5943,5881,5855,5865,5860,5907,5970,5976,6021,6027,6028,6071,6053,6034,6004,6061,6071,6082,6082,6174,6343,6422,6355,6368,6355,6325,6300,6254,6294,6347,6318,6304,6310,6318,6331,6386,6289,6293,6346,6355,6361,6333,6281,6302,6204,6203,6177,6172,6192,6150,6234,6285,6299,6262,6288,6257,6306,6335
"59",10110,"Rental",4,6253,5723,5748,5749,5744,5773,5773,5765,5742,5786,5872,5915,5965,5999,5965,5945,5885,5860,5871,5868,5900,5972,5979,6022,6025,6042,6069,6045,6028,6012,6066,6069,6085,6072,6178,6343,6424,6361,6374,6350,6325,6292,6262,6290,6343,6325,6294,6311,6312,6328,6378,6291,6293,6342,6360,6356,6341,6286,6298,6201,6202,6175,6165,6183,6149,6227,6286,6296,6270,6290,6258,6312,6339
"60",10111,"Rental",4,6243,5718,5742,5757,5746,5767,5769,5757,5733,5788,5871,5923,5958,5992,5961,5950,5887,5861,5867,5863,5910,5975,5987,6023,6027,6038,6059,6046,6031,6010,6067,6066,6086,6073,6181,6335,6422,6361,6365,6353,6338,6300,6263,6287,6346,6325,6302,6309,6308,6336,6377,6286,6284,6354,6352,6360,6336,6287,6296,6191,6207,6179,6170,6192,6154,6236,6289,6294,6263,6284,6268,6312,6325
"61",10112,"Rental",4,6254,5720,5753,5751,5757,5770,5761,5760,5743,5795,5880,5926,5968,6000,5960,5939,5884,5855,5877,5862,5901,5968,5983,6016,6026,6033,6073,6046,6033,6009,6062,6068,6075,6075,6167,6335,6422,6365,6371,6361,6327,6305,6265,6297,6345,6326,6306,6309,6305,6341,6378,6288,6292,6344,6355,6359,6332,6287,6303,6198,6206,6177,6165,6191,6161,6228,6288,6296,6261,6286,6261,6306,6331
"62",10115,"Rental",4,6243,5728,5747,5746,5750,5759,5773,5752,5739,5797,5885,5927,5957,5995,5962,5949,5890,5859,5869,5862,5900,5974,5987,6019,6019,6037,6070,6046,6025,6015,6065,6067,6084,6071,6172,6347,6420,6358,6372,6364,6331,6301,6258,6288,6343,6321,6298,6307,6315,6342,6390,6285,6280,6342,6353,6358,6337,6287,6298,6203,6211,6188,6175,6183,6160,6225,6279,6309,6266,6283,6265,6313,6328
"63",10118,"Rental",4,6244,5720,5746,5749,5744,5764,5766,5759,5741,5796,5877,5927,5960,5997,5957,5950,5879,5855,5876,5870,5901,5967,5977,6011,6024,6033,6063,6051,6031,6013,6059,6077,6086,6081,6179,6345,6414,6365,6377,6353,6325,6291,6261,6284,6343,6325,6304,6316,6317,6335,6391,6290,6286,6348,6359,6361,6337,6292,6295,6195,6211,6183,6162,6191,6160,6233,6287,6295,6259,6285,6259,6306,6329
"64",10119,"Rental",4,6250,5731,5742,5745,5743,5763,5773,5767,5745,5792,5876,5918,5961,5997,5967,5946,5883,5860,5876,5862,5905,5966,5980,6020,6025,6035,6068,6044,6026,6013,6061,6070,6075,6081,6179,6341,6424,6353,6368,6354,6332,6291,6263,6289,6355,6326,6300,6303,6306,6343,6391,6290,6294,6353,6348,6351,6335,6285,6293,6197,6209,6177,6174,6193,6154,6232,6283,6299,6262,6290,6254,6302,6336
"65",10120,"Rental",4,6254,5727,5752,5750,5744,5773,5766,5755,5742,5792,5880,5920,5963,5995,5959,5938,5890,5864,5871,5870,5904,5964,5983,6023,6018,6039,6065,6045,6029,6004,6063,6064,6087,6070,6173,6336,6412,6359,6364,6353,6335,6300,6254,6295,6348,6315,6304,6309,6314,6337,6392,6288,6283,6354,6352,6349,6336,6284,6291,6191,6203,6179,6162,6192,6154,6231,6288,6301,6269,6284,6265,6308,6335
"66",10121,"Rental",4,6254,5733,5752,5746,5750,5774,5766,5753,5732,5788,5885,5919,5961,6005,5970,5947,5890,5860,5869,5859,5898,5968,5987,6022,6019,6037,6060,6045,6033,6011,6068,6064,6074,6078,6176,6348,6418,6360,6368,6364,6329,6300,6268,6293,6346,6321,6304,6308,6304,6342,6392,6296,6293,6353,6348,6358,6337,6282,6295,6202,6207,6178,6171,6184,6156,6235,6282,6295,6263,6289,6265,6313,6333
"67",10122,"Rental",4,6248,5723,5741,5759,5746,5763,5761,5764,5736,5798,5884,5919,5970,5995,5968,5939,5893,5865,5869,5861,5908,5975,5987,6015,6024,6034,6070,6049,6025,6005,6064,6077,6080,6070,6182,6342,6415,6354,6366,6351,6336,6300,6265,6288,6344,6325,6309,6316,6306,6342,6381,6287,6295,6355,6352,6348,6343,6286,6299,6203,6205,6189,6164,6191,6155,6229,6286,6301,6271,6283,6259,6313,6335
"68",10123,"Rental",4,6255,5728,5754,5758,5751,5763,5769,5763,5739,5798,5882,5918,5966,5995,5965,5944,5882,5859,5864,5870,5904,5971,5977,6015,6027,6039,6068,6056,6029,6007,6055,6074,6077,6073,6176,6338,6421,6362,6373,6359,6334,6305,6265,6290,6344,6326,6307,6304,6309,6335,6383,6286,6291,6348,6351,6354,6340,6291,6300,6203,6202,6179,6162,6183,6161,6228,6283,6296,6264,6282,6263,6308,6327
"69",10128,"Rental",4,4908,5120,5180,5292,5218,5076,5400,5418,5319,5362,5204,5270,5177,5373,5398,5647,5500,5301,5196,5173,5145,5126,5108,5067,5052,5215,5214,5227,5179,5132,5239,5237,5399,5379,5379,5526,5532,5290,5272,5730,5772,5342,5331,5663,4973,4454,4849,4809,4772,4763,4591,4814,4737,4699,4657,4537,4615,4910,4631,4936,4487,4863,4686,4997,4817,4758,5051,5021,4943,5078,4761,4929,4994
"70",10151,"Rental",4,6245,5730,5741,5759,5743,5766,5775,5760,5747,5799,5885,5915,5964,5995,5959,5951,5889,5862,5867,5859,5898,5979,5979,6025,6019,6031,6075,6056,6030,6009,6062,6065,6084,6083,6172,6336,6421,6362,6376,6351,6334,6296,6256,6290,6354,6317,6308,6306,6307,6329,6389,6285,6289,6342,6354,6353,6336,6291,6294,6201,6204,6181,6172,6195,6152,6233,6284,6305,6270,6285,6269,6310,6333
"71",10152,"Rental",4,6241,5730,5749,5759,5754,5764,5766,5758,5734,5801,5882,5919,5960,5999,5958,5942,5892,5859,5866,5871,5898,5969,5980,6026,6031,6034,6067,6048,6030,6007,6062,6075,6075,6072,6171,6348,6416,6356,6375,6360,6338,6300,6264,6291,6351,6320,6308,6310,6306,6338,6387,6294,6295,6347,6355,6350,6341,6286,6297,6198,6212,6183,6168,6189,6149,6238,6280,6295,6264,6292,6261,6304,6338
"72",10153,"Rental",4,6254,5733,5743,5754,5745,5765,5768,5767,5748,5799,5873,5929,5958,6003,5963,5943,5891,5857,5864,5868,5904,5969,5976,6018,6022,6030,6067,6054,6031,6012,6063,6070,6077,6081,6179,6345,6420,6352,6369,6355,6328,6296,6268,6288,6353,6317,6301,6304,6309,6340,6389,6285,6296,6349,6353,6350,6345,6282,6291,6202,6210,6178,6166,6183,6152,6226,6293,6300,6266,6283,6268,6313,6327
"73",10154,"Rental",4,6253,5729,5755,5749,5750,5770,5773,5754,5744,5794,5876,5926,5958,5995,5973,5943,5883,5864,5871,5867,5906,5974,5983,6023,6019,6033,6073,6045,6035,6008,6060,6065,6086,6084,6181,6349,6419,6363,6374,6359,6331,6296,6265,6289,6343,6324,6305,6307,6306,6330,6386,6298,6285,6356,6350,6350,6336,6286,6294,6195,6204,6186,6172,6193,6151,6227,6287,6304,6268,6281,6267,6309,6333
"74",10155,"Rental",4,6230,5721,5744,5750,5744,5756,5762,5759,5734,5787,5865,5908,5951,5987,5957,5941,5876,5859,5856,5861,5893,5961,5967,6008,6015,6030,6049,6045,6026,6006,6048,6067,6072,6072,6169,6333,6401,6345,6360,6344,6325,6288,6246,6285,6322,6288,6285,6291,6291,6313,6364,6270,6263,6330,6323,6332,6317,6271,6277,6183,6183,6168,6151,6166,6137,6218,6275,6290,6248,6271,6245,6286,6315
"75",10158,"Rental",4,6233,5711,5741,5744,5742,5754,5763,5755,5738,5781,5877,5907,5948,5987,5964,5942,5878,5859,5859,5860,5887,5959,5975,6001,6010,6023,6053,6044,6016,6003,6057,6055,6077,6069,6171,6324,6407,6346,6351,6353,6325,6279,6243,6290,6324,6300,6284,6289,6288,6318,6363,6274,6263,6321,6330,6333,6318,6269,6270,6183,6183,6159,6144,6166,6143,6209,6267,6281,6245,6273,6248,6296,6307
"76",10162,"Rental",4,6237,5723,5738,5747,5741,5759,5771,5761,5732,5787,5866,5910,5949,5982,5960,5936,5889,5850,5865,5851,5899,5960,5968,6001,6019,6024,6057,6036,6019,6006,6053,6064,6076,6065,6164,6326,6409,6341,6362,6346,6333,6293,6242,6288,6323,6291,6277,6294,6287,6314,6356,6266,6267,6333,6334,6329,6319,6277,6279,6186,6189,6170,6154,6179,6144,6212,6262,6284,6253,6272,6248,6286,6308
"77",10165,"Rental",4,6224,5726,5741,5749,5739,5755,5769,5754,5742,5792,5865,5910,5949,5987,5963,5938,5878,5846,5859,5860,5899,5961,5972,6008,6012,6019,6052,6033,6015,5994,6048,6056,6066,6075,6165,6332,6402,6352,6361,6354,6324,6289,6247,6286,6333,6294,6277,6292,6295,6320,6355,6265,6261,6328,6338,6335,6317,6271,6271,6175,6180,6159,6151,6170,6131,6206,6266,6288,6253,6264,6246,6284,6311
"78",10166,"Rental",4,6236,5717,5737,5742,5745,5754,5770,5760,5732,5792,5866,5915,5952,5989,5958,5942,5888,5856,5867,5858,5899,5954,5964,6010,6006,6031,6050,6039,6022,5998,6049,6055,6076,6076,6159,6336,6410,6349,6355,6344,6332,6281,6247,6279,6335,6293,6276,6289,6292,6313,6364,6269,6274,6322,6338,6327,6312,6267,6270,6187,6189,6170,6151,6178,6140,6210,6265,6288,6253,6270,6245,6283,6309
"79",10167,"Rental",4,6233,5720,5734,5750,5749,5753,5768,5751,5735,5785,5866,5912,5961,5987,5961,5939,5882,5852,5859,5864,5900,5958,5965,6008,6015,6027,6051,6034,6021,6000,6054,6056,6079,6076,6162,6334,6410,6351,6352,6354,6325,6286,6247,6278,6335,6292,6284,6284,6288,6309,6364,6264,6270,6327,6329,6335,6313,6263,6275,6187,6186,6167,6148,6176,6135,6207,6273,6280,6249,6264,6244,6289,6312
"80",10168,"Rental",4,6224,5716,5740,5742,5746,5763,5769,5754,5729,5785,5865,5920,5954,5994,5954,5935,5878,5852,5867,5857,5899,5959,5970,6012,6014,6030,6059,6034,6028,5994,6050,6063,6079,6063,6165,6327,6415,6341,6351,6356,6324,6279,6252,6282,6324,6303,6278,6293,6291,6319,6368,6273,6272,6329,6327,6325,6321,6274,6275,6182,6181,6172,6148,6172,6138,6208,6271,6279,6246,6270,6237,6287,6312
"81",10169,"Rental",4,6237,5721,5738,5743,5741,5761,5760,5762,5730,5794,5868,5913,5954,5994,5965,5936,5877,5849,5859,5855,5894,5961,5974,6004,6006,6024,6056,6036,6021,6003,6058,6059,6070,6075,6158,6328,6403,6353,6357,6347,6324,6281,6253,6277,6325,6299,6282,6292,6291,6314,6363,6268,6274,6327,6330,6336,6322,6272,6276,6175,6188,6167,6148,6174,6144,6215,6271,6282,6247,6265,6240,6298,6322
"82",10170,"Rental",4,6237,5725,5734,5752,5741,5757,5766,5759,5730,5791,5875,5919,5958,5991,5958,5944,5886,5856,5870,5858,5899,5965,5966,6002,6017,6028,6051,6046,6020,5998,6051,6054,6074,6066,6164,6338,6412,6341,6357,6355,6321,6291,6254,6279,6336,6299,6282,6286,6288,6323,6368,6270,6262,6329,6334,6336,6321,6267,6282,6179,6189,6161,6151,6166,6140,6213,6274,6286,6250,6267,6237,6292,6313
"83",10171,"Rental",4,6237,5723,5737,5742,5748,5752,5763,5751,5741,5792,5874,5907,5957,5989,5958,5947,5884,5853,5856,5852,5897,5962,5974,6001,6015,6023,6062,6037,6020,6004,6049,6060,6080,6067,6173,6329,6407,6341,6354,6356,6330,6279,6252,6285,6329,6302,6283,6288,6287,6309,6368,6270,6270,6333,6328,6332,6311,6277,6274,6186,6179,6173,6149,6173,6140,6206,6270,6292,6245,6271,6237,6290,6313
"84",10172,"Rental",4,6238,5721,5743,5743,5747,5759,5772,5749,5734,5788,5874,5912,5953,5994,5960,5945,5881,5853,5870,5857,5888,5955,5964,6012,6015,6033,6050,6037,6024,6005,6045,6066,6074,6066,6159,6328,6404,6343,6351,6346,6330,6282,6251,6289,6328,6303,6281,6295,6293,6315,6367,6277,6265,6324,6337,6329,6322,6273,6273,6178,6182,6167,6144,6177,6136,6219,6267,6292,6246,6274,6238,6287,6319
"85",10173,"Rental",4,6228,5713,5748,5748,5741,5759,5772,5755,5738,5796,5874,5907,5956,5994,5964,5938,5885,5849,5870,5852,5899,5959,5975,6001,6019,6021,6061,6039,6028,5997,6059,6059,6068,6070,6172,6329,6403,6340,6356,6348,6334,6283,6252,6280,6336,6297,6283,6293,6299,6315,6365,6271,6263,6334,6333,6331,6313,6271,6275,6188,6184,6165,6155,6170,6133,6207,6270,6293,6248,6268,6245,6289,6317
"86",10174,"Rental",4,6227,5725,5743,5741,5751,5762,5766,5759,5737,5792,5867,5907,5956,5983,5958,5934,5888,5862,5860,5857,5893,5960,5972,6008,6011,6031,6055,6033,6018,5996,6046,6064,6067,6063,6169,6335,6405,6352,6354,6356,6323,6288,6249,6283,6326,6301,6282,6289,6290,6315,6368,6267,6265,6327,6336,6325,6316,6269,6274,6180,6181,6168,6149,6177,6136,6215,6264,6293,6254,6269,6248,6291,6313
"87",10175,"Rental",4,6236,5725,5739,5747,5743,5757,5771,5762,5731,5797,5876,5918,5950,5986,5961,5944,5880,5859,5862,5858,5902,5956,5977,6006,6013,6020,6054,6043,6025,6001,6052,6062,6077,6073,6171,6334,6407,6353,6359,6356,6323,6287,6246,6290,6329,6304,6276,6290,6295,6317,6367,6265,6266,6330,6334,6336,6318,6271,6274,6188,6188,6169,6144,6175,6145,6208,6271,6288,6250,6275,6238,6297,6320
"88",10176,"Rental",4,6232,5717,5746,5748,5748,5766,5759,5751,5741,5794,5873,5919,5955,5986,5955,5936,5887,5853,5858,5862,5889,5967,5967,6004,6019,6034,6063,6047,6019,6001,6054,6058,6074,6066,6161,6329,6411,6351,6365,6358,6327,6281,6244,6285,6324,6301,6285,6289,6297,6314,6358,6271,6268,6331,6329,6326,6315,6269,6276,6184,6190,6169,6147,6174,6136,6216,6276,6290,6251,6276,6242,6296,6309
"89",10177,"Rental",4,6234,5717,5747,5748,5749,5756,5759,5756,5731,5795,5869,5909,5954,5989,5953,5946,5877,5859,5871,5857,5903,5957,5973,6007,6016,6023,6050,6037,6024,6008,6050,6060,6073,6070,6172,6328,6416,6353,6354,6356,6322,6287,6249,6277,6332,6305,6277,6286,6296,6309,6356,6277,6266,6323,6338,6337,6317,6264,6269,6176,6179,6172,6150,6173,6133,6213,6276,6287,6251,6267,6237,6297,6315
"90",10178,"Rental",4,6235,5717,5741,5749,5741,5767,5760,5762,5740,5794,5867,5918,5963,5986,5953,5941,5883,5860,5861,5853,5894,5966,5975,6004,6019,6023,6061,6035,6016,5998,6047,6057,6069,6072,6168,6335,6405,6343,6352,6356,6330,6287,6255,6277,6333,6302,6286,6295,6296,6311,6360,6269,6265,6328,6331,6326,6319,6269,6275,6183,6189,6161,6147,6172,6133,6214,6276,6285,6257,6276,6246,6284,6321
"91",10196,"Rental",4,6233,5721,5742,5751,5749,5758,5758,5763,5733,5790,5867,5908,5962,5985,5962,5945,5877,5862,5870,5851,5897,5954,5972,6002,6012,6034,6061,6040,6024,5996,6048,6066,6072,6073,6173,6336,6411,6348,6364,6355,6323,6289,6246,6288,6325,6293,6280,6295,6291,6320,6357,6266,6266,6330,6328,6331,6322,6275,6281,6176,6190,6170,6153,6176,6138,6213,6269,6285,6247,6270,6240,6287,6316
"92",10203,"Rental",4,6238,5714,5735,5753,5751,5766,5765,5759,5734,5788,5879,5922,5962,5992,5955,5944,5890,5863,5861,5862,5894,5957,5966,6009,6021,6021,6056,6034,6023,5995,6047,6056,6070,6075,6170,6337,6406,6352,6361,6357,6323,6282,6246,6280,6325,6297,6280,6296,6295,6316,6362,6278,6267,6324,6329,6335,6317,6265,6276,6186,6180,6161,6150,6167,6133,6215,6264,6283,6256,6273,6248,6297,6317
"93",10259,"Rental",4,6229,5720,5738,5754,5743,5757,5760,5754,5735,5785,5876,5919,5961,5985,5955,5949,5878,5861,5871,5857,5889,5966,5978,6006,6010,6029,6058,6034,6016,6001,6054,6057,6068,6070,6173,6332,6406,6352,6354,6353,6321,6294,6250,6290,6330,6295,6280,6297,6294,6317,6365,6265,6268,6323,6326,6339,6323,6270,6283,6184,6192,6166,6155,6178,6138,6210,6275,6282,6252,6274,6242,6291,6310
"94",10260,"Rental",4,6226,5718,5738,5745,5742,5756,5760,5765,5730,5783,5877,5908,5962,5991,5967,5935,5885,5857,5864,5854,5889,5962,5969,6015,6015,6031,6061,6046,6027,6002,6058,6064,6077,6065,6166,6333,6404,6347,6364,6350,6333,6280,6252,6284,6331,6303,6284,6293,6292,6317,6361,6276,6275,6335,6339,6331,6325,6267,6280,6178,6193,6163,6148,6167,6133,6217,6271,6288,6258,6266,6242,6293,6315
"95",10265,"Rental",4,6225,5720,5736,5742,5738,5760,5771,5753,5738,5795,5864,5917,5958,5990,5952,5945,5878,5855,5857,5858,5903,5957,5969,6012,6018,6028,6055,6047,6027,6004,6055,6064,6074,6065,6164,6340,6413,6342,6358,6347,6331,6283,6254,6288,6331,6294,6287,6285,6287,6310,6359,6273,6276,6321,6340,6332,6322,6276,6271,6183,6189,6161,6150,6171,6138,6216,6265,6288,6248,6270,6240,6286,6323
"96",10270,"Rental",4,6234,5725,5744,5752,5751,5767,5772,5759,5743,5796,5874,5921,5963,5998,5954,5946,5888,5848,5858,5855,5896,5956,5966,6010,6014,6023,6058,6047,6016,5998,6051,6060,6069,6077,6160,6332,6408,6347,6366,6353,6335,6293,6249,6286,6328,6294,6287,6292,6294,6318,6361,6279,6269,6331,6340,6329,6316,6277,6275,6189,6184,6163,6155,6168,6141,6219,6264,6283,6249,6274,6243,6294,6321
"97",10271,"Rental",4,6234,5728,5737,5749,5747,5766,5762,5760,5740,5794,5877,5921,5952,5997,5960,5940,5888,5862,5864,5858,5890,5955,5976,6003,6007,6031,6060,6037,6024,6002,6060,6062,6070,6072,6163,6337,6409,6349,6362,6348,6321,6292,6248,6283,6335,6305,6289,6296,6289,6310,6371,6279,6271,6336,6332,6325,6318,6272,6271,6187,6180,6164,6157,6180,6142,6211,6278,6293,6250,6279,6239,6298,6311
"98",10275,"Rental",4,6239,5720,5743,5754,5750,5757,5772,5759,5733,5787,5867,5917,5960,5988,5962,5939,5881,5851,5863,5864,5891,5968,5966,6013,6013,6030,6062,6044,6024,6007,6054,6061,6081,6071,6167,6327,6416,6346,6356,6353,6328,6283,6248,6289,6334,6292,6286,6288,6288,6314,6359,6266,6267,6322,6338,6332,6317,6273,6279,6184,6182,6175,6149,6174,6144,6212,6270,6289,6251,6271,6239,6284,6314
"99",10278,"Rental",4,6231,5726,5749,5752,5752,5764,5768,5765,5743,5791,5878,5909,5950,5997,5954,5936,5890,5851,5859,5851,5894,5959,5973,6002,6013,6021,6054,6043,6016,6006,6057,6060,6080,6066,6168,6337,6403,6341,6366,6357,6332,6293,6255,6278,6336,6292,6281,6285,6289,6312,6357,6265,6266,6333,6334,6340,6320,6265,6274,6189,6185,6174,6146,6173,6138,6210,6265,6281,6253,6278,6239,6292,6320
"100",10279,"Rental",4,6235,5718,5737,5753,5752,5756,5768,5754,5733,5796,5869,5916,5961,5990,5955,5947,5889,5850,5862,5862,5894,5957,5974,6010,6015,6029,6062,6041,6019,6000,6046,6069,6079,6068,6165,6333,6411,6342,6354,6358,6327,6292,6251,6278,6339,6299,6282,6285,6288,6322,6368,6264,6264,6331,6334,6331,6313,6266,6277,6177,6180,6173,6158,6173,6142,6220,6264,6293,6256,6272,6246,6298,6317
"101",10280,"Rental",4,5144,4721,4738,4929,4795,4682,5042,5026,4993,4966,4786,5031,4911,4918,5012,5211,5098,4995,4742,4870,4692,4761,4735,4770,4644,4969,4836,4848,4799,4761,4889,4911,4945,5012,4967,5202,5125,5060,5022,5390,5354,5378,5380,5532,5341,4913,5059,5104,5177,5136,4894,4753,4962,5096,5155,5316,5428,5058,5276,5248,5180,5471,5100,5095,5336,5052,5217,5216,5046,5125,5072,4931,5064
"102",10281,"Rental",4,6236,5716,5740,5745,5740,5764,5762,5755,5731,5784,5865,5921,5960,5988,5967,5939,5889,5857,5867,5860,5890,5958,5966,6013,6010,6034,6064,6044,6019,6003,6047,6062,6069,6068,6171,6334,6416,6348,6356,6346,6324,6291,6256,6280,6331,6292,6278,6291,6293,6320,6359,6278,6269,6331,6328,6333,6325,6270,6274,6178,6191,6162,6144,6169,6135,6210,6273,6286,6249,6273,6243,6297,6312
"103",10282,"Rental",4,7484,6224,6146,6076,6190,6378,6531,6575,6626,6874,7026,7018,7078,7035,7002,7007,6904,7026,7158,7224,7184,7324,7312,7350,7294,7254,7202,7337,7409,7388,7356,7516,7420,7510,7541,7640,7613,7632,7438,7421,7365,7440,7447,7503,7490,7502,7643,7771,7577,7632,7639,7467,7509,7539,7416,7279,7288,7449,7410,7454,7373,7286,7301,7428,7325,7493,7551,7461,7562,7610,7538,7681,7576
"104",10285,"Rental",4,6229,5718,5739,5746,5750,5767,5769,5758,5732,5789,5871,5918,5962,5985,5961,5941,5887,5859,5870,5854,5899,5966,5971,6012,6020,6035,6054,6037,6019,5999,6051,6058,6073,6073,6168,6336,6406,6347,6357,6349,6325,6294,6246,6291,6339,6306,6290,6288,6291,6323,6366,6268,6269,6325,6331,6328,6321,6271,6279,6187,6183,6169,6149,6168,6136,6215,6265,6285,6253,6279,6239,6298,6323
"105",10286,"Rental",4,6239,5720,5739,5745,5743,5754,5773,5755,5741,5795,5871,5918,5955,5985,5960,5938,5886,5854,5863,5862,5904,5958,5972,6006,6022,6028,6065,6047,6019,6004,6051,6058,6072,6070,6160,6336,6406,6353,6367,6346,6322,6294,6253,6291,6336,6302,6289,6297,6286,6312,6371,6268,6273,6322,6329,6340,6312,6266,6283,6186,6192,6171,6155,6172,6139,6218,6268,6284,6247,6271,6243,6291,6317
"106",10301,"Rental",4,6219,5711,5730,5738,5730,5749,5757,5745,5725,5781,5862,5910,5948,5987,5953,5936,5874,5855,5853,5851,5882,5944,5953,5993,6003,6014,6040,6023,6018,5994,6038,6059,6069,6058,6157,6316,6403,6333,6341,6343,6318,6286,6239,6276,6322,6281,6266,6273,6288,6300,6345,6253,6252,6313,6322,6319,6314,6254,6264,6169,6180,6155,6145,6159,6139,6209,6253,6275,6237,6263,6231,6286,6311
"107",10302,"Rental",4,6228,5713,5731,5740,5738,5757,5759,5751,5737,5790,5868,5901,5953,5980,5951,5936,5881,5843,5853,5847,5882,5946,5965,5992,5997,6021,6040,6024,6004,5987,6049,6058,6062,6065,6160,6322,6397,6342,6351,6340,6319,6286,6248,6274,6330,6284,6265,6274,6285,6311,6356,6251,6253,6316,6320,6324,6316,6266,6267,6171,6175,6156,6144,6163,6132,6207,6262,6284,6240,6267,6233,6285,6302
"108",10303,"Rental",4,6237,5719,5744,5740,5742,5757,5763,5764,5741,5799,5876,5916,5956,5992,5963,5949,5894,5865,5864,5860,5904,5962,5971,6003,6006,6023,6051,6049,6020,6000,6055,6068,6074,6080,6168,6333,6403,6350,6350,6349,6328,6288,6249,6284,6337,6303,6282,6288,6301,6315,6361,6262,6269,6327,6328,6327,6325,6276,6283,6180,6183,6171,6148,6173,6144,6211,6276,6287,6254,6279,6245,6297,6312
"109",10304,"Rental",4,6235,5722,5731,5745,5740,5753,5769,5757,5732,5796,5879,5925,5961,5996,5956,5942,5882,5862,5862,5868,5898,5965,5978,6016,6018,6027,6057,6036,6031,6003,6055,6066,6084,6078,6165,6333,6413,6349,6352,6350,6331,6288,6258,6287,6335,6296,6287,6298,6289,6322,6368,6269,6272,6326,6333,6338,6326,6273,6275,6189,6195,6174,6154,6178,6147,6222,6276,6288,6255,6281,6251,6290,6322
"110",10305,"Rental",4,6242,5714,5735,5745,5736,5756,5770,5759,5741,5799,5871,5911,5965,5988,5959,5951,5883,5865,5867,5858,5904,5969,5979,6008,6014,6024,6051,6045,6028,6009,6061,6065,6078,6070,6168,6329,6413,6352,6351,6356,6333,6289,6258,6292,6327,6296,6290,6288,6296,6324,6369,6266,6269,6336,6340,6335,6316,6279,6282,6195,6190,6168,6155,6180,6144,6220,6279,6288,6252,6271,6249,6294,6321
"111",10306,"Rental",4,6229,5722,5735,5742,5744,5762,5768,5753,5738,5799,5881,5912,5963,5988,5960,5948,5881,5858,5872,5860,5897,5964,5968,6009,6016,6027,6058,6040,6026,6001,6050,6070,6078,6074,6171,6342,6411,6348,6360,6354,6332,6298,6250,6295,6335,6300,6289,6293,6301,6321,6362,6271,6271,6325,6332,6338,6313,6267,6283,6185,6190,6174,6153,6177,6144,6216,6272,6287,6252,6276,6242,6293,6314
"112",10307,"Rental",4,6233,5712,5734,5747,5749,5755,5772,5764,5744,5796,5878,5925,5951,5995,5962,5949,5884,5857,5872,5869,5898,5961,5980,6007,6014,6025,6063,6046,6032,5999,6054,6074,6082,6071,6163,6337,6407,6341,6359,6360,6331,6287,6250,6297,6327,6300,6293,6290,6290,6316,6357,6266,6275,6331,6340,6332,6327,6279,6280,6192,6181,6166,6147,6171,6137,6222,6280,6285,6255,6282,6243,6300,6317
"113",10308,"Rental",4,6239,5716,5734,5739,5746,5762,5764,5753,5732,5800,5874,5921,5958,5993,5966,5946,5886,5853,5864,5867,5894,5957,5966,6005,6015,6033,6059,6039,6023,5997,6049,6066,6069,6068,6176,6332,6408,6353,6359,6356,6325,6284,6257,6290,6334,6303,6281,6296,6297,6315,6364,6273,6276,6329,6340,6334,6327,6269,6278,6181,6194,6176,6150,6173,6149,6221,6278,6288,6246,6269,6242,6289,6310
"114",10309,"Rental",4,6238,5722,5740,5738,5744,5759,5769,5760,5738,5793,5877,5923,5957,5985,5965,5951,5892,5865,5873,5860,5905,5961,5967,6012,6020,6034,6052,6039,6029,6006,6053,6069,6073,6078,6167,6337,6417,6353,6355,6347,6331,6296,6259,6289,6340,6301,6291,6299,6297,6322,6361,6264,6274,6322,6329,6335,6320,6276,6272,6182,6184,6165,6152,6172,6147,6214,6280,6285,6258,6277,6248,6294,6318
"115",10310,"Rental",4,6240,5710,5734,5749,5738,5760,5771,5767,5743,5798,5876,5924,5963,5990,5958,5954,5894,5866,5871,5866,5899,5969,5969,6006,6015,6029,6061,6045,6021,6002,6054,6072,6074,6072,6176,6331,6410,6356,6353,6354,6324,6286,6260,6283,6329,6292,6283,6302,6291,6312,6369,6276,6273,6323,6332,6334,6321,6275,6274,6183,6194,6177,6152,6177,6146,6209,6270,6289,6260,6271,6247,6288,6320
"116",10312,"Rental",4,6241,5722,5741,5749,5746,5760,5774,5757,5743,5802,5873,5917,5964,5993,5963,5947,5889,5867,5873,5865,5895,5960,5975,6004,6008,6023,6065,6037,6029,5999,6050,6073,6076,6081,6164,6338,6413,6348,6354,6351,6332,6298,6261,6284,6339,6297,6283,6291,6300,6317,6357,6267,6264,6335,6340,6333,6317,6276,6279,6187,6195,6173,6156,6180,6146,6214,6275,6289,6255,6278,6249,6287,6313
"117",10314,"Rental",4,6235,5713,5738,5750,5748,5752,5769,5767,5734,5798,5868,5922,5957,5993,5969,5941,5894,5857,5861,5864,5897,5963,5968,6011,6015,6027,6064,6043,6028,6001,6056,6064,6076,6079,6169,6335,6404,6344,6356,6360,6324,6288,6262,6295,6328,6292,6281,6300,6294,6320,6356,6262,6272,6326,6330,6330,6324,6265,6274,6185,6183,6175,6146,6178,6141,6221,6273,6282,6254,6269,6253,6293,6318
"118",10451,"Rental",4,6236,5721,5734,5750,5736,5759,5766,5766,5743,5789,5869,5925,5959,5995,5963,5942,5890,5868,5860,5860,5899,5962,5977,6010,6011,6025,6054,6048,6027,5998,6062,6073,6071,6075,6167,6332,6411,6343,6360,6358,6335,6287,6249,6294,6340,6294,6282,6292,6293,6326,6366,6271,6264,6324,6331,6333,6319,6273,6283,6184,6187,6180,6150,6175,6146,6211,6273,6296,6248,6281,6251,6289,6315
"119",10452,"Rental",4,2859,2430,2346,2431,2406,2474,2485,2413,2449,2466,2421,2558,2506,2538,2485,2469,2479,2571,2481,2550,2439,2469,2596,2518,2577,2561,2665,2595,2497,2646,2540,2633,2698,2589,2628,2704,2594,2716,2735,2683,2721,2677,2689,2638,2701,2648,2609,2724,2778,2699,2757,2795,2730,2833,2884,2868,2853,2783,2745,2821,2908,2891,2765,2887,2741,2830,2925,2903,2826,2930,2845,2876,2889
"120",10453,"Rental",4,2715,2448,2380,2416,2431,2322,2410,2481,2349,2424,2469,2356,2518,2398,2468,2546,2494,2480,2499,2487,2635,2549,2556,2497,2611,2325,2404,2479,2382,2512,2447,2475,2501,2432,2393,2429,2495,2384,2481,2472,2441,2458,2531,2520,2532,2510,2547,2494,2439,2546,2502,2608,2581,2568,2660,2591,2537,2628,2734,2864,2592,2675,2685,2520,2641,2714,2686,2694,2706,2799,2736,2835,2889
"121",10454,"Rental",4,6233,5714,5744,5744,5745,5761,5773,5753,5741,5788,5878,5926,5951,5992,5961,5945,5887,5857,5870,5861,5900,5967,5977,6009,6008,6031,6061,6045,6022,5997,6062,6065,6071,6078,6175,6336,6412,6353,6364,6352,6326,6296,6260,6284,6332,6305,6291,6288,6291,6322,6358,6264,6277,6326,6332,6329,6328,6269,6286,6184,6192,6179,6151,6171,6146,6212,6281,6296,6254,6277,6243,6298,6321
"122",10455,"Rental",4,6234,5723,5741,5751,5736,5755,5766,5759,5738,5801,5870,5922,5963,5996,5967,5952,5890,5857,5860,5867,5902,5967,5979,6014,6017,6028,6061,6042,6023,5998,6050,6067,6074,6079,6171,6330,6417,6355,6352,6356,6336,6288,6262,6287,6341,6291,6293,6301,6289,6314,6365,6263,6265,6330,6336,6335,6316,6268,6279,6191,6196,6169,6146,6170,6145,6222,6269,6296,6253,6272,6242,6294,6315
"123",10456,"Rental",4,2820,2437,2489,2362,2457,2584,2453,2418,2484,2531,2366,2548,2426,2526,2495,2558,2472,2473,2442,2505,2583,2588,2604,2617,2584,2595,2527,2695,2596,2694,2639,2619,2649,2612,2673,2732,2698,2683,2740,2670,2813,2813,2867,2732,2831,2741,2805,2763,2822,2856,2743,2724,2866,2902,2973,2906,2911,2803,2729,2702,2804,2796,2771,2811,2648,2831,2885,2812,2786,2812,2919,2922,2848
"124",10457,"Rental",4,2691,2316,2324,2239,2319,2354,2375,2352,2330,2313,2329,2295,2293,2313,2412,2366,2302,2291,2307,2403,2400,2304,2249,2261,2359,2393,2442,2438,2427,2375,2307,2322,2400,2410,2451,2350,2344,2300,2438,2394,2472,2448,2405,2407,2536,2444,2555,2524,2639,2537,2455,2547,2416,2522,2637,2540,2572,2616,2623,2500,2597,2592,2563,2700,2603,2694,2724,2673,2721,2709,2736,2789,2787
"125",10458,"Rental",4,2473,2301,2293,2401,2389,2358,2403,2280,2297,2260,2345,2305,2364,2260,2375,2284,2358,2362,2409,2410,2349,2443,2373,2385,2157,2188,2257,2086,1991,1988,2092,2015,2056,2070,2121,2170,2237,2268,2235,2338,2207,2228,2350,2275,2058,2052,2194,2230,2372,2285,2260,2207,2347,2255,2291,2364,2447,2433,2393,2454,2407,2357,2429,2582,2444,2519,2467,2452,2419,2492,2430,2513,2574
"126",10459,"Rental",4,6175,5666,5682,5697,5691,5695,5714,5709,5691,5736,5822,5864,5900,5940,5905,5897,5836,5798,5813,5808,5837,5906,5915,5953,5952,5970,5999,5982,5962,5940,6000,6014,6026,6016,6116,6278,6346,6291,6293,6297,6269,6228,6202,6231,6280,6242,6229,6228,6234,6257,6302,6207,6212,6265,6271,6269,6265,6212,6225,6127,6137,6123,6094,6116,6093,6156,6221,6239,6193,6222,6186,6230,6264
"127",10460,"Rental",4,6180,5665,5680,5685,5695,5704,5720,5710,5691,5741,5816,5858,5906,5939,5908,5897,5837,5812,5811,5811,5837,5904,5915,5955,5960,5977,6002,5988,5961,5955,5996,6003,6017,6022,6115,6268,6350,6284,6290,6290,6273,6225,6193,6237,6277,6232,6220,6234,6240,6265,6295,6209,6210,6276,6277,6267,6265,6209,6225,6137,6139,6112,6100,6116,6094,6164,6214,6225,6190,6218,6186,6237,6262
"128",10461,"Rental",4,2592,2347,2405,2353,2427,2365,2447,2362,2504,2674,2772,2601,2370,2382,2385,2416,2477,2380,2363,2490,2475,2412,2502,2527,2565,2649,2599,2600,2673,2715,2577,2567,2584,2667,2627,2541,2490,2577,2562,2565,2554,2668,2538,2574,2619,2619,2555,2670,2538,2663,2758,2765,2718,2644,2719,2680,2672,2649,2716,2686,2707,2516,2423,2592,2452,2610,2658,2627,2624,2611,2660,2653,2674
"129",10462,"Rental",4,2967,2624,2622,2605,2595,2618,2662,2539,2551,2557,2627,2654,2644,2619,2555,2568,2523,2627,2669,2665,2607,2669,2734,2685,2662,2710,2607,2726,2634,2726,2715,2707,2719,2699,2798,2765,2811,2829,2771,2678,2679,2630,2764,2819,2803,2781,2816,2818,2790,2813,2809,2726,2790,2860,2740,2872,2874,2811,2823,2834,2821,2977,2966,2924,2983,2923,2955,2838,3025,3050,2964,2995,3006
"130",10463,"Rental",4,3147,2836,2938,2902,2970,2921,2868,2964,3233,3025,3019,2988,2966,2967,3148,3150,3322,3309,3381,3138,3267,3264,3329,3366,3384,3590,3413,3304,3126,3109,3070,3079,3036,3109,3327,3459,3321,3021,2875,2862,2871,2888,2847,2866,2941,2959,3022,3255,3239,3111,3261,3352,3234,3265,3061,3022,3048,3090,3082,2928,2907,2916,2877,3090,3123,2917,3120,3304,3281,3481,3393,3348,2911
"131",10464,"Rental",4,6096,5586,5596,5614,5613,5624,5640,5621,5605,5664,5742,5777,5817,5853,5820,5801,5752,5722,5724,5729,5755,5820,5833,5862,5867,5879,5910,5895,5874,5860,5911,5915,5935,5926,6020,6186,6247,6198,6202,6200,6182,6143,6104,6143,6178,6147,6133,6147,6154,6165,6205,6126,6121,6181,6184,6191,6178,6133,6128,6045,6044,6037,6019,6039,5998,6076,6136,6147,6112,6133,6101,6150,6178
"132",10465,"Rental",4,2653,1909,1982,1971,2023,2026,1965,2047,2211,2172,2103,2049,2038,2165,2289,2233,2296,2373,2384,2305,2362,2259,2427,2383,2474,2534,2549,2254,2215,2180,2083,2072,2101,2160,2478,2513,2342,2327,2252,2406,2257,2297,2219,2310,2207,2366,2447,2345,2354,2560,2595,2481,2390,2422,2377,2444,2479,2695,2433,2351,2509,2561,2554,2765,2782,2527,2581,2683,2668,2619,2708,2741,2647
"133",10466,"Rental",4,2925,2630,2706,2764,2632,2586,2551,2582,2543,2692,2604,2594,2648,2601,2710,2640,2671,2651,2543,2701,2717,2758,2745,2719,2776,2812,2751,2742,2741,2729,2750,2691,2721,2739,2773,2652,2737,2742,2751,2686,2670,2703,2746,2739,2742,2716,2749,2784,2779,2798,2800,2854,2668,2740,2692,2940,2808,2818,2861,2884,2743,2944,2864,2907,2932,2849,2859,3029,3039,2950,2911,2928,2892
"134",10467,"Rental",4,2885,2577,2680,2641,2570,2625,2650,2573,2632,2533,2525,2584,2734,2580,2650,2603,2602,2691,2566,2606,2624,2680,2666,2716,2715,2622,2633,2668,2668,2677,2647,2624,2703,2622,2617,2634,2702,2602,2584,2648,2676,2690,2657,2622,2748,2673,2701,2708,2670,2695,2809,2709,2669,2779,2688,2857,2809,2800,2764,2846,2822,2821,2810,2855,2838,2830,2931,2957,2868,2889,2902,2965,2949
"135",10468,"Rental",4,2871,2498,2605,2515,2511,2619,2611,2556,2498,2508,2616,2501,2596,2604,2525,2600,2579,2575,2538,2582,2555,2580,2599,2504,2607,2575,2656,2693,2649,2643,2666,2655,2644,2614,2785,2672,2629,2702,2640,2639,2677,2666,2617,2660,2669,2703,2691,2779,2773,2829,2751,2891,2814,2833,2806,2808,2696,2664,2810,2889,2750,2742,2686,2827,2772,2811,2886,2901,2897,2924,3023,2984,2999
"136",10469,"Rental",4,6029,5520,5542,5544,5545,5553,5568,5563,5547,5591,5670,5717,5741,5769,5745,5736,5675,5656,5668,5666,5701,5751,5774,5800,5801,5816,5852,5830,5807,5787,5837,5849,5861,5856,5946,6105,6179,6109,6123,6119,6102,6058,6038,6063,6105,6073,6060,6074,6077,6090,6137,6051,6057,6110,6118,6109,6102,6055,6053,5971,5974,5963,5941,5965,5935,5999,6054,6070,6033,6065,6040,6082,6095
"137",10470,"Rental",4,5996,5484,5508,5514,5521,5526,5536,5537,5514,5571,5644,5688,5710,5753,5722,5708,5660,5627,5644,5631,5668,5723,5737,5778,5773,5799,5825,5806,5776,5765,5813,5826,5836,5838,5920,6081,6147,6088,6089,6092,6071,6033,5997,6032,6074,6034,6027,6039,6040,6068,6111,6027,6022,6083,6078,6075,6067,6034,6027,5949,5945,5935,5907,5936,5902,5979,6036,6047,6012,6045,6008,6062,6073
"138",10471,"Rental",4,2899,2294,2242,2378,2305,2260,2287,2219,2291,2304,2377,2338,2339,2278,2377,2404,2390,2363,2237,2375,2441,2386,2475,2270,2508,2317,2463,2438,2447,2468,2436,2456,2313,2429,2448,2545,2537,2634,2503,2413,2452,2572,2526,2571,2630,2593,2684,2562,2607,2551,2658,2713,2659,2637,2620,2659,2563,2569,2712,2839,2763,2845,2867,2989,2993,2804,2862,2866,2801,2861,2884,3087,2930
"139",10472,"Rental",4,2621,2219,2135,2254,2335,2238,2148,2242,2371,2307,2234,2337,2166,2190,2247,2258,2276,2240,2294,2334,2448,2401,2513,2234,2400,2327,2470,2363,2293,2433,2396,2368,2334,2403,2367,2410,2451,2526,2429,2452,2503,2467,2417,2452,2500,2455,2450,2562,2542,2495,2507,2495,2464,2532,2527,2617,2542,2651,2626,2583,2608,2650,2626,2613,2581,2499,2528,2693,2687,2571,2697,2649,2663
"140",10473,"Rental",4,5924,5419,5443,5448,5444,5463,5472,5462,5448,5504,5575,5606,5646,5671,5651,5642,5588,5565,5575,5568,5601,5659,5676,5697,5704,5724,5747,5731,5719,5703,5743,5749,5763,5766,5847,6002,6063,6015,6020,6009,5995,5964,5922,5954,6007,5966,5965,5977,5968,5992,6040,5958,5941,5998,6008,6014,5998,5958,5960,5876,5878,5859,5838,5874,5847,5900,5964,5984,5938,5970,5947,5985,6009
"141",10474,"Rental",4,5929,5430,5440,5450,5454,5464,5478,5472,5446,5496,5580,5606,5650,5683,5655,5646,5584,5560,5570,5567,5603,5668,5677,5711,5715,5724,5745,5738,5707,5705,5738,5749,5763,5766,5847,6006,6075,6018,6023,6014,5999,5961,5921,5959,5999,5961,5963,5964,5970,5989,6036,5959,5946,6012,6009,6004,6002,5957,5957,5877,5877,5872,5850,5872,5847,5912,5966,5983,5943,5977,5941,5987,6001
"142",10475,"Rental",4,5929,5428,5446,5449,5455,5470,5479,5458,5444,5506,5578,5618,5647,5680,5663,5641,5590,5564,5565,5565,5607,5659,5672,5708,5715,5727,5754,5734,5712,5698,5735,5752,5756,5767,5858,6012,6067,6016,6026,6012,5992,5955,5926,5959,5998,5961,5963,5970,5979,6002,6031,5952,5947,6004,6016,6014,5994,5960,5968,5873,5881,5859,5848,5877,5834,5908,5968,5983,5939,5970,5947,5981,6011
"143",11001,"Rental",4,5911,5406,5424,5429,5423,5449,5448,5437,5433,5474,5546,5590,5626,5648,5630,5625,5561,5539,5540,5540,5572,5644,5645,5674,5695,5701,5733,5716,5685,5680,5723,5731,5746,5738,5830,5983,6049,5983,6001,5984,5977,5942,5907,5929,5981,5944,5943,5942,5949,5968,6013,5926,5926,5976,5982,5994,5980,5936,5933,5851,5855,5849,5829,5860,5817,5886,5937,5958,5921,5941,5928,5964,5987
"144",11004,"Rental",4,5887,5376,5397,5404,5411,5422,5423,5411,5404,5458,5530,5571,5604,5628,5604,5587,5548,5520,5529,5523,5554,5607,5620,5661,5660,5683,5698,5695,5666,5645,5690,5705,5715,5716,5811,5961,6020,5963,5974,5958,5948,5913,5885,5904,5947,5924,5909,5916,5921,5951,5988,5903,5903,5958,5966,5959,5943,5902,5907,5830,5837,5820,5805,5829,5803,5857,5918,5930,5897,5923,5895,5939,5962
"145",11005,"Rental",4,5880,5386,5402,5401,5406,5415,5425,5423,5405,5450,5524,5559,5609,5629,5607,5597,5539,5513,5519,5519,5561,5618,5633,5659,5660,5671,5698,5695,5659,5653,5700,5697,5720,5718,5811,5960,6014,5966,5964,5966,5941,5911,5880,5916,5952,5917,5913,5916,5928,5949,5994,5901,5905,5961,5958,5967,5957,5915,5916,5840,5836,5815,5798,5825,5793,5863,5912,5936,5901,5921,5901,5937,5954
"146",11040,"Rental",4,5887,5379,5406,5408,5407,5415,5430,5422,5412,5457,5521,5563,5601,5631,5602,5590,5543,5526,5530,5526,5558,5611,5629,5649,5660,5677,5708,5694,5665,5652,5688,5701,5719,5707,5811,5961,6018,5966,5972,5971,5940,5913,5885,5906,5957,5921,5911,5921,5924,5945,5994,5907,5894,5954,5954,5967,5943,5902,5918,5828,5830,5816,5794,5828,5794,5860,5912,5933,5896,5931,5901,5947,5960
"147",11096,"Rental",4,5878,5387,5396,5411,5406,5418,5429,5416,5402,5450,5531,5562,5608,5636,5606,5590,5544,5515,5518,5524,5561,5613,5635,5651,5664,5685,5698,5686,5664,5655,5689,5706,5710,5717,5804,5956,6018,5965,5965,5959,5952,5919,5887,5912,5957,5925,5917,5926,5930,5945,5993,5908,5896,5959,5958,5961,5948,5913,5909,5832,5830,5817,5800,5838,5799,5859,5919,5927,5901,5925,5895,5943,5957
"148",11101,"Rental",4,4653,4117,4163,4034,4132,4094,4043,4106,4079,4091,4137,4082,4048,4435,4385,4113,4484,4424,4459,4969,4527,4476,4774,4755,4698,4653,4671,4531,4461,4543,4475,4546,4530,4494,4577,4634,4503,4480,4596,4470,4531,4350,4608,4579,4557,4718,4614,4482,4457,4531,4557,4450,4517,4257,4411,4552,4600,4517,4385,4544,4564,4629,4470,4529,4437,4674,4745,4684,4760,4727,4665,4749,4766
"149",11102,"Rental",4,3551,3318,3223,3217,3254,3276,3291,3206,3298,3259,3242,3218,3256,3235,3232,3228,3233,3266,3222,3265,3232,3254,3264,3293,3255,3207,3222,3182,3105,3376,3482,3427,3440,3451,3538,3594,3458,3396,3395,3380,3304,3312,3424,3360,3307,3356,3342,3520,3537,3439,3454,3413,3460,3590,3675,3859,3675,3797,3947,3564,3575,3747,3527,3322,3266,3316,3731,3542,3553,3703,3795,3561,3549
"150",11103,"Rental",4,3482,3164,3125,3112,3181,3179,3105,3121,3115,3167,3112,3181,3197,3127,3142,3187,3188,3004,3045,3130,3115,3076,3078,3020,3083,3237,3382,3419,3391,3290,3204,3236,3255,3352,3437,3391,3481,3587,3521,3576,3455,3332,3358,3321,3380,3412,3492,3366,3436,3352,3441,3499,3491,3580,3514,3551,3580,3502,3570,3499,3498,3534,3792,3559,3410,3428,3462,3425,3545,3409,3430,3313,3477
"151",11104,"Rental",4,3436,2961,2912,3005,2859,2997,2850,2897,2854,2859,2823,2992,2991,3052,3025,3023,3108,3071,3067,3068,3094,3130,3222,3333,3236,3284,3177,3294,3387,3369,3429,3431,3427,3450,3507,3571,3478,3311,3450,3363,3541,3371,3321,3376,3432,3380,3432,3369,3515,3526,3603,3481,3506,3554,3531,3453,3549,3644,3563,3415,3424,3608,3552,3497,3447,3351,3430,3415,3353,3439,3452,3457,3225
"152",11105,"Rental",4,3543,3547,3491,3512,3540,3470,3474,3541,3561,3512,3538,3484,3469,3473,3483,3538,3522,3521,3490,3541,3479,3472,3500,3503,3546,3475,3533,3499,3427,3236,3179,3182,3241,3324,3255,3322,3578,3527,3391,3240,3218,3323,3342,3451,3539,3531,3404,3429,3476,3584,3559,3586,3583,3516,3421,3562,3566,3593,3426,3511,3751,3586,3531,3599,3590,3597,3574,3491,3502,3552,3588,3515,3391
"153",11106,"Rental",4,3507,3584,3505,3442,3526,3405,3560,3498,3468,3462,3530,3491,3464,3435,3562,3577,3587,3493,3475,3449,3559,3483,3491,3518,3481,3490,3487,3476,3544,3473,3464,3529,3610,3443,3439,3464,3544,3464,3454,3538,3484,3528,3485,3437,3418,3427,3370,3415,3490,3491,3542,3574,3491,3514,3561,3561,3549,3638,3526,3525,3615,3530,3459,3468,3459,3415,3442,3528,3514,3593,3646,3500,3534
"154",11109,"Rental",4,5193,4553,4507,4640,4546,4603,4621,4515,4578,4599,4386,4574,4622,4854,4876,4884,4888,4931,4941,4998,5008,5071,4961,4925,4911,4840,4696,4754,4879,4868,4925,4894,4864,5062,5031,5043,5125,5158,5224,5125,5207,5240,5279,5207,5052,5217,5207,5154,5182,5162,5082,5176,5096,5093,5114,5088,5105,5028,5108,5082,5059,5077,4993,5041,5177,5143,5293,5219,5285,5229,5313,5233,5313
"155",11201,"Rental",4,5465,4501,4599,4439,4401,4509,4464,4694,4720,4729,4758,4829,4972,4977,4999,4731,4934,4853,4892,4927,4677,5095,5172,4983,5120,5072,5140,5186,5119,5014,4975,5053,5161,5192,5339,5140,5183,5254,5159,5094,5070,4988,5088,5264,5346,5254,5074,5313,5326,5290,5165,5365,5419,5317,5365,5416,5302,5381,5181,5199,5224,5626,6011,5592,5225,5210,5215,5286,5452,5447,5583,5544,5392
"156",11203,"Rental",4,2917,2505,2562,2524,2565,2641,2674,2649,2688,2694,2636,2647,2683,2635,2670,2590,2673,2621,2722,2673,2699,2693,2780,2875,2763,2650,2588,2569,2745,2685,2519,2496,2481,2544,2582,2522,2495,2452,2454,2587,2579,2552,2552,2600,2676,2713,2630,2506,2585,2520,2735,2811,2985,2842,2624,2521,2702,2870,2711,2742,2707,2799,2933,2953,2959,2923,2957,2944,2872,2842,2869,2974,2980
"157",11204,"Rental",4,2898,2422,2462,2508,2475,2530,2603,2646,2549,2517,2659,2678,2610,2641,2586,2569,2588,2582,2634,2729,2738,2574,2599,2831,2684,2636,2534,2584,2563,2598,2532,2675,2707,2663,2720,2667,2827,2747,2711,2549,2690,2691,2673,2752,2671,2734,2771,2889,2786,2780,2823,2746,2755,2798,2777,2858,2806,2862,2928,2841,2903,2887,2867,2909,2889,2927,2851,2923,3054,2900,2884,2851,2836
"158",11205,"Rental",4,3945,3255,3367,3609,3582,3520,3112,3136,3370,3024,3076,3099,3075,3138,3307,3287,3379,3287,3349,3563,3729,3741,3603,3796,3525,3757,3525,3546,3728,3520,3747,3706,3797,3785,3812,3874,3897,3961,4006,3825,3753,3907,4045,3885,3819,4127,4124,4018,3878,3826,3703,3677,3632,3757,3893,4098,4113,4135,4192,4024,4059,3906,4037,4090,3778,3796,3985,3847,3933,3985,3971,3990,4024
"159",11206,"Rental",4,3942,3546,3625,3695,3527,3465,3326,3592,3486,3478,3580,3643,3757,3539,3766,3940,3950,3856,3709,3544,3624,3774,3799.5,3716.5,3833,3750,3658.5,3750,3549.5,3600,3600,3595,3500,3399,3399.5,3500,3900,3800,3600,3929,4000,3800,3800,3800,3847.5,3799,3799.5,3800,3799,3897.5,3800,3800,3800,3800,3800,3909,3990,4100,4100,3820,4100,3600,3897,3999,4125,4100,3799,4200,4092.5,3995,3850,3800,3849
"160",11207,"Rental",4,3028,2195,2217,2130,2139,2175,2175,2249,2368,2335,2311,2360,2386,2331,2217,2266,2374,2359,2473,2488,2451,2583,2606,2601,2754,2961,2943,2695,2703,2608,2593,2632,2596,2501,2621,2870,2911,2903,2857,2804,2963,2966,2996,3022,3008,3074,3038,3038,3025,3013,3045,3054,3044,2910,2995,2920,2840,2912,2901,3052,3170,3237,3210,3243,2836,3077,2890,2904,2945,2998,2990,2953,3054
"161",11208,"Rental",4,2721,2633,2402,2400,2486,2461,2433,2488,2456,2417,2459,2405,2411,2422,2418,2401,2499,2445,2433,2484,2485,2497,2467,2403,2484,2497,2408,2407,2427,2463,2497,2433,2432,2472,2466,2473,2480,2401,2475,2448,2404,2476,2490,2465,2420,2485,2477,2485,2554,2472,2449,2448,2450,2562,2500,2518,2427,2591,2487,2500,2555,2521,2810,2805,2761,2590,2799,2703,2703,2727,2765,2704,2767
"162",11209,"Rental",4,3033,2722,2585,2557,2510,2437,2386,2447,2523,2620,2651,2632,2848,2778,2697,2649,2811,2815,2588,2617,2653,2565,2532,2786,2718,2864,2892,2891,2900,2817,2936,2872,2980,2964,3002,2936,2979,3043,2870,2884,2817,2845,2931,3090,2950,3011,2990,3086,3104,3021,3015,3023,3055,3042,2985,2974,3023,3014,3099,3125,3034,3015,3134,3132,3114,3029,3022,2936,2983,3019,3046,3015,2950
"163",11210,"Rental",4,2994,3049,3084,3052,3029,3032,3045,3013,3043,3016,3060,3064,3025,3000,3051,3007,3080,3062,3142,3021,3022,3123,2981,2998,3129,2984,3060,3086,3069,3105,3053,3062,3074,2998,2991,3054,2980,2980,3061,2995,3055,3071,3037,3058,3096,3042,3053,2995,3022,2879,2898,2930,3031,3002,2909,2931,3020,2924,2905,2892,2907,3014,3085,3073,2904,2996,3015,2920,2936,3044,3021,3030,2896
"164",11211,"Rental",4,4369,3961,3904,3957,3781,3630,3766,3824,3762,3790,3799,3722,3874,3882,3764,3750,3750,3988,3772,3652,3719,4070,4089,4214,4146,4169,4205,4146,4125,4062,4018,4066,4027,4169,4137,4084,4094,4233,4166,4116,4004,4011,4054,4015,4278,4406,4300,4210,4375,4491,4437,4347,4326,4388,4389,4201,4448,4407,4330,4376,4311,4378,4731,4576,4530,4442,4019,4165,4329,4323,4336,4392,4204
"165",11212,"Rental",4,2551,2523,2524,2567,2530,2576,2522,2535,2589,2559,2504,2591,2570,2564,2535,2501,2540,2579,2484,2541,2630,2590,2666,2591,2631,2586,2569,2561,2574,2635,2531,2692,2615,2586,2572,2635,2583,2651,2657,2504,2597,2645,2587,2641,2760,2630,2719,2695,2744,2658,2687,2724,2864,2831,2709,2811,2821,2733,2773,2730,2537,2517,2482,2512,2559,2535,2496,2558,2524,2601,2614,2608,2605
"166",11213,"Rental",4,3119,2378,2378,2400,2396,2374,2336,2333,2324,2390,2346,2396,2331,2342,2368,2375,2322,2398,2642,2697,2877,2846,2886,2886,2797,2865,2866,2717,2749,2800,2804,2776,2832,2898,2940,2864,2944,2881,2868,3259,3095,2988,2809,2886,2910,3005,3006,3006,3023,3025,3166,3131,3051,3070,3007,3029,3074,3080,3261,3180,3228,3208,3252,3164,3123,3085,2995,2961,3071,3063,3184,3153,3172
"167",11214,"Rental",4,2725,2210,2226,2231,2285,2217,2235,2367,2396,2424,2338,2463,2523,2348,2463,2407,2366,2397,2313,2378,2312,2399,2385,2386,2476,2502,2549,2447,2451,2431,2485,2414,2422,2499,2425,2512,2584,2409,2513,2537,2531,2560,2583,2509,2559,2553,2666,2624,2629,2618,2696,2594,2634,2621,2621,2588,2583,2679,2613,2652,2746,2755,2708,2713,2784,2748,2665,2711,2752,2767,2722,2701,2679
"168",11215,"Rental",4,3995,3563,4575,4554,4571,4563,4567,4580,4517,4515,4518,4550,4527,4518,4583,4568,4505,4593,4547,4586,4578,4528,4521,4534,4560,4592,4549,4539,4554,4270,4244,4271,4394,4213,4376,4227,4148,4236,4076,4005,4077,4153,4041,4263,4161,4079,4115,4209,4196,4124,4090,4083,4102,4013,3965,3876,3858,4091,4160,4113,4285,4326,4052,4149,3740,4108,4027,3819,3802,3960,4056,3955,3950
"169",11216,"Rental",4,3450,2425,2387,2587,2417,2682,2488,2506,2530,2847,2873,2874,2967,3033,3004,3021,3040,3022,3001,3068,3004,3193,3237,3251,3315,3240,3171,3239,3176,3245,3278,3207,3290,3267,3257,3338,3332,3302,3429,3411,3418,3348,3332,3335,3318,3314,3255,3315,3489,3586,3589,3582,3531,3488,3558,3464,3459,3488,3479,3415,3516,3548,3404,3305,3354,3415,3433,3391,3376,3481,3571,3544,3573
"170",11217,"Rental",4,4604,4371,4390,4382,4308,4300,4318,4334,4398,4369,4303,4365,4370,4379,4379,4332,4377,4339,4349,4312,4318,4038,4056,4112,4335,4471,4432,4356,4390,4393,4390,4351,4305,4350,4435,4508,4520,4348,4012,4343,4452,4593,4577,4507,4402,4525,4566,4547,4221,4253,4370,4518,4389,4310,4276,4051,4217,4106,4267,4442,4346,4733,4573,4582,4138,4012,4664,5054,4794,4558,4572,4595,4979
"171",11218,"Rental",4,3313,3000,2700,2700,2674,2747,2785,2745,2757,2762,2889,2863,2845,2824,2748,2775,2896,2983,3033,2927,2912,3061,3389,3373,3329,3224,3015,3125,2968,3146,3048,3050,2909,2911,3075,3053,3054,3037,3121,3169,3198,3277,3191,3173,3212,3192,3304,3284,3340,3331,3345,3304,3254,3233,3276,3318,3437,3267,3486,3321,3489,3290,3390,3348,3278,3005,3239,3208,3249,3270,3381,3513,3590
"172",11219,"Rental",4,5598,5114,5131,5131,5128,5146,5144,5142,5139,5187,5240,5275,5318,5342,5319,5306,5268,5251,5245,5249,5279,5348,5359,5387,5396,5396,5429,5400,5392,5377,5411,5423,5439,5436,5513,5650,5705,5667,5670,5665,5648,5605,5591,5621,5647,5626,5624,5630,5636,5654,5695,5620,5608,5662,5668,5669,5665,5623,5636,5552,5562,5548,5537,5565,5529,5584,5629,5639,5624,5648,5620,5651,5671
"173",11220,"Rental",4,3101,2696,2696,2731,2686,2581,2660,2615,2707,2660,2659,2787,2716,2813,2573,2631,2663,2762,2710,2769,2855,2739,2932,2867,2807,2880,2810,2800,2848,2780,2822,2803,2766,2841,2917,2871,2913,2860,2957,2985,2972,2892,2920,2868,2972,3059,3012,3041,3072,3019,3028,3052,3022,3072,3079,3104,3092,3100,3102,3061,3148,3068,3065,3046,3139,3082,3045,3057,3132,3064,3157,3248,3106
"174",11221,"Rental",4,3324,2404,2444,2541,2482,2461,2367,2436,2522,2551,2542,2632,2677,2772,2753,2688,2633,2684,2621,2735,2755,2894,2928,2922,2986,2988,3038,3044,3009,3094,3079,3063,3065,3099,3039,3044,3058,3199,3168,3140,3047,3067,3044,3047,3132,3168,3151,3159,3274,3292,3234,3360,3326,3349,3276,3373,3307,3345,3376,3333,3294,3244,3415,3352,3344,3332,3192,3287,3293,3388,3394,3356,3289
"175",11222,"Rental",4,4152,3141,3182,3200,3111,3146,3100,3123,3147,3157,3029,3178,3519,4016,3747,3461,3436,3726,3851,3815,3867,3768,3683,3910,3917,3904,3947,3961,3928,3861,3862,3979,4019,3960,4011,4022,4026,3974,3855,3728,3695,3717,3568,3858,3995,4035,3904,3948,4124,4160,4426,4081,4193,4206,4118,4216,4190,4146,4190,4163,4211,4042,4570,4127,4283,4091,4051,4044,4037,4188,4162,4136,4095
"176",11223,"Rental",4,2964,2587,2520,2648,2677,2653,2759,2636,2586,2597,2754,2658,2660,2653,2682,2673,2664,2640,2657,2787,2812,2807,2809,2869,2868,2896,2832,2790,2707,2760,2690,2735,2672,2709,2659,2710,2765,2746,2748,2685,2779,2734,2859,2739,2916,2922,2865,2866,2904,2917,2952,2925,2913,2967,3014,2938,2867,2898,2888,2897,2911,3021,2834,2846,2991,3103,3027,3012,2972,2923,2918,2935,2980
"177",11224,"Rental",4,5568,5080,5091,5094,5093,5104,5118,5110,5097,5139,5203,5237,5281,5295,5285,5264,5233,5212,5219,5226,5244,5299,5320,5345,5357,5369,5387,5365,5348,5328,5373,5382,5388,5386,5481,5609,5664,5618,5620,5617,5598,5570,5548,5572,5616,5580,5576,5582,5593,5613,5642,5581,5569,5624,5627,5628,5622,5588,5591,5515,5520,5518,5500,5522,5483,5542,5590,5610,5585,5597,5583,5623,5630
"178",11225,"Rental",4,3496,2897,2550,2711,2731,2816,2727,2732,2840,2891,2851,2990,2897,2740,2695,2517,2613,2618,2660,2772,3054,3044,3038,3058,3039,3044,3029,3046,3133,3149,3107,3117,3177,3151,3172,3122,3130,3168,3296,3482,3556,3371,3332,3126,3368,3564,3508,3574,3469,3512,3549,3465,3402,3470,3573,3472,3537,3804,3456,3417,3556,3533,3620,3779,3534,3300,3306,3342,3336,3434,3472,3520,3778
"179",11226,"Rental",4,3001,2390,2331,2327,2313,2312,2358,2270,2269,2225,2530,2493,2433,2375,2389,2350,2457,2450,2509,2471,2402,2646,2691,2710,2807,2795,2658,2507,2665,2505,2695,2679,2697,2705,2738,2731,2613,2688,2852,2871,2628,2612,2707,2822,2853,2988,2932,2921,2926,2887,2899,2819,2853,2903,2919,2963,2919,2907,2984,2954,2922,3065,2992,2959,2881,2907,2978,2995,3029,3016,3085,3074,3026
"180",11228,"Rental",4,2888,2672,2722,2685,2763,2740,2637,2657,2745,2719,2741,2714,2737,2631,2702,2737,2669,2733,2564,2522,2695,2709,2734,2637,2786,2510,2428,2740,2726,2655,2536,2429,2476,2517,2540,2655,2862,2792,2739,2748,2564,2562,2773,2736,2703,2766,2773,2786,2883,2895,2785,2777,2719,2701,2729,2830,2857,2809,2751,2891,3081,2962,2818,2872,2788,2708,2815,2917,2960,3004,3026,2906,2879
"181",11229,"Rental",4,2861,2614,2430,2493,2440,2457,2464,2453,2486,2495,2414,2409,2412,2430,2454,2424,2439,2407,2439,2494,2485,2417,2415,2427,2454,2487,2484,2554,2565,2566,2411,2425,2493,2477,2456,2722,2725,2706,2841,2756,2794,2708,2763,2705,2832,2780,2817,2864,2807,2898,2777,2711,2800,2550,2608,2631,2553,2765,2753,2742,2648,2938,2874,2902,2851,2757,2776,2792,2739,2789,2893,2982,3034
"182",11230,"Rental",4,3182,2583,2629,2648,2693,2639,2575,2686,2710,2800,2785,2810,2674,2762,2697,2757,2818,2790,2840,2795,2763,2762,2710,2853,2847,3030,2924,2733,2846,2861,2890,2867,2899,2913,2819,2909,2888,2897,2969,2985,2984,2954,2860,2892,2951,3101,3115,3032,2977,3017,2980,3067,3163,3111,3093,3018,3018,3019,2992,3044,3030,3108,3131,3118,3090,3320,3268,3279,3301,3099,3204,3048,3216
"183",11231,"Rental",4,4640,4478,3555,3542,3582,3521,3507,3519,3579,3509,3592,3812,3734,3627,3328,3572,3487,3453,3526,3531,3820,4034,4009,4033,4073,4479,4253,4036,4069,4047,4526,4538,4507,4548,4642,4759,4756,5044,5135,4708,4526,4535,4550,4513,4582,4545,4585,4059,4003,4090,4166,4215,4177,4164,4519,4532,4259,4135,4053,4672,4627,4790,4103,4501,4526,4500,5069,4959,4568,4824,4765,4794,4287
"184",11232,"Rental",4,3283,2676,2810,2819,2767,2848,2691,2715,2854,2871,2901,2893,2955,3047,2894,3041,3036,3007,2859,2911,3074,3076,3103,3104,3089,3096,3104,3090,3130,3140,3023,3022,3102,3163,3305,3165,3107,3070,3054,3073,3138,3050,3104,3117,3156,3240,3299,3267,3223,3329,3240,3318,3207,3183,3160,3246,3181,3155,3281,3254,3231,3207,3369,3274,3186,3415,3237,3213,3213,3329,3331,3368,3249
"185",11233,"Rental",4,3040,2606,2219,2254,2226,2372,2225,2291,2395,2355,2229,2245,2210,2236,2394,2392,2407,2376,2358,2345,2374,2534,2791,2868,2658,2799,2695,2660,2707,2824,2789,2700,2770,2821,2996,2799,2776,2893,2822,2767,2841,2892,2840,2908,2806,2863,2987,2943,2974,3042,2989,2936,2936,2920,2981,3050,3093,2930,2954,3073,3079,3028,3049,3045,3054,3074,2918,2907,3002,3049,3113,3135,3101
"186",11234,"Rental",4,2786,2655,2419,2417,2485,2424,2441,2399,2437,2484,2400,2406,2449,2416,2457,2433,2409,2430,2425,2436,2406,2420,2456,2451,2477,2455,2429,2460,2397,2322,2321,2317,2453,2412,2420,2398,2407,2429,2426,2496,2489,2406,2515,2517,2739,2730,2523,2568,2636,2649,2679,2745,2669,2717,2760,2753,2702,2777,2885,2786,2872,2828,2881,2708,2632,2821,2886,2710,2688,2746,2763,2865,2909
"187",11235,"Rental",4,3032,2729,2990,3040,3048,3010,2994,2988,3005,2960,3038,2998,3034,2963,2953,2990,2997,2986,2981,3023,3011,3024,2890,2868,2943,2879,2836,3086,2873,3249,3079,2821,2901,2958,2921,2869,2823,2827,2865,2887,2858,2853,2719,2810,2802,2860,2880,2973,3011,3056,3023,3082,3059,2825,2837,2959,2990,3017,2995,3091,2817,3098,3025,3038,2997,3027,2960,2939,3029,3106,3008,2965,3187
"188",11236,"Rental",4,2712,2673,2307,2316,2382,2321,2321,2346,2312,2384,2351,2381,2379,2349,2310,2319,2384,2431,2327,2387,2349,2388,2319,2424,2361,2316,2317,2332,2325,2350,2378,2362,2348,2360,2384,2371,2366,2385,2351,2321,2374,2434,2437,2429,2402,2456,2524,2595,2509,2548,2606,2645,2662,2512,2512,2507,2514,2518,2583,2539,2668,2651,2695,2544,2777,2770,2691,2662,2676,2795,2743,2770,2764
"189",11237,"Rental",4,3513,2671,2877,2899,2915,2882,2939,2892,2904,2938,2896,2885,2977,2856,2788,2986,2808,2852,2943,2933,3093,3212,3194,3243,3347,3262,3202,3221,3201,3201,3339,3274,3177,3195,3313,3396,3410,3385,3317,3308,3351,3397,3313,3255,3244,3257,3310,3533,3531,3508,3509,3521,3503,3492,3533,3579,3571,3508,3521,3622,3544,3583,3567,3538,3497,3524,3361,3444,3457,3559,3580,3520,3526
"190",11238,"Rental",4,4072,3268,3017,3147,3073,3181,3297,3105,3310,3362,3523,3730,3828,3959,3930,4083,4071,4177,4181,4198,4057,3968,3896,3913,3904,3963,3923,3817,3650,3621,3663,3610,3679,4065,3983,3971,4070,4126,4182,4055,3936,4047,4099,4073,4091,4073,4096,4127,4244,4118,4169,4102,4284,4286,4272,4163,4194,4116,4042,4064,4169,4115,4143,3881,3942,4061,4057,4070,4026,4105,4098,4179,4186
"191",11239,"Rental",4,5403,4908,4920,4935,4933,4941,4945,4944,4933,4971,5029,5074,5109,5120,5110,5088,5060,5035,5051,5045,5081,5135,5153,5186,5186,5196,5217,5194,5178,5164,5204,5216,5222,5219,5307,5430,5484,5435,5449,5433,5419,5394,5370,5403,5440,5415,5408,5410,5415,5436,5470,5404,5406,5449,5446,5453,5446,5420,5417,5360,5362,5355,5339,5368,5320,5378,5426,5436,5414,5442,5417,5455,5475
"192",11251,"Rental",4,5395,4906,4913,4923,4922,4923,4934,4927,4924,4955,5015,5055,5087,5110,5099,5089,5042,5035,5026,5035,5070,5118,5140,5168,5174,5192,5199,5194,5174,5159,5187,5193,5214,5211,5293,5420,5475,5430,5431,5426,5411,5383,5358,5381,5431,5409,5404,5410,5409,5430,5467,5391,5395,5433,5432,5444,5434,5405,5415,5341,5347,5351,5328,5350,5314,5361,5415,5422,5407,5425,5417,5448,5463
"193",11354,"Rental",4,3343,2835,2868,2830,2759,2739,2733,2722,2691,2786,2769,2843,2855,2827,2829,2901,2857,2920,2897,3008,2884,2892,3008,3077,3042,3034,3051,3056,3048,2987,3117,3077,3070,3039,3118,3040,3129,3023,3062,3063,3076,3137,3063,3116,3208,3006,3094,3234,3163,3233,3161,3201,3246,3189,3133,3216,3242,3152,3265,3119,3139,3193,3284,3182,3238,3237,3247,3506,3353,3389,3435,3526,3531
"194",11355,"Rental",4,3235,2775,2904,2775,2868,2869,2866,2923,2887,2880,2800,2787,2750,2797,2810,2864,2892,2857,2772,2888,2893,2764,2881,2920,2935,2999,2986,2975,2967,2890,2898,2938,2940,2985,3033,2996,3171,3030,3022,3058,2902,3009,3081,3114,3000,3100,3097,3135,3023,3097,3118,3117,3149,3251,3152,3063,3041,3284,3406,3245,3210,3258,3283,3250,3168,3213,3215,3215,3199,3289,3165,3263,3307
"195",11356,"Rental",4,5365,4870,4876,4887,4881,4894,4898,4900,4885,4937,4986,5026,5053,5089,5067,5050,5023,5003,5007,5016,5042,5091,5107,5143,5141,5157,5172,5156,5132,5130,5153,5161,5178,5181,5255,5376,5443,5399,5397,5393,5374,5352,5318,5352,5392,5375,5366,5378,5375,5399,5427,5365,5360,5401,5409,5417,5399,5379,5377,5311,5320,5311,5300,5321,5280,5329,5387,5392,5372,5388,5380,5417,5426
"196",11357,"Rental",4,2917,2830,2505,2449,2436,2478,2474,2449,2432,2512,2491,2457,2457,2445,2508,2492,2497,2515,2450,2458,2522,2461,2477,2488,2502,2506,2435,2523,2704,2784,2661,2661,2680,2615,2633,2658,2767,2845,2743,2759,2757,2774,2769,2822,2832,2889,2862,2802,2891,2832,2875,2815,2849,2855,2807,2882,2898,2875,2813,2948,2952,2850,2995,3037,2945,2966,2903,2884,2941,2878,2869,2884,2850
"197",11358,"Rental",4,3101,2801,2773,2814,2813,2823,2973,2819,2797,2704,2743,2895,2739,2712,2772,2815,2930,2796,2653,2894,2896,2844,2880,2893,2900,2971,2955,3019,2995,2883,2955,2915,2947,3021,2860,2959,3097,3076,3024,2849,3062,3109,3098,3055,3033,3046,3031,3178,2840,3128,3099,3211,3187,3123,3067,3116,3063,3251,3368,3093,3031,2964,3021,2873,3199,3208,3245,3213,3065,3153,3086,3080,3110
"198",11359,"Rental",4,5356,4860,4863,4878,4880,4879,4893,4888,4880,4924,4971,5011,5048,5068,5053,5043,5010,4990,4989,4997,5031,5090,5091,5130,5127,5145,5167,5150,5122,5116,5152,5158,5171,5166,5254,5376,5419,5383,5391,5373,5359,5330,5312,5333,5385,5361,5354,5355,5366,5387,5417,5349,5358,5396,5390,5406,5397,5358,5370,5296,5311,5305,5298,5302,5271,5327,5367,5382,5355,5386,5372,5405,5415
"199",11360,"Rental",4,5342,4850,4863,4863,4859,4876,4874,4878,4865,4911,4965,5005,5030,5063,5040,5033,4993,4977,4979,4991,5020,5070,5081,5112,5128,5129,5153,5132,5117,5110,5144,5139,5163,5156,5242,5363,5416,5362,5373,5361,5352,5318,5298,5327,5359,5353,5339,5346,5355,5367,5402,5341,5348,5375,5388,5384,5385,5347,5361,5288,5302,5295,5284,5302,5260,5304,5360,5372,5345,5370,5360,5385,5409
"200",11361,"Rental",4,2944,2743,2482,2563,2501,2488,2544,2489,2481,2556,2485,2507,2509,2501,2556,2499,2542,2545,2568,2550,2515,2570,2510,2493,2541,2557,2768,2872,2815,2799,2706,2796,2768,2701,2713,2704,2769,2978,2999,2754,2805,2741,2751,2743,2817,2806,2806,2801,2875,2917,2826,2816,2933,2971,2984,2907,2871,2945,3052,3007,2907,3045,2850,2976,2904,3046,3060,2952,2922,2932,2979,2834,2827
"201",11362,"Rental",4,5333,4833,4845,4856,4847,4868,4861,4854,4855,4898,4955,4991,5016,5042,5021,5018,4977,4962,4976,4976,5007,5058,5069,5102,5110,5124,5132,5128,5108,5092,5121,5126,5145,5145,5230,5350,5406,5349,5364,5358,5332,5306,5288,5310,5348,5337,5333,5338,5343,5355,5389,5325,5322,5366,5371,5383,5374,5343,5339,5286,5292,5281,5274,5290,5247,5293,5344,5362,5342,5357,5349,5375,5392
"202",11363,"Rental",4,5318,4836,4840,4851,4842,4855,4848,4855,4854,4886,4937,4976,5006,5035,5014,5008,4972,4952,4954,4965,4990,5042,5063,5096,5106,5118,5129,5115,5100,5078,5115,5125,5138,5132,5207,5335,5396,5351,5348,5335,5322,5296,5275,5299,5338,5320,5321,5334,5322,5351,5385,5324,5317,5358,5361,5365,5362,5333,5337,5268,5281,5265,5262,5268,5244,5292,5332,5351,5328,5345,5340,5368,5378
"203",11364,"Rental",4,5311,4834,4838,4842,4833,4847,4858,4844,4844,4883,4936,4980,5016,5034,5010,5001,4966,4959,4960,4967,4998,5045,5066,5098,5097,5117,5131,5104,5098,5085,5122,5113,5136,5129,5208,5332,5388,5349,5344,5347,5320,5305,5273,5302,5346,5328,5318,5323,5327,5344,5385,5323,5322,5355,5357,5364,5352,5333,5333,5269,5272,5277,5265,5277,5244,5282,5332,5348,5327,5350,5330,5364,5380
"204",11365,"Rental",4,5318,4822,4832,4847,4842,4847,4854,4857,4842,4891,4936,4985,5008,5029,5009,5006,4969,4960,4963,4967,4996,5043,5055,5084,5103,5110,5127,5114,5097,5079,5109,5119,5140,5132,5208,5334,5394,5344,5345,5337,5329,5301,5276,5301,5345,5322,5310,5320,5326,5346,5382,5317,5320,5352,5364,5370,5354,5335,5329,5271,5271,5268,5265,5273,5242,5291,5344,5351,5331,5356,5339,5362,5387
"205",11366,"Rental",4,5303,4822,4818,4838,4826,4833,4850,4839,4833,4875,4932,4972,5000,5022,5001,4988,4959,4950,4952,4953,4983,5038,5053,5077,5087,5101,5120,5100,5081,5067,5101,5106,5124,5123,5198,5319,5376,5340,5340,5325,5309,5282,5265,5297,5330,5307,5305,5322,5311,5330,5366,5310,5306,5350,5343,5359,5343,5311,5328,5262,5257,5267,5250,5269,5235,5277,5318,5346,5311,5332,5325,5360,5371
"206",11367,"Rental",4,3061,3125,3075,3114,3072,3062,3074,3099,3084,3014,3093,3063,3083,3059,3086,3054,3035,3083,3064,3073,3154,3029,3056,3003,3085,3023,3105,3064,3015,3101,3117,3051,3095,3264,3378,3378,3441,3484,3400,3169,3203,3132,3032,3024,3048,3050,3029,3054,3016,3060,2979,3040,3062,3042,3102,3097,3009,2959,2929,3078,3071,3105,3052,3011,3116,3046,3107,2995,2964,3057,3083,3067,3132
"207",11368,"Rental",4,3286,2915,2944,2885,2849,2875,2849,2859,2959,2869,2882,2901,2856,2904,2918,2817,2905,2902,2929,2892,2894,2883,2912,2916,2849,2899,2864,2950,2879,2931,2912,2952,2926,2909,2884,2942,2908,2848,2916,2972,2956,2857,2890,3088,3140,3082,3220,3275,3150,3275,3338,3266,3162,3128,3222,3269,3248,3334,3137,3282,3363,3359,3311,3214,3203,3317,3266,3356,3329,3232,3263,3187,3393
"208",11369,"Rental",4,5308,4823,4826,4836,4824,4838,4844,4839,4842,4872,4923,4975,4994,5026,5010,4991,4964,4940,4950,4958,4986,5038,5049,5078,5086,5105,5121,5097,5090,5070,5104,5112,5125,5123,5207,5324,5375,5341,5334,5332,5320,5284,5267,5295,5332,5306,5312,5315,5315,5343,5372,5303,5303,5341,5343,5352,5348,5316,5321,5254,5268,5254,5251,5256,5222,5276,5332,5345,5307,5337,5319,5356,5372
"209",11370,"Rental",4,5301,4823,4824,4839,4826,4838,4840,4834,4838,4876,4925,4968,4993,5022,5004,4987,4968,4939,4945,4954,4983,5035,5050,5080,5085,5093,5109,5104,5090,5076,5101,5116,5123,5119,5197,5312,5377,5327,5336,5326,5310,5284,5263,5287,5334,5310,5303,5310,5314,5342,5376,5304,5307,5352,5348,5349,5347,5314,5322,5255,5260,5266,5254,5262,5223,5277,5319,5335,5320,5337,5328,5361,5368
"210",11371,"Rental",4,5310,4822,4816,4829,4831,4846,4844,4840,4833,4878,4933,4969,4993,5021,4999,4994,4955,4946,4939,4948,4979,5033,5056,5076,5083,5097,5114,5098,5087,5063,5096,5106,5122,5120,5208,5312,5370,5338,5338,5325,5315,5293,5261,5289,5327,5308,5310,5314,5321,5330,5367,5304,5301,5343,5354,5357,5342,5319,5329,5254,5257,5254,5245,5261,5226,5286,5324,5332,5307,5343,5329,5357,5370
"211",11372,"Rental",4,3251,2814,2852,2862,2884,2774,2958,2826,2967,2876,2926,2969,2848,2840,2858,2852,2852,2757,2984,2952,2835,2969,2774,2918,2982,2896,2890,2937,2872,2968,3005,2909,2892,2967,2930,3053,3097,3240,3206,3037,3064,2981,3088,3050,3147,3233,3314,3349,3297,3258,3327,3409,3330,3265,3296,3372,3349,3361,3128,3320,3439,3242,3116,3139,3115,3299,3277,3337,3229,3285,3330,3389,3256
"212",11373,"Rental",4,3186,2765,2739,2776,2776,2849,2837,2737,2926,2898,2779,2924,2802,2806,2894,2749,2747,2744,2898,2829,2861,2861,2815,2898,2837,2885,2846,2894,2920,2880,2890,2927,2819,3022,2974,3006,3009,3136,3121,3097,2981,2850,2883,2960,3128,3172,3397,3371,3221,3125,3342,3284,3181,3160,3287,3345,3331,3291,3073,3211,3360,3094,3052,3066,3092,3255,3268,3153,3255,3295,3199,3336,3171
"213",11374,"Rental",4,3417,2893,2978,3015,2999,3029,2976,3011,3015,2985,3054,3155,3184,3200,3266,3174,3254,3114,3156,3210,3203,3340,3175,3284,3233,3365,3218,3275,3217,3332,3355,3360,3364,3326,3281,3374,3390,3339,3373,3310,3307,3216,3173,3318,3439,3334,3508,3487,3420,3502,3476,3390,3382,3354,3387,3402,3489,3367,3407,3472,3439,3474,3451,3391,3283,3426,3447,3384,3383,3402,3471,3451,3445
"214",11375,"Rental",4,3650,2954,3352,3307,2876,3081,3263,3115,3231,3234,3271,3558,3727,3394,3288,3301,3465,3395,3466,3391,3357,3243,3672,3805,3797,3697,3535,3534,3562,3598,3523,3594,3500,3546,3412,3324,3768,3749,3753,3667,3673,3620,3717,3800,3636,3597,3503,3510,3414,3549,3502,3668,3695,3601,3417,3302,3408,3786,3482,3745,3786,3772,3811,3705,3510,3478,3453,3714,3738,3631,3745,3760,3489
"215",11377,"Rental",4,3324,2951,2942,2976,2865,2982,3110,3079,3059,2947,3091,3099,3076,2998,3047,3118,3086,3074,3028,3067,3087,3069,3294,3081,3194,3226,3209,3197,3222,3251,3230,3301,3299,3241,3149,3156,3240,3302,3414,3251,3310,3290,3320,3324,3257,3317,3283,3322,3262,3315,3359,3484,3374,3244,3163,3130,3188,3261,3295,3291,3307,3341,3310,3318,3224,3289,3213,3299,3307,3441,3305,3394,3446
"216",11378,"Rental",4,3028,2444,2493,2565,2485,2703,2555,2651,2583,2631,2630,2743,2821,2769,2664,2679,2815,2682,2730,2767,2812,2817,2960,2923,3018,3021,2954,2976,2945,3062,3003,2947,2883,3030,2989,2961,3035,3029,3039,3083,3098,3065,3001,3115,3181,3131,3047,3071,3085,3013,3021,3091,3205,3129,3156,3054,3125,3021,2981,3505,3103,2926,3010,3020,2827,3070,3004,3047,3106,3109,3097,3037,3085
"217",11379,"Rental",4,2992,1951,1862,1949,1741,1888,1918,2053,2003,1881,2018,1987,1974,1867,2039,2024,2039,2058,1991,2077,2050,2014,2189,2120,2147,2160,2139,2231,2105,2219,2191,2317,2285,2168,2119,2109,2191,2279,2429,2080,2223,2245,2232,2205,2205,2269,2268,2208,2315,2292,2286,2402,2252,2199,2141,2062,2079,2232,2220,2982,3003,2917,2816,2952,2918,2883,2971,2977,3068,3126,3053,3121,3096
"218",11385,"Rental",4,3192,2528,2529,2539,2555,2519,2546,2506,2519,2501,2592,2530,2526,2559,2539,2595,2526,2565,2562,2599,2597,2552,2512,2586,2580,2549,2526,2558,2576,2587,2580,2527,2535,2806,2925,2932,2782,2667,2819,2887,2887,2912,2971,2966,2828,2873,3071,3014,3062,3032,3060,3116,3090,3077,3160,3245,3294,3356,3332,3308,3192,3319,3361,3242,3173,3150,3009,3061,3129,3169,3196,3227,3271
"219",11411,"Rental",4,5245,4770,4769,4780,4777,4792,4798,4792,4786,4822,4879,4918,4947,4961,4946,4938,4913,4887,4895,4906,4925,4982,5002,5021,5031,5042,5054,5052,5029,5017,5041,5050,5061,5070,5143,5252,5319,5270,5273,5277,5256,5221,5197,5227,5272,5253,5245,5259,5266,5274,5318,5258,5256,5287,5289,5296,5282,5264,5267,5211,5218,5211,5200,5205,5169,5229,5271,5289,5251,5278,5268,5307,5316
"220",11412,"Rental",4,5245,4761,4763,4768,4765,4775,4785,4773,4770,4819,4862,4909,4938,4966,4948,4926,4899,4889,4883,4891,4921,4975,4984,5015,5016,5040,5045,5038,5014,5013,5038,5053,5054,5058,5131,5253,5303,5271,5269,5256,5250,5223,5201,5222,5267,5243,5235,5253,5248,5277,5306,5237,5240,5281,5281,5291,5281,5248,5249,5203,5197,5197,5183,5203,5160,5216,5252,5266,5244,5281,5260,5284,5305
"221",11413,"Rental",4,5222,4739,4754,4757,4756,4766,4776,4767,4760,4797,4855,4905,4931,4951,4926,4918,4890,4869,4873,4880,4906,4960,4972,5006,5013,5021,5042,5022,5009,5005,5027,5038,5045,5049,5130,5240,5295,5264,5267,5257,5229,5208,5186,5213,5246,5241,5233,5244,5238,5261,5291,5241,5230,5261,5272,5281,5263,5243,5249,5186,5201,5192,5175,5181,5153,5208,5247,5257,5233,5269,5251,5279,5296
"222",11414,"Rental",4,5224,4728,4738,4756,4741,4756,4767,4759,4748,4797,4844,4878,4908,4933,4917,4898,4874,4860,4855,4871,4897,4941,4972,4988,4995,5021,5022,5009,4989,4985,5013,5024,5032,5035,5116,5222,5279,5238,5243,5232,5228,5192,5174,5206,5245,5216,5218,5221,5225,5252,5284,5226,5215,5253,5258,5254,5258,5225,5237,5183,5179,5171,5158,5182,5135,5197,5243,5256,5223,5253,5236,5274,5280
"223",11415,"Rental",4,3354,2991,2949,2984,2903,3016,3157,3151,3091,3011,3113,3198,3126,3024,3127,3144,3102,3134,3251,3045,3115,3203,3338,3254,3220,3257,3247,3210,3219,3207,3208,3405,3283,3231,3139,3273,3334,3413,3479,3206,3274,3454,3249,3261,3420,3407,3376,3377,3248,3335,3438,3518,3393,3330,3300,3159,3348,3270,3411,3404,3289,3382,3242,3336,3241,3315,3209,3291,3382,3533,3358,3415,3550
"224",11416,"Rental",4,5204,4717,4735,4747,4740,4744,4745,4749,4738,4786,4840,4877,4898,4918,4906,4901,4865,4845,4847,4863,4889,4935,4958,4985,4991,4997,5020,5003,4981,4972,5004,5016,5025,5027,5097,5212,5269,5238,5236,5220,5208,5179,5164,5185,5221,5215,5214,5217,5210,5237,5263,5213,5215,5237,5248,5254,5247,5223,5225,5176,5182,5176,5155,5170,5137,5183,5221,5237,5224,5238,5227,5266,5271
"225",11417,"Rental",4,5215,4725,4722,4734,4727,4745,4745,4748,4739,4785,4839,4874,4907,4930,4901,4897,4863,4846,4855,4854,4894,4931,4948,4978,4983,5010,5021,5000,4985,4975,5000,5008,5020,5025,5098,5207,5267,5236,5244,5228,5208,5189,5170,5197,5232,5218,5204,5210,5223,5235,5271,5209,5215,5237,5253,5256,5248,5215,5220,5171,5171,5166,5155,5176,5133,5183,5232,5246,5226,5242,5229,5269,5280
"226",11418,"Rental",4,3159,2808,2814,2869,2852,2929,2799,2803,2773,2829,2848,2898,2910,2883,2869,2898,2893,2763,2938,2834,2797,2836,2770,2922,2795,2974,3016,2840,2843,2871,2907,2937,2982,2971,2997,2944,3040,3085,2946,2930,3007,3197,3122,2952,2991,3095,3120,3215,3115,3230,3157,3076,3108,3040,3246,3056,2984,3042,3257,3069,3236,3212,3151,3090,3125,3134,3127,3145,3140,3108,3312,3158,3209
"227",11419,"Rental",4,5206,4723,4725,4735,4740,4747,4750,4740,4738,4773,4836,4873,4910,4929,4912,4895,4870,4845,4851,4861,4893,4931,4949,4984,4997,5001,5007,5001,4985,4975,5006,5007,5029,5030,5102,5219,5272,5226,5233,5220,5210,5190,5159,5188,5224,5215,5203,5224,5222,5240,5264,5216,5208,5244,5254,5256,5245,5215,5222,5168,5179,5167,5155,5164,5133,5178,5233,5248,5224,5244,5231,5257,5269
"228",11420,"Rental",4,5198,4712,4729,4727,4731,4732,4745,4733,4730,4767,4823,4873,4898,4919,4903,4884,4852,4835,4843,4846,4874,4929,4949,4973,4982,4998,5007,4996,4972,4969,4996,5009,5017,5014,5086,5210,5261,5223,5236,5220,5208,5171,5154,5175,5222,5203,5195,5205,5210,5233,5259,5206,5201,5229,5232,5249,5235,5208,5208,5156,5167,5156,5151,5157,5118,5183,5219,5235,5207,5233,5223,5254,5273
"229",11421,"Rental",4,3106,3176,3159,3180,3104,3190,3058,3155,3088,3093,3082,3074,3132,3174,3153,3103,3180,3150,3162,3185,3146,3203,3089,3125,3050,3132,3105,3162,3078,3176,3169,3071,3080,3219,3396,3383,3428,3510,3407,3202,3278,3028,3128,3070,3120,3063,3194,3032,3120,3145,3087,3088,3164,3217,2979,3110,3106,2981,3014,3072,3113,3129,3108,3109,3018,2984,3147,3165,3177,3143,3089,3079,3129
"230",11422,"Rental",4,5203,4721,4723,4740,4725,4743,4739,4736,4735,4778,4834,4863,4895,4922,4901,4885,4862,4841,4845,4856,4879,4923,4953,4972,4976,4991,5011,4992,4981,4967,4992,5005,5009,5023,5097,5206,5270,5232,5223,5212,5200,5179,5159,5187,5225,5201,5200,5206,5214,5233,5264,5208,5208,5236,5242,5249,5241,5217,5208,5167,5160,5168,5143,5155,5126,5179,5222,5238,5212,5243,5227,5261,5262
"231",11423,"Rental",4,5188,4703,4718,4729,4722,4733,4733,4723,4730,4764,4812,4865,4879,4904,4893,4877,4856,4839,4841,4844,4868,4915,4937,4962,4974,4989,5005,4982,4970,4960,4987,4997,5003,5015,5084,5197,5246,5210,5227,5203,5191,5168,5141,5169,5214,5193,5189,5204,5202,5216,5246,5188,5188,5225,5232,5233,5227,5201,5212,5155,5164,5158,5142,5146,5112,5169,5209,5229,5199,5231,5217,5240,5253
"232",11426,"Rental",4,5201,4709,4708,4728,4719,4729,4735,4728,4722,4761,4820,4857,4887,4907,4884,4882,4848,4825,4832,4849,4873,4918,4933,4971,4977,4982,5003,4981,4964,4959,4988,5000,5005,5006,5078,5189,5247,5210,5225,5207,5200,5162,5146,5166,5205,5190,5183,5206,5200,5224,5257,5190,5193,5219,5237,5235,5228,5197,5202,5151,5161,5151,5133,5156,5110,5165,5217,5229,5210,5232,5215,5252,5255
"233",11427,"Rental",4,5187,4706,4707,4722,4722,4728,4731,4729,4722,4766,4813,4861,4886,4899,4892,4878,4850,4838,4842,4838,4865,4918,4940,4968,4970,4989,4992,4991,4974,4955,4986,4999,5005,5007,5080,5191,5247,5219,5213,5212,5193,5162,5146,5179,5210,5187,5195,5199,5194,5223,5256,5192,5189,5227,5231,5239,5219,5199,5213,5155,5152,5148,5140,5149,5123,5163,5217,5226,5198,5233,5212,5237,5252
"234",11428,"Rental",4,5186,4702,4708,4712,4703,4718,4725,4716,4721,4762,4816,4848,4884,4905,4888,4875,4845,4827,4824,4836,4864,4910,4932,4957,4968,4975,4992,4972,4957,4955,4979,4994,4998,5006,5081,5193,5251,5214,5205,5199,5184,5160,5132,5165,5204,5191,5180,5194,5185,5209,5242,5183,5180,5216,5220,5227,5211,5191,5196,5146,5151,5146,5132,5142,5102,5163,5197,5222,5201,5217,5210,5232,5249
"235",11429,"Rental",4,5191,4704,4714,4719,4706,4724,4726,4726,4728,4761,4806,4851,4882,4900,4877,4865,4841,4821,4833,4829,4856,4917,4931,4961,4972,4978,4994,4980,4958,4946,4981,4988,5005,5006,5079,5184,5249,5206,5210,5197,5181,5154,5140,5167,5196,5187,5187,5189,5186,5216,5244,5190,5180,5216,5223,5219,5213,5192,5198,5138,5151,5145,5131,5151,5110,5158,5205,5224,5194,5216,5201,5229,5246
"236",11430,"Rental",4,5185,4708,4710,4724,4709,4724,4732,4730,4721,4761,4812,4847,4882,4901,4878,4867,4843,4827,4835,4835,4858,4914,4924,4965,4967,4975,4983,4974,4964,4948,4981,4983,4997,5006,5072,5184,5243,5212,5206,5191,5182,5161,5144,5162,5204,5189,5187,5194,5189,5205,5246,5180,5180,5223,5219,5223,5222,5193,5198,5148,5144,5139,5132,5145,5103,5163,5206,5211,5195,5224,5208,5240,5243
"237",11432,"Rental",4,3351,2934,2995,2937,3041,2993,2989,2961,2989,2915,2997,2970,2903,2927,3018,3039,2976,3002,2961,2941,2986,2924,2949,2863,3036,3074,2872,2964,3007,2951,2904,2970,2924,3050,2923,2828,2946,2868,3005,3057,3074,2977,3060,3094,3181,3144,3287,3290,3217,3320,3411,3315,3277,3286,3231,3255,3415,3422,3214,3314,3416,3402,3421,3250,3178,3405,3353,3449,3391,3333,3342,3284,3402
"238",11433,"Rental",4,5184,4701,4709,4713,4717,4722,4723,4716,4720,4763,4812,4855,4878,4897,4880,4870,4838,4831,4828,4830,4870,4917,4931,4956,4970,4974,4997,4974,4959,4949,4988,4991,4998,5005,5080,5191,5247,5211,5212,5200,5178,5164,5132,5162,5200,5182,5179,5184,5198,5217,5248,5185,5183,5211,5216,5228,5222,5187,5199,5144,5144,5140,5124,5149,5111,5160,5195,5219,5189,5222,5206,5239,5255
"239",11434,"Rental",4,5178,4707,4707,4712,4717,4719,4728,4725,4720,4758,4810,4856,4883,4896,4878,4873,4845,4824,4836,4836,4866,4907,4933,4956,4963,4977,4993,4978,4966,4950,4982,4987,5006,4999,5081,5182,5247,5202,5219,5191,5188,5165,5131,5166,5198,5180,5175,5194,5193,5209,5245,5182,5188,5215,5214,5232,5219,5196,5195,5151,5157,5144,5138,5139,5109,5158,5207,5221,5195,5220,5209,5241,5249
"240",11435,"Rental",4,3095,2898,2906,2802,2779,2958,2803,2832,2870,2880,2881,2804,2906,2851,2835,2892,2812,2885,2847,2933,2923,2821,2852,2851,2907,2820,2860,2873,3013,2716,2661,2812,2742,2707,2798,2785,2779,2890,2887,2856,2869,2897,2790,2916,2944,2950,2907,2919,3012,2997,2906,2925,2938,2882,2929,2816,3158,3221,2859,2949,2918,3112,3172,3302,3068,3001,2971,2956,3122,3074,3039,3071,3254
"241",11436,"Rental",4,5184,4705,4712,4718,4712,4729,4733,4722,4724,4756,4818,4851,4878,4900,4878,4874,4842,4829,4836,4840,4866,4906,4929,4965,4971,4979,4983,4983,4958,4953,4979,4983,5004,5002,5076,5190,5248,5201,5205,5206,5192,5161,5132,5158,5199,5179,5185,5187,5192,5209,5238,5184,5186,5223,5219,5217,5224,5189,5203,5151,5155,5147,5125,5148,5109,5152,5207,5211,5201,5214,5200,5229,5251
"242",11451,"Rental",4,5181,4689,4693,4705,4698,4724,4717,4714,4711,4748,4801,4849,4874,4894,4878,4859,4833,4821,4829,4830,4859,4909,4917,4942,4961,4970,4983,4970,4952,4944,4978,4975,4985,4990,5073,5183,5242,5202,5201,5189,5169,5147,5134,5148,5189,5175,5174,5190,5188,5203,5228,5178,5177,5208,5212,5222,5209,5193,5182,5134,5144,5134,5119,5129,5093,5157,5187,5209,5189,5207,5201,5224,5243
"243",11691,"Rental",4,5181,4687,4706,4715,4706,4719,4723,4714,4720,4752,4805,4841,4865,4886,4875,4869,4833,4819,4818,4823,4861,4911,4921,4949,4961,4975,4977,4963,4949,4951,4980,4984,4990,4995,5069,5180,5230,5194,5200,5195,5175,5151,5121,5147,5197,5173,5182,5187,5184,5199,5232,5178,5178,5213,5214,5210,5216,5192,5194,5135,5146,5143,5127,5130,5095,5149,5188,5212,5186,5219,5195,5224,5241
"244",11692,"Rental",4,5179,4698,4697,4705,4701,4713,4728,4723,4707,4753,4798,4843,4875,4888,4880,4859,4836,4817,4828,4826,4850,4906,4916,4953,4959,4969,4976,4969,4953,4943,4977,4979,4992,4997,5063,5171,5240,5200,5199,5189,5176,5149,5134,5151,5187,5184,5173,5185,5176,5203,5238,5184,5177,5216,5218,5217,5211,5183,5195,5143,5136,5130,5121,5136,5100,5149,5187,5217,5190,5210,5191,5224,5242
"245",11693,"Rental",4,5163,4687,4698,4701,4699,4715,4707,4709,4711,4735,4801,4833,4866,4879,4861,4853,4823,4813,4810,4820,4844,4901,4908,4948,4948,4968,4977,4961,4939,4930,4960,4970,4977,4988,5051,5173,5223,5191,5197,5186,5170,5142,5120,5151,5184,5167,5172,5174,5172,5195,5233,5167,5159,5199,5205,5208,5195,5175,5178,5123,5126,5130,5109,5128,5097,5137,5189,5195,5186,5207,5190,5214,5231
"246",11694,"Rental",4,5175,4691,4700,4708,4690,4717,4715,4711,4713,4739,4798,4835,4866,4888,4873,4849,4832,4807,4810,4824,4851,4892,4919,4945,4952,4963,4978,4954,4948,4941,4968,4971,4974,4986,5059,5162,5224,5184,5187,5174,5164,5146,5121,5149,5190,5169,5162,5169,5175,5188,5223,5163,5162,5196,5196,5210,5208,5173,5174,5125,5138,5123,5113,5131,5091,5145,5180,5194,5172,5199,5192,5218,5236
"247",11697,"Rental",4,5165,4679,4692,4708,4688,4703,4719,4711,4702,4740,4800,4842,4867,4887,4864,4849,4831,4816,4819,4822,4848,4889,4918,4943,4947,4960,4971,4961,4950,4931,4961,4966,4977,4982,5059,5171,5223,5194,5199,5186,5172,5140,5112,5150,5180,5174,5165,5173,5180,5189,5227,5175,5169,5207,5204,5214,5201,5179,5176,5133,5141,5123,5121,5131,5089,5147,5184,5201,5176,5198,5196,5213,5225
