RegionName,Type,Price_Predict,X2011.09,X2011.10,X2011.11,X2011.12,X2012.01,X2012.02,X2012.03,X2012.04,X2012.05,X2012.06,X2012.07,X2012.08,X2012.09,X2012.10,X2012.11,X2012.12,X2013.01,X2013.02,X2013.03,X2013.04,X2013.05,X2013.06,X2013.07,X2013.08,X2013.09,X2013.10,X2013.11,X2013.12,X2014.01,X2014.02,X2014.03,X2014.04,X2014.05,X2014.06,X2014.07,X2014.08,X2014.09,X2014.10,X2014.11,X2014.12,X2015.01,X2015.02,X2015.03,X2015.04,X2015.05,X2015.06,X2015.07,X2015.08,X2015.09,X2015.10,X2015.11,X2015.12,X2016.01,X2016.02,X2016.03,X2016.04,X2016.05,X2016.06,X2016.07,X2016.08,X2016.09,X2016.10,X2016.11,X2016.12,X2017.01,X2017.02,X2017.03,X2017.04,X2017.05,X2017.06,X2017.07,X2017.08
83,Sale,0,0,0,0,0,0,0,0,0,0,0,0,0,0,0,0,0,0,0,0,0,0,0,0,0,0,0,0,0,0,0,0,0,0,0,0,0,0,0,0,0,0,0,0,0,0,0,0,0,0,0,0,0,0,0,0,0,0,0,0,0,0,0,0,0,0,0,0,0,0,0,0,0
10001,Sale,2222,1557,1563,1562,1565,1566,1569,1571,1566,1573,1575,1576,1570,1564,1566,1593,1592,1591,1595,1602,1605,1613,1617,1629,1639,1649,1656,1666,1667,1673,1680,1689,1691,1702,1703,1713,1712,1727,1730,1734,1736,1744,1753,1755,1773,1759,1773,1771,1773,1766,1851,1878,1879,1852,1867,1914,1869,1902,1890,1884,1966,2119,2239,2279,2302,2327,2241,2200,2193,2120,2197,2227,2216
10002,Sale,1938,1540,1545,1545,1547,1548,1551,1553,1548,1555,1557,1558,1552,1546,1548,1575,1574,1574,1577,1584,1587,1595,1599,1612,1621,1632,1638,1649,1649,1655,1662,1671,1674,1684,1685,1696,1694,1710,1713,1716,1718,1726,1735,1737,1740,1746,1751,1756,1762,1770,1776,1783,1789,1765,1766,1724,1708,1741,1784,1781,1777,1891,1855,1874,1903,1909,1995,1993,1965,1949,1955,1985,1988
10003,Sale,1982,1130,1162,1117,1215,1201,1220,1167,1115,1106,1102,1106,1108,1082,1076,1156,1136,1046,1038,1095,1253,1275,1284,1385,1337,1352,1308,1383,1426,1429,1386,1545,1568,1585,1618,1628,1666,1662,1625,1720,1759,1801,1800,1801,1781,1763,1796,1805,1848,1822,1816,1826,1808,1871,1845,1732,1779,1678,1678,1676,1802,1846,1850,1916,1916,1937,1998,2049,2057,2077,2042,2037,2056
10004,Sale,1481,1094,1139,1100,1093,1037,1061,1075,1054,1088,1115,1102,1068,1065,1081,1084,1095,1092,1147,1164,1153,1175,1177,1194,1238,1256,1296,1237,1237,1235,1344,1344,1354,1412,1422,1465,1458,1459,1447,1474,1460,1462,1413,1411,1457,1456,1398,1394,1445,1536,1537,1530,1581,1610,1590,1576,1563,1500,1506,1522,1562,1540,1491,1483,1488,1492,1483,1472,1474,1468,1458,1453,1469
10005,Sale,1468,1101,1079,1099,1104,1098,1080,1087,1055,1091,1068,1088,1056,1047,1034,1070,1079,1082,1081,1072,1024,1030,1017,1039,1048,1043,1053,1107,1083,1131,1135,1208,1197,1212,1232,1224,1204,1258,1287,1303,1302,1300,1333,1337,1313,1330,1333,1371,1333,1375,1418,1452,1452,1457,1457,1488,1512,1536,1514,1503,1503,1514,1503,1496,1488,1487,1466,1468,1472,1464,1437,1414,1407
10006,Sale,2274,1944,1950,1949,1952,1953,1956,1958,1953,1960,1962,1962,1956,1950,1952,1979,1979,1978,1981,1988,1992,2000,2004,2016,2026,2036,2043,2053,2054,2060,2066,2075,2078,2088,2090,2100,2098,2072,2107,1956,1914,2000,2126,1987,1991,2077,2077,2104,2115,2139,2145,2144,2166,2202,2352,2267,2243,2228,2265,2264,2268,2266,2293,2289,2309,2272,2281,2291,2281,2257,2250,2272,2226
10007,Sale,2296,2408,2413,2413,2415,2416,2420,2421,2416,2423,2425,2426,2420,2414,2416,2443,2442,2442,2445,2452,2455,2463,2468,2480,2489,2500,2506,2517,2518,2523,2530,2539,2542,2552,2553,2564,2562,2578,2581,2584,2586,2594,2603,2605,2608,2614,2594,2582,2651,2629,2778,2797,2795,2795,2765,2600,2399,2329,2321,2330,2315,2320,2313,2352,2343,2332,2380,2314,2315,2218,2228,2228,2210
10009,Sale,1799,1524,1529,1529,1531,1532,1535,1537,1532,1539,1541,1542,1536,1530,1532,1559,1558,1558,1561,1568,1571,1579,1583,1596,1605,1616,1622,1633,1633,1639,1646,1655,1658,1668,1669,1680,1678,1694,1697,1700,1702,1710,1719,1721,1724,1730,1735,1740,1746,1754,1760,1767,1775,1791,1790,1776,1787,1775,1780,1790,1815,1829,1820,1809,1816,1809,1784,1763,1763,1767,1809,1808,1815
10010,Sale,2149,1143,1149,1148,1148,1150,1111,1168,1200,1246,1278,1270,1268,1247,1285,1279,1309,1297,1310,1350,1302,1330,1374,1462,1472,1547,1503,1493,1509,1605,1554,1533,1520,1581,1665,1665,1652,1730,1690,1767,1822,1859,1862,1897,1901,1924,1924,1951,2032,2052,2010,1999,1981,1970,1986,2040,1998,1988,1991,2046,2142,2117,2066,2149,2154,2128,2138,2197,2112,2159,2146,2193,2224
10011,Sale,2067,2051,2056,2056,2058,2059,2063,2064,2060,2066,2068,2069,2063,2057,2059,2086,2085,2085,2088,2095,2098,2107,2111,2123,2133,2143,2149,2160,2161,2166,2173,2182,2176,2183,2153,2244,2240,2305,2330,2333,2389,2345,2440,2424,2384,2411,2420,2392,2475,2474,2462,2476,2504,2419,2393,2396,2427,2238,2200,2185,2176,2156,2117,2138,2109,2076,2068,2073,2038,2019,2029,2007,1982
10012,Sale,2445,2231,2237,2236,2239,2240,2243,2245,2240,2247,2249,2250,2244,2238,2240,2267,2266,2265,2269,2276,2279,2287,2291,2303,2313,2323,2330,2340,2341,2347,2354,2363,2365,2376,2377,2387,2386,2401,2404,2408,2410,2418,2427,2429,2432,2432,2439,2434,2449,2485,2459,2434,2485,2767,2740,2489,2641,2498,2503,2433,2480,2451,2452,2413,2377,2416,2454,2587,2535,2400,2412,2429,2408
10013,Sale,2229,2161,2167,2166,2169,2170,2173,2175,2170,2177,2179,2179,2173,2168,2169,2196,2196,2195,2198,2205,2209,2217,2221,2233,2243,2253,2260,2270,2271,2277,2283,2308,2308,2424,2249,2325,2319,2461,2458,2459,2374,2387,2504,2457,2375,2330,2314,2322,2360,2353,2363,2405,2437,2639,2577,2338,2476,2312,2293,2286,2309,2316,2315,2297,2318,2316,2265,2205,2154,2146,2136,2142,2139
10014,Sale,2552,1943,1948,1948,1950,1951,1955,1956,1952,1958,1960,1961,1955,1949,1951,1978,1977,1977,1980,1963,1938,1938,1948,1896,1936,1986,1996,1999,2001,2004,2103,2220,2183,2217,2298,2243,2327,2320,2285,2244,2299,2255,2293,2193,2179,2308,2307,2308,2308,2376,2516,2549,2639,2737,2728,2455,2612,2466,2424,2502,2531,2593,2592,2595,2588,2561,2297,2370,2556,2566,2573,2665,2669
10016,Sale,1502,887,898,899,906,970,999,997,994,999,989,999,994,992,993,1071,1070,1033,1033,1048,1094,1113,1130,1133,1142,1121,1136,1214,1208,1233,1214,1208,1250,1308,1324,1374,1369,1421,1454,1473,1464,1589,1494,1403,1411,1420,1450,1464,1568,1599,1650,1632,1627,1596,1605,1617,1583,1589,1595,1559,1529,1525,1519,1500,1527,1526,1542,1511,1481,1474,1499,1459,1459
10017,Sale,1467,964,950,961,950,941,954,1021,965,953,950,972,966,992,1049,1072,1100,1058,1051,1055,1056,1056,1079,1079,1079,1095,1158,1194,1203,1218,1213,1205,1283,1283,1253,1291,1290,1377,1290,1329,1313,1264,1292,1284,1335,1388,1406,1458,1458,1497,1486,1439,1439,1349,1347,1395,1335,1330,1340,1373,1405,1399,1437,1453,1500,1490,1478,1500,1479,1464,1470,1465,1464
10018,Sale,2365,1690,1695,1695,1697,1698,1701,1703,1698,1705,1707,1708,1702,1696,1698,1725,1724,1724,1727,1734,1737,1745,1749,1762,1771,1781,1788,1799,1799,1805,1812,1821,1823,1834,1835,1846,1844,1860,1863,1866,1868,1876,1885,1887,1890,1896,1896,2019,2019,1964,1881,2113,2125,2411,2376,2255,2387,2296,2308,2308,2464,2313,2313,2333,2341,2418,2409,2418,2333,2333,2338,2409,2426
10019,Sale,1782,1245,1270,1276,1275,1318,1341,1321,1294,1347,1344,1357,1402,1357,1389,1394,1400,1369,1400,1426,1421,1385,1398,1417,1634,1694,1587,1744,1757,1758,1810,1764,1746,1724,1710,1726,1758,1856,1832,1781,1847,1783,1750,1759,1782,1793,1819,1847,1869,1878,1875,1882,1870,1878,1847,1830,1851,1803,1803,1796,1791,1781,1781,1777,1777,1752,1759,1781,1755,1798,1802,1812,1808
10020,Sale,2078,1683,1688,1689,1698,1700,1692,1704,1686,1705,1712,1700,1691,1691,1691,1727,1726,1720,1725,1735,1735,1740,1757,1768,1784,1797,1808,1813,1822,1833,1848,1879,1872,1914,1915,1926,1925,1958,1962,1957,1959,1971,2012,1988,1988,2001,2000,2004,2031,2053,2084,2094,2114,2151,2144,2061,2088,2025,2012,2023,2061,2080,2085,2085,2095,2086,2080,2084,2074,2059,2057,2069,2074
10021,Sale,1523,1042,1150,1124,1133,1152,1167,1188,1118,1111,1097,1152,1135,1091,1100,1116,1127,1130,1123,1139,1198,1228,1242,1245,1265,1282,1424,1511,1622,1629,1614,1582,1538,1543,1347,1539,1480,1535,1485,1503,1535,1602,1556,1636,1687,1699,1655,1718,1687,1625,1636,1664,1686,1665,1633,1603,1588,1602,1583,1580,1607,1535,1498,1512,1512,1512,1543,1515,1512,1504,1546,1524,1558
10022,Sale,1777,1597,1603,1602,1605,1606,1609,1611,1606,1613,1615,1615,1609,1604,1606,1632,1632,1631,1635,1642,1645,1653,1657,1669,1679,1689,1696,1706,1707,1713,1719,1729,1731,1741,1743,1753,1752,1767,1770,1774,1775,1783,1793,1794,1798,1804,1808,1814,1820,1827,1831,1835,1874,1856,1820,1789,1756,1780,1808,1830,1769,1748,1744,1731,1757,1752,1787,1799,1804,1776,1778,1816,1837
10023,Sale,1965,1159,1218,1270,1287,1303,1356,1408,1351,1330,1344,1330,1344,1330,1331,1325,1325,1332,1350,1354,1360,1399,1445,1520,1551,1502,1559,1515,1467,1538,1563,1538,1531,1628,1638,1705,1617,1683,1632,1653,1615,1673,1673,1717,1860,1839,1902,1912,1917,1930,1938,1949,1967,1985,1989,1986,1983,1974,1978,1967,1960,1952,1960,1967,1975,1972,1972,1974,1965,1967,1956,1971,1952
10024,Sale,1730,1137,1072,1073,1060,1071,1069,1046,1051,1071,1071,1045,1060,1000,1042,1127,1191,1179,1181,1232,1253,1269,1306,1274,1274,1265,1347,1419,1436,1476,1465,1492,1373,1427,1345,1426,1393,1462,1579,1626,1634,1676,1639,1679,1703,1701,1694,1725,1729,1760,1733,1772,1771,1750,1819,1866,1808,1854,1816,1861,1794,1794,1781,1764,1713,1661,1769,1769,1734,1741,1685,1656,1692
10025,Sale,1437,872,882,896,903,907,960,984,975,1022,1020,993,1017,990,1019,1034,1029,1043,1068,1060,1065,1042,1074,1119,1155,1155,1181,1191,1180,1201,1210,1179,1196,1154,1123,1163,1163,1183,1224,1294,1330,1328,1336,1330,1345,1354,1381,1410,1420,1425,1436,1438,1458,1479,1492,1477,1476,1461,1461,1461,1461,1463,1470,1461,1441,1426,1417,1400,1438,1427,1426,1426,1446
10026,Sale,1173,932,937,937,939,940,944,945,940,947,949,950,944,938,940,967,966,966,969,976,979,988,992,1004,1013,1024,1030,1041,1042,1047,1054,1063,1066,1076,1078,1088,1086,1101,1111,1102,1090,1083,1062,1061,1073,1057,1020,1020,1014,1044,1070,1066,1073,1059,1058,997,1120,1085,1109,1143,1191,1182,1221,1186,1185,1163,1145,1184,1163,1206,1183,1125,1134
10027,Sale,983,544,549,549,551,552,555,557,552,559,561,562,556,550,552,579,578,578,581,588,591,599,604,616,625,636,642,653,617,619,605,641,605,665,664,768,765,780,774,761,747,787,727,759,711,779,840,877,894,895,933,900,916,922,884,867,935,964,978,998,1015,1029,1030,1043,1024,1024,1002,992,964,964,941,923,862
10028,Sale,1570,1551,1557,1556,1559,1560,1563,1565,1560,1567,1569,1569,1563,1558,1560,1586,1586,1585,1589,1596,1599,1607,1611,1623,1633,1643,1650,1660,1661,1667,1673,1683,1685,1696,1697,1707,1706,1721,1724,1728,1730,1737,1747,1748,1752,1758,1763,1768,1774,1781,1788,1795,1802,1818,1818,1804,1815,1728,1707,1765,1798,1738,1695,1658,1693,1634,1554,1521,1500,1464,1422,1472,1490
10029,Sale,1173,736,741,741,743,744,747,749,744,751,753,754,748,742,744,771,770,770,773,812,760,770,769,814,826,861,861,848,804,850,834,882,910,914,909,929,922,920,963,1078,971,1079,1082,1079,1217,1193,1141,1114,1056,1060,1053,1060,1048,1045,1014,1039,1042,996,1020,1022,1020,1067,1062,1185,1142,1193,1181,1206,1200,1208,1204,1221,1211
10030,Sale,797,510,506,502,498,497,496,494,491,492,494,497,498,500,504,506,509,514,523,531,537,539,539,544,549,550,549,553,555,554,555,561,563,556,549,547,548,552,555,560,564,566,567,566,567,577,586,593,608,627,639,644,649,658,670,681,688,697,717,743,763,771,774,775,776,774,777,788,801,812,819,824,826
10031,Sale,909,471,471,485,483,481,504,498,486,506,503,504,495,495,496,520,536,530,533,545,545,555,572,587,610,619,636,667,659,679,689,702,707,724,712,751,748,778,779,791,800,815,813,819,820,834,835,855,869,892,900,919,934,961,964,917,919,877,883,893,905,906,913,919,918,917,911,916,905,892,901,904,909
10032,Sale,875,436,439,448,447,449,464,459,450,462,469,465,465,455,454,495,492,490,495,505,518,517,536,557,573,585,596,617,622,637,653,661,654,686,676,716,709,736,737,749,754,775,775,772,774,791,794,816,840,851,871,879,900,923,919,870,889,848,838,850,877,878,877,880,884,886,880,883,872,859,859,868,875
10033,Sale,863,429,442,442,459,451,467,467,454,469,464,468,472,457,466,491,494,496,500,510,509,521,529,556,574,588,606,618,632,639,657,667,669,682,675,710,710,739,734,745,758,774,781,775,772,794,801,817,830,846,862,884,896,917,918,868,888,838,842,852,868,875,867,879,884,866,872,872,854,852,840,859,852
10034,Sale,835,408,427,417,428,428,439,448,435,446,438,444,445,433,438,463,464,466,466,478,489,502,501,525,540,561,566,601,590,614,620,630,635,664,647,681,681,714,709,717,727,742,746,744,761,771,777,793,803,818,832,846,857,892,889,831,851,817,813,818,841,849,848,852,850,846,836,850,827,817,819,825,829
10035,Sale,839,409,424,416,430,435,439,444,427,452,442,443,448,432,447,464,473,465,466,490,494,506,517,534,546,564,580,594,598,621,619,635,635,670,659,690,678,712,720,731,724,752,759,745,758,772,770,798,813,822,836,859,872,890,883,836,854,816,812,817,849,851,838,850,849,846,839,845,840,823,825,841,836
10036,Sale,1751,1313,1319,1318,1321,1322,1325,1327,1322,1329,1331,1332,1326,1320,1322,1346,1328,1435,1349,1381,1389,1405,1366,1352,1344,1364,1437,1500,1441,1463,1470,1476,1526,1577,1565,1565,1557,1558,1625,1594,1572,1604,1625,1625,1628,1647,1649,1649,1654,1622,1608,1645,1670,1664,1707,1677,1672,1675,1687,1687,1742,1757,1759,1745,1774,1777,1765,1771,1723,1735,1758,1738,1717
10037,Sale,848,421,433,425,435,430,445,452,442,448,450,458,442,441,440,467,472,475,471,490,498,496,519,527,551,561,582,601,606,624,621,639,645,662,650,683,684,723,716,729,727,746,762,744,764,780,783,794,820,832,847,858,869,905,887,846,865,816,821,830,853,850,845,853,862,859,853,860,844,823,832,844,846
10038,Sale,1846,1420,1420,1421,1430,1434,1450,1451,1429,1442,1450,1451,1452,1436,1450,1471,1484,1471,1476,1489,1501,1496,1516,1527,1547,1570,1574,1605,1599,1622,1623,1637,1649,1669,1661,1682,1680,1720,1724,1730,1739,1744,1753,1749,1757,1780,1774,1796,1814,1820,1846,1863,1865,1900,1900,1847,1858,1819,1826,1820,1856,1846,1851,1853,1854,1856,1854,1851,1846,1825,1835,1846,1834
10039,Sale,845,424,420,433,426,434,447,450,441,452,450,447,445,430,440,467,485,467,473,486,502,500,510,529,547,563,573,601,606,624,634,651,645,668,660,688,689,726,714,725,726,753,762,758,758,775,781,791,816,821,843,857,866,895,893,845,861,821,814,823,849,848,845,856,863,852,848,852,837,836,823,845,843
10040,Sale,846,412,428,430,428,440,449,455,431,452,448,447,442,441,440,479,471,466,477,493,488,499,523,531,552,570,580,602,604,615,636,642,650,661,652,687,681,713,726,735,740,752,762,747,760,779,784,793,820,821,844,854,868,898,899,853,866,818,822,825,852,855,850,859,855,856,855,855,847,824,827,840,844
10041,Sale,1851,1415,1431,1423,1424,1427,1442,1441,1440,1451,1448,1444,1442,1439,1446,1468,1467,1473,1479,1492,1492,1495,1508,1522,1544,1556,1571,1597,1598,1611,1631,1645,1634,1660,1652,1689,1678,1709,1721,1722,1723,1750,1749,1745,1753,1767,1770,1798,1814,1814,1828,1854,1864,1899,1886,1837,1856,1818,1814,1830,1853,1849,1840,1858,1857,1846,1847,1850,1843,1825,1829,1834,1830
10043,Sale,1844,1420,1422,1425,1432,1428,1448,1453,1432,1452,1440,1452,1448,1439,1437,1473,1478,1464,1468,1484,1492,1499,1511,1530,1551,1562,1577,1599,1599,1617,1622,1647,1644,1662,1656,1690,1675,1718,1716,1728,1733,1742,1754,1756,1767,1779,1776,1799,1806,1817,1839,1854,1859,1894,1886,1843,1848,1813,1814,1825,1847,1847,1846,1857,1865,1848,1846,1859,1834,1832,1830,1830,1839
10044,Sale,1841,1422,1419,1429,1435,1428,1445,1447,1441,1448,1450,1443,1447,1434,1443,1471,1474,1474,1481,1480,1488,1499,1513,1524,1551,1564,1580,1602,1597,1616,1618,1637,1643,1665,1660,1681,1683,1709,1712,1735,1730,1741,1755,1754,1755,1781,1774,1792,1813,1822,1839,1850,1870,1898,1888,1842,1855,1809,1815,1822,1847,1848,1852,1848,1852,1851,1851,1856,1839,1830,1830,1839,1830
10045,Sale,1847,1409,1424,1425,1431,1437,1443,1441,1435,1450,1454,1443,1450,1428,1444,1467,1474,1464,1475,1488,1490,1509,1515,1526,1541,1556,1582,1600,1604,1621,1625,1638,1636,1668,1658,1691,1684,1724,1724,1732,1733,1754,1755,1743,1764,1780,1775,1799,1817,1826,1840,1856,1862,1898,1893,1841,1859,1812,1816,1820,1849,1849,1841,1861,1864,1852,1843,1847,1834,1825,1834,1845,1841
10047,Sale,1841,1412,1422,1431,1434,1437,1439,1455,1430,1448,1454,1446,1442,1437,1448,1477,1480,1471,1476,1484,1500,1504,1520,1528,1545,1566,1570,1607,1603,1621,1628,1642,1637,1666,1649,1687,1688,1720,1714,1729,1725,1751,1760,1757,1755,1778,1771,1798,1812,1822,1837,1856,1872,1895,1895,1835,1849,1824,1809,1826,1853,1850,1848,1858,1863,1849,1849,1847,1841,1829,1835,1841,1834
10048,Sale,1847,1421,1432,1418,1427,1429,1436,1447,1428,1449,1451,1447,1444,1436,1439,1469,1476,1478,1471,1495,1487,1502,1507,1534,1544,1564,1573,1605,1597,1619,1632,1636,1635,1673,1660,1684,1679,1723,1722,1732,1734,1744,1757,1753,1767,1775,1771,1800,1806,1823,1830,1856,1867,1900,1885,1848,1855,1821,1816,1817,1842,1846,1848,1856,1853,1853,1847,1856,1847,1831,1832,1841,1844
10055,Sale,1845,1423,1431,1429,1437,1438,1449,1453,1441,1454,1442,1452,1452,1430,1446,1465,1474,1475,1468,1487,1493,1498,1508,1529,1555,1569,1572,1596,1598,1618,1625,1643,1635,1667,1660,1681,1685,1710,1724,1730,1735,1752,1759,1754,1761,1772,1782,1797,1814,1815,1841,1859,1860,1893,1892,1840,1859,1815,1816,1826,1852,1855,1843,1852,1862,1856,1849,1853,1839,1831,1823,1837,1838
10065,Sale,1979,1250,1287,1347,1359,1351,1351,1351,1398,1450,1510,1532,1382,1352,1351,1517,1400,1304,1389,1389,1412,1425,1427,1400,1584,1625,1652,1771,1699,1767,1833,1855,1853,1786,1805,1805,1697,1742,1849,1837,1753,1799,1866,1875,1831,1843,1831,1861,1838,1861,1846,1861,1876,1883,1939,1940,1926,1947,1974,1993,2019,2004,2041,2005,2010,2041,2035,1957,1952,1952,1949,1904,1900
10069,Sale,1832,1418,1467,1470,1475,1473,1470,1473,1384,1382,1409,1389,1308,1364,1343,1388,1413,1451,1469,1473,1466,1464,1465,1474,1479,1566,1536,1531,1543,1614,1680,1678,1698,1711,1702,1697,1792,1853,1806,1768,1770,1750,1765,1761,1782,1765,1785,1789,1767,1801,1820,1874,1981,2160,2054,1836,1920,1835,1887,1890,1930,1887,1855,1879,1855,1850,1788,1843,1818,1820,1824,1784,1779
10075,Sale,1485,1050,1056,1055,1057,1058,1062,1063,1059,1065,1068,1068,1062,1056,1058,1085,1084,1084,1087,1094,1097,1106,1110,1122,1132,1142,1148,1159,1160,1166,1172,1181,1184,1194,1196,1206,1204,1319,1310,1310,1347,1350,1560,1658,1621,1593,1535,1475,1475,1475,1580,1439,1486,1699,1654,1667,1596,1458,1491,1580,1588,1558,1598,1409,1409,1421,1487,1437,1439,1452,1512,1571,1524
10080,Sale,1852,1423,1426,1426,1434,1434,1439,1443,1443,1453,1453,1445,1440,1430,1441,1469,1475,1473,1469,1489,1491,1496,1507,1523,1542,1562,1576,1606,1595,1611,1626,1640,1645,1661,1650,1692,1688,1717,1716,1728,1733,1743,1763,1752,1755,1770,1775,1803,1809,1817,1838,1851,1873,1891,1894,1840,1863,1822,1819,1831,1848,1856,1853,1853,1857,1853,1850,1855,1838,1829,1829,1833,1836
10081,Sale,1843,1413,1427,1430,1426,1430,1443,1445,1442,1454,1452,1456,1447,1441,1448,1472,1479,1476,1474,1483,1487,1499,1507,1536,1544,1561,1571,1600,1597,1625,1631,1637,1646,1673,1663,1681,1679,1715,1723,1732,1725,1742,1762,1758,1757,1781,1784,1798,1820,1822,1836,1849,1872,1897,1886,1851,1852,1812,1824,1818,1849,1850,1847,1853,1859,1851,1856,1851,1839,1830,1827,1846,1841
10096,Sale,1844,1418,1430,1431,1435,1434,1441,1446,1432,1453,1445,1451,1450,1442,1442,1470,1474,1474,1479,1489,1486,1499,1505,1525,1544,1563,1580,1605,1598,1617,1625,1650,1648,1665,1659,1686,1685,1722,1728,1725,1732,1744,1758,1749,1765,1784,1779,1799,1807,1831,1842,1858,1863,1901,1899,1852,1862,1825,1818,1834,1853,1852,1856,1853,1868,1852,1853,1856,1851,1834,1834,1834,1840
10097,Sale,1842,1414,1427,1419,1434,1436,1439,1454,1440,1454,1447,1449,1447,1439,1438,1476,1470,1462,1475,1487,1491,1495,1512,1524,1555,1567,1573,1607,1605,1619,1635,1650,1641,1664,1654,1693,1686,1723,1724,1735,1734,1750,1754,1757,1767,1773,1782,1802,1819,1823,1835,1850,1863,1901,1898,1853,1857,1820,1824,1828,1854,1858,1852,1854,1869,1862,1857,1860,1838,1834,1834,1845,1836
10103,Sale,1845,1401,1424,1420,1417,1427,1442,1434,1423,1437,1440,1449,1441,1431,1435,1458,1465,1458,1461,1472,1478,1490,1496,1526,1544,1555,1572,1601,1598,1606,1625,1633,1634,1668,1648,1686,1684,1720,1714,1726,1728,1748,1750,1752,1765,1767,1770,1791,1804,1816,1839,1840,1869,1890,1895,1841,1850,1819,1809,1831,1844,1851,1842,1850,1860,1853,1844,1848,1831,1831,1832,1838,1837
10104,Sale,1849,1411,1421,1416,1431,1429,1432,1438,1431,1442,1442,1442,1429,1427,1428,1458,1459,1466,1462,1474,1489,1487,1503,1519,1538,1552,1568,1596,1594,1615,1623,1644,1639,1667,1653,1686,1671,1706,1718,1717,1725,1745,1760,1747,1756,1776,1782,1788,1799,1809,1838,1843,1865,1891,1890,1846,1862,1811,1810,1819,1857,1847,1842,1850,1847,1848,1851,1850,1830,1822,1831,1831,1827
10105,Sale,1848,1414,1421,1426,1427,1434,1436,1439,1423,1438,1449,1445,1437,1432,1432,1469,1471,1460,1470,1476,1487,1495,1507,1515,1535,1555,1575,1602,1597,1608,1625,1638,1635,1656,1655,1687,1683,1720,1721,1726,1726,1744,1763,1755,1754,1774,1774,1787,1811,1816,1837,1839,1863,1900,1898,1847,1850,1811,1810,1828,1851,1846,1847,1854,1857,1857,1839,1848,1839,1828,1824,1835,1832
10106,Sale,1838,1414,1421,1417,1425,1434,1433,1441,1428,1447,1437,1449,1442,1427,1429,1462,1466,1464,1472,1478,1483,1486,1499,1522,1546,1557,1570,1590,1592,1616,1621,1646,1634,1659,1656,1679,1681,1718,1712,1727,1718,1745,1758,1760,1761,1775,1776,1798,1813,1814,1836,1851,1856,1899,1893,1842,1860,1809,1819,1824,1852,1849,1842,1845,1851,1858,1852,1844,1833,1832,1823,1834,1837
10107,Sale,1844,1414,1412,1423,1429,1424,1442,1447,1435,1441,1450,1448,1444,1434,1439,1463,1462,1464,1462,1485,1488,1493,1507,1516,1541,1553,1573,1593,1587,1610,1627,1635,1638,1658,1656,1681,1677,1717,1710,1724,1721,1746,1757,1757,1761,1782,1776,1797,1813,1811,1832,1842,1869,1903,1893,1845,1863,1810,1824,1831,1857,1853,1845,1855,1851,1857,1849,1855,1842,1824,1835,1839,1834
10110,Sale,1847,1414,1419,1413,1423,1423,1429,1435,1435,1436,1444,1450,1436,1433,1439,1470,1461,1458,1470,1480,1482,1487,1498,1515,1543,1558,1569,1598,1588,1618,1620,1638,1643,1666,1647,1681,1679,1712,1714,1726,1731,1743,1756,1759,1758,1775,1780,1795,1814,1812,1829,1845,1860,1896,1888,1839,1862,1819,1818,1832,1850,1857,1856,1852,1858,1858,1843,1842,1833,1831,1833,1832,1828
10111,Sale,1849,1411,1414,1424,1429,1422,1431,1446,1429,1436,1441,1443,1433,1433,1430,1469,1473,1455,1464,1473,1478,1500,1505,1518,1548,1554,1576,1592,1599,1607,1625,1637,1640,1663,1647,1686,1677,1721,1722,1723,1729,1743,1751,1754,1769,1779,1782,1792,1807,1824,1828,1843,1857,1894,1891,1848,1850,1821,1823,1822,1853,1849,1848,1851,1851,1854,1846,1857,1832,1820,1831,1831,1834
10112,Sale,1837,1411,1417,1423,1431,1422,1433,1442,1434,1442,1439,1447,1443,1420,1431,1459,1460,1455,1467,1478,1484,1488,1509,1514,1540,1563,1566,1596,1595,1610,1631,1639,1639,1664,1650,1676,1675,1715,1718,1724,1721,1740,1763,1753,1763,1778,1779,1790,1809,1812,1835,1848,1864,1894,1892,1837,1851,1822,1817,1832,1849,1845,1843,1848,1862,1855,1853,1849,1830,1832,1825,1831,1839
10115,Sale,1848,1415,1419,1422,1433,1432,1442,1447,1423,1435,1442,1448,1440,1430,1440,1469,1469,1461,1466,1475,1487,1496,1501,1516,1545,1551,1565,1594,1596,1621,1623,1634,1643,1668,1657,1677,1675,1721,1722,1720,1722,1748,1760,1757,1769,1775,1772,1792,1808,1814,1836,1841,1858,1895,1891,1849,1860,1814,1812,1832,1852,1848,1842,1849,1859,1855,1845,1854,1835,1828,1824,1836,1831
10118,Sale,1842,1414,1415,1423,1421,1433,1438,1444,1424,1444,1439,1438,1438,1431,1441,1466,1463,1460,1464,1481,1485,1496,1499,1520,1542,1563,1566,1602,1595,1615,1620,1645,1644,1668,1659,1679,1682,1720,1712,1728,1729,1745,1761,1760,1758,1778,1771,1792,1801,1816,1829,1846,1857,1896,1887,1838,1859,1816,1810,1834,1854,1856,1843,1855,1859,1850,1853,1852,1842,1828,1822,1842,1841
10119,Sale,1850,1406,1413,1422,1421,1430,1440,1436,1424,1446,1439,1442,1438,1428,1438,1461,1474,1463,1470,1481,1479,1490,1507,1520,1547,1552,1577,1590,1591,1610,1621,1639,1638,1657,1654,1684,1684,1721,1720,1721,1721,1745,1759,1749,1767,1772,1779,1794,1807,1818,1832,1849,1863,1904,1896,1850,1852,1817,1824,1832,1856,1850,1853,1858,1849,1849,1845,1855,1836,1827,1836,1840,1839
10120,Sale,1840,1408,1422,1425,1426,1433,1440,1447,1425,1448,1437,1444,1441,1428,1428,1459,1467,1461,1471,1475,1490,1500,1501,1526,1536,1563,1578,1598,1598,1612,1623,1633,1636,1657,1660,1690,1683,1714,1719,1728,1725,1746,1760,1757,1759,1769,1779,1785,1815,1817,1840,1847,1859,1893,1887,1844,1862,1815,1817,1822,1849,1851,1847,1859,1849,1850,1854,1846,1831,1830,1825,1836,1833
10121,Sale,1844,1409,1422,1414,1421,1433,1433,1435,1430,1444,1452,1451,1434,1422,1435,1463,1471,1460,1466,1478,1489,1499,1507,1519,1540,1556,1570,1596,1596,1611,1619,1638,1647,1662,1657,1681,1677,1709,1723,1726,1729,1737,1757,1761,1760,1779,1774,1787,1803,1822,1842,1854,1859,1900,1897,1850,1862,1809,1820,1824,1855,1850,1854,1859,1850,1858,1847,1857,1841,1829,1825,1840,1841
10122,Sale,1844,1415,1421,1428,1427,1432,1441,1444,1429,1437,1445,1442,1439,1435,1430,1464,1471,1467,1471,1481,1486,1496,1509,1518,1540,1564,1577,1597,1603,1615,1623,1638,1647,1659,1655,1687,1686,1721,1722,1730,1733,1749,1764,1760,1767,1773,1770,1799,1808,1820,1840,1844,1871,1892,1896,1843,1853,1820,1818,1832,1856,1856,1853,1847,1856,1850,1846,1847,1837,1821,1832,1833,1831
10123,Sale,1851,1411,1417,1423,1424,1429,1436,1446,1423,1436,1446,1448,1435,1430,1440,1462,1471,1470,1468,1485,1480,1502,1501,1520,1540,1561,1570,1594,1600,1614,1621,1633,1640,1667,1659,1686,1681,1716,1723,1729,1722,1744,1754,1756,1763,1772,1782,1800,1805,1823,1835,1854,1868,1902,1893,1838,1850,1817,1813,1832,1848,1848,1848,1847,1851,1852,1844,1852,1841,1827,1822,1830,1829
10128,Sale,1592,858,848,861,868,889,905,899,953,927,929,937,953,934,929,970,998,1004,1030,1001,996,989,963,954,970,1043,1099,1083,1069,1058,1069,1098,1110,1115,1115,1124,1122,1147,1160,1196,1247,1207,1254,1273,1287,1336,1335,1331,1313,1343,1366,1387,1341,1481,1552,1524,1546,1515,1517,1500,1502,1531,1538,1552,1563,1572,1609,1603,1624,1606,1627,1635,1643
10151,Sale,1838,1415,1419,1416,1431,1433,1441,1438,1425,1444,1439,1444,1439,1426,1434,1464,1464,1456,1474,1481,1486,1493,1508,1528,1541,1551,1570,1592,1601,1608,1618,1639,1640,1662,1653,1677,1676,1717,1715,1719,1721,1738,1761,1749,1766,1771,1776,1797,1808,1825,1840,1843,1860,1902,1895,1838,1863,1811,1823,1821,1847,1848,1853,1848,1850,1854,1847,1851,1833,1827,1831,1830,1830
10152,Sale,1843,1411,1421,1424,1421,1433,1441,1442,1423,1447,1442,1450,1444,1432,1434,1469,1471,1471,1468,1485,1492,1489,1512,1515,1545,1561,1568,1595,1590,1619,1621,1644,1647,1667,1647,1685,1681,1719,1721,1732,1730,1748,1759,1750,1761,1782,1773,1800,1806,1820,1835,1849,1870,1894,1890,1847,1863,1816,1817,1822,1858,1854,1853,1848,1857,1855,1847,1852,1835,1835,1823,1836,1836
10153,Sale,1840,1404,1413,1415,1426,1431,1433,1448,1430,1449,1445,1445,1439,1428,1437,1469,1461,1466,1476,1482,1491,1488,1511,1525,1546,1559,1577,1595,1595,1613,1633,1640,1635,1664,1661,1679,1678,1719,1713,1730,1727,1751,1758,1753,1756,1771,1783,1795,1816,1823,1830,1847,1858,1897,1887,1851,1851,1824,1813,1834,1848,1848,1851,1847,1862,1851,1852,1844,1834,1833,1828,1841,1837
10154,Sale,1845,1413,1416,1422,1430,1426,1433,1447,1425,1448,1440,1450,1441,1429,1442,1468,1468,1469,1465,1484,1492,1491,1501,1518,1545,1557,1575,1596,1592,1622,1622,1635,1641,1670,1655,1683,1673,1723,1715,1722,1721,1743,1762,1756,1765,1780,1783,1788,1813,1815,1839,1848,1857,1896,1892,1844,1852,1819,1816,1833,1845,1855,1847,1854,1853,1858,1853,1845,1840,1834,1826,1836,1834
10155,Sale,1848,1400,1414,1414,1418,1420,1424,1430,1419,1430,1441,1444,1427,1429,1429,1460,1455,1456,1459,1478,1473,1491,1495,1511,1537,1555,1566,1589,1595,1613,1617,1639,1627,1662,1646,1670,1678,1705,1716,1726,1721,1743,1753,1750,1760,1776,1769,1782,1809,1804,1830,1835,1859,1895,1890,1841,1857,1807,1807,1821,1853,1853,1847,1843,1847,1848,1845,1847,1842,1826,1827,1827,1833
10158,Sale,1843,1406,1416,1416,1419,1418,1437,1440,1427,1436,1435,1441,1436,1416,1429,1457,1458,1453,1462,1473,1473,1488,1503,1518,1528,1552,1562,1596,1584,1603,1617,1633,1636,1649,1641,1675,1667,1709,1707,1722,1727,1734,1756,1748,1756,1763,1764,1786,1795,1812,1822,1848,1859,1899,1889,1841,1859,1814,1819,1828,1850,1846,1843,1855,1846,1855,1839,1842,1828,1831,1832,1829,1828
10162,Sale,1839,1402,1408,1414,1422,1423,1434,1440,1421,1440,1442,1434,1429,1417,1424,1467,1466,1455,1466,1473,1480,1495,1493,1517,1541,1547,1561,1583,1588,1602,1619,1637,1636,1663,1645,1681,1672,1711,1712,1726,1718,1740,1754,1745,1762,1778,1771,1783,1803,1816,1832,1836,1860,1894,1885,1833,1853,1817,1814,1823,1845,1843,1843,1846,1848,1852,1850,1853,1834,1823,1828,1831,1830
10165,Sale,1840,1398,1415,1410,1425,1424,1424,1441,1418,1436,1433,1446,1428,1426,1434,1464,1458,1454,1467,1482,1482,1486,1501,1520,1541,1555,1559,1596,1585,1607,1624,1632,1628,1664,1643,1675,1666,1715,1706,1720,1728,1738,1748,1749,1756,1770,1772,1782,1806,1819,1830,1836,1857,1901,1888,1841,1851,1813,1816,1826,1844,1849,1852,1848,1853,1850,1851,1855,1829,1831,1832,1828,1837
10166,Sale,1843,1404,1407,1421,1421,1417,1438,1438,1427,1432,1438,1445,1432,1420,1429,1466,1460,1452,1457,1474,1481,1488,1495,1510,1532,1548,1571,1590,1589,1611,1625,1629,1636,1656,1645,1684,1672,1705,1718,1717,1722,1745,1747,1755,1760,1773,1772,1789,1804,1806,1826,1848,1855,1890,1885,1842,1856,1810,1810,1825,1846,1850,1842,1844,1846,1847,1843,1851,1828,1833,1825,1831,1835
10167,Sale,1848,1397,1414,1418,1422,1418,1429,1431,1419,1439,1442,1444,1427,1423,1429,1458,1459,1457,1469,1478,1480,1485,1498,1511,1536,1555,1571,1591,1586,1606,1625,1633,1627,1656,1655,1678,1668,1711,1709,1721,1720,1733,1754,1755,1760,1771,1764,1782,1807,1809,1828,1848,1857,1894,1897,1834,1855,1815,1812,1819,1853,1846,1844,1848,1847,1844,1848,1847,1834,1824,1831,1837,1838
10168,Sale,1844,1398,1414,1412,1424,1429,1434,1442,1426,1434,1436,1434,1437,1427,1425,1466,1464,1460,1469,1480,1474,1483,1492,1517,1530,1554,1571,1595,1589,1610,1624,1641,1641,1658,1650,1677,1667,1712,1707,1721,1715,1739,1750,1752,1752,1771,1775,1781,1798,1816,1833,1835,1865,1894,1887,1840,1854,1813,1814,1829,1849,1842,1852,1846,1857,1856,1850,1852,1832,1819,1834,1832,1830
10169,Sale,1849,1406,1415,1409,1420,1426,1426,1432,1421,1433,1442,1444,1440,1420,1429,1455,1469,1457,1466,1477,1474,1482,1496,1509,1539,1545,1564,1584,1587,1612,1621,1640,1629,1655,1647,1678,1678,1714,1710,1716,1728,1733,1756,1752,1760,1775,1766,1781,1799,1810,1833,1842,1862,1897,1888,1839,1860,1815,1812,1826,1843,1853,1841,1854,1846,1854,1853,1850,1840,1833,1827,1837,1829
10170,Sale,1840,1404,1414,1412,1417,1424,1432,1432,1429,1435,1439,1447,1426,1430,1427,1465,1458,1457,1465,1478,1481,1490,1503,1515,1540,1554,1567,1598,1596,1601,1625,1635,1633,1663,1647,1678,1666,1704,1705,1719,1728,1744,1755,1755,1763,1775,1776,1787,1805,1807,1834,1849,1855,1893,1891,1834,1853,1816,1821,1828,1849,1851,1848,1849,1853,1844,1840,1845,1832,1832,1830,1833,1834
10171,Sale,1841,1403,1413,1416,1428,1423,1430,1436,1430,1436,1442,1436,1435,1426,1427,1457,1468,1462,1459,1478,1477,1487,1494,1520,1543,1550,1562,1595,1592,1610,1626,1628,1638,1659,1650,1671,1675,1711,1711,1722,1723,1746,1757,1749,1759,1779,1775,1789,1800,1815,1823,1845,1861,1897,1887,1843,1858,1817,1809,1830,1848,1844,1853,1852,1852,1848,1849,1853,1830,1830,1832,1834,1837
10172,Sale,1848,1406,1420,1413,1414,1421,1432,1433,1426,1435,1440,1441,1439,1417,1422,1465,1456,1452,1465,1478,1477,1484,1501,1509,1541,1548,1567,1599,1584,1610,1613,1628,1634,1655,1655,1675,1679,1714,1709,1718,1718,1740,1757,1752,1759,1773,1776,1783,1802,1811,1830,1838,1862,1902,1887,1838,1851,1815,1817,1817,1853,1849,1852,1846,1857,1857,1847,1851,1838,1828,1821,1834,1829
10173,Sale,1835,1410,1418,1414,1422,1422,1435,1439,1428,1431,1432,1440,1432,1430,1430,1454,1460,1463,1467,1470,1477,1493,1498,1521,1530,1552,1566,1585,1596,1604,1621,1642,1630,1657,1649,1673,1669,1707,1719,1724,1724,1733,1748,1751,1764,1779,1777,1789,1802,1807,1835,1848,1855,1890,1892,1837,1860,1817,1809,1826,1844,1856,1849,1846,1858,1850,1848,1854,1830,1827,1828,1831,1830
10174,Sale,1840,1405,1416,1411,1417,1429,1439,1432,1423,1436,1431,1444,1434,1419,1424,1463,1458,1453,1471,1469,1484,1493,1502,1517,1543,1552,1568,1588,1595,1610,1613,1637,1637,1661,1646,1674,1678,1703,1709,1722,1727,1737,1754,1747,1757,1772,1768,1790,1800,1808,1833,1845,1860,1899,1888,1845,1851,1810,1810,1832,1844,1855,1854,1849,1846,1845,1847,1843,1841,1825,1825,1840,1833
10175,Sale,1846,1410,1420,1422,1427,1425,1435,1431,1417,1444,1442,1447,1440,1429,1425,1458,1458,1464,1464,1470,1485,1492,1492,1507,1533,1557,1562,1589,1591,1608,1615,1633,1633,1660,1646,1677,1678,1706,1706,1722,1724,1737,1756,1753,1757,1770,1765,1790,1809,1815,1830,1847,1853,1894,1889,1844,1856,1814,1813,1826,1849,1847,1846,1853,1857,1857,1849,1847,1839,1833,1821,1834,1832
10176,Sale,1836,1402,1417,1415,1417,1430,1439,1443,1420,1432,1446,1447,1429,1428,1426,1455,1468,1464,1469,1483,1477,1484,1505,1516,1534,1554,1571,1586,1588,1604,1621,1634,1639,1660,1649,1671,1677,1705,1710,1726,1726,1736,1760,1751,1759,1779,1767,1783,1805,1810,1832,1838,1863,1891,1897,1849,1849,1817,1812,1828,1843,1856,1848,1856,1860,1856,1840,1848,1838,1830,1830,1835,1840
10177,Sale,1836,1410,1418,1408,1421,1420,1436,1444,1427,1445,1435,1435,1433,1431,1424,1458,1462,1451,1466,1475,1476,1483,1493,1520,1539,1550,1565,1598,1595,1604,1612,1641,1634,1664,1651,1680,1675,1709,1706,1714,1729,1736,1747,1751,1754,1769,1776,1792,1806,1817,1834,1844,1853,1901,1884,1845,1853,1817,1817,1829,1845,1850,1846,1852,1854,1856,1849,1852,1836,1834,1824,1840,1832
10178,Sale,1843,1401,1417,1413,1419,1427,1432,1432,1422,1435,1445,1440,1430,1420,1427,1465,1467,1455,1465,1469,1488,1485,1494,1521,1539,1560,1569,1599,1589,1608,1627,1641,1637,1663,1652,1685,1672,1708,1718,1719,1728,1732,1751,1756,1758,1768,1776,1786,1803,1821,1828,1849,1864,1894,1890,1847,1854,1808,1814,1832,1847,1849,1853,1849,1849,1853,1851,1850,1838,1827,1835,1842,1836
10196,Sale,1843,1398,1420,1414,1416,1431,1428,1431,1429,1443,1445,1439,1439,1419,1431,1457,1469,1455,1463,1474,1485,1489,1492,1515,1539,1552,1564,1587,1593,1602,1613,1636,1631,1657,1648,1682,1680,1718,1715,1727,1725,1739,1752,1757,1765,1775,1772,1795,1807,1820,1828,1839,1865,1895,1898,1836,1852,1814,1817,1830,1842,1848,1849,1858,1858,1851,1840,1843,1835,1828,1828,1833,1838
10203,Sale,1845,1407,1415,1421,1418,1419,1432,1434,1431,1431,1444,1449,1437,1424,1437,1458,1470,1466,1465,1474,1478,1483,1496,1513,1536,1556,1562,1591,1594,1604,1615,1641,1641,1660,1653,1684,1670,1717,1718,1721,1726,1740,1757,1746,1763,1766,1774,1786,1801,1815,1834,1848,1865,1890,1895,1836,1849,1811,1820,1819,1849,1857,1855,1845,1860,1849,1852,1857,1830,1835,1833,1839,1842
10259,Sale,1846,1409,1419,1421,1415,1418,1439,1437,1420,1432,1438,1447,1439,1423,1430,1465,1467,1452,1464,1477,1481,1493,1499,1510,1541,1556,1574,1596,1591,1604,1624,1631,1638,1656,1642,1683,1667,1705,1708,1722,1718,1736,1754,1745,1766,1771,1770,1791,1804,1813,1834,1842,1860,1893,1888,1846,1859,1810,1808,1827,1848,1845,1843,1848,1856,1855,1843,1854,1843,1833,1831,1832,1836
10260,Sale,1841,1401,1415,1412,1422,1427,1436,1434,1421,1433,1442,1445,1432,1422,1423,1467,1458,1452,1466,1481,1486,1489,1504,1523,1544,1547,1570,1586,1588,1613,1616,1638,1642,1658,1651,1675,1672,1708,1713,1723,1720,1744,1748,1745,1765,1779,1772,1794,1803,1818,1831,1848,1857,1894,1886,1838,1853,1820,1812,1829,1855,1844,1844,1846,1861,1845,1845,1848,1837,1830,1835,1833,1830
10265,Sale,1842,1402,1419,1410,1422,1422,1438,1441,1421,1435,1447,1437,1438,1428,1432,1469,1464,1458,1460,1484,1480,1496,1498,1519,1540,1548,1570,1590,1598,1612,1617,1634,1641,1664,1650,1681,1676,1703,1711,1715,1716,1737,1754,1749,1765,1771,1778,1785,1803,1810,1830,1848,1854,1902,1893,1849,1859,1811,1819,1828,1846,1843,1852,1852,1856,1853,1842,1855,1830,1832,1822,1842,1829
10270,Sale,1850,1412,1416,1412,1425,1429,1428,1440,1422,1437,1443,1448,1433,1424,1433,1456,1468,1464,1469,1473,1489,1487,1498,1518,1534,1554,1561,1599,1586,1604,1622,1640,1633,1666,1646,1675,1670,1706,1715,1721,1727,1746,1750,1752,1765,1766,1771,1793,1805,1818,1830,1845,1863,1893,1893,1844,1850,1811,1823,1829,1850,1855,1842,1853,1847,1855,1841,1843,1836,1832,1833,1840,1842
10271,Sale,1849,1412,1407,1414,1418,1420,1431,1438,1428,1434,1438,1436,1433,1427,1427,1468,1458,1459,1468,1479,1485,1485,1505,1510,1538,1549,1570,1595,1585,1614,1627,1642,1638,1660,1646,1676,1680,1713,1714,1724,1720,1742,1751,1748,1761,1773,1771,1782,1800,1813,1833,1841,1855,1900,1894,1845,1862,1818,1814,1828,1847,1854,1842,1850,1847,1853,1846,1843,1833,1825,1825,1836,1841
10275,Sale,1837,1406,1408,1410,1415,1425,1426,1438,1424,1445,1445,1445,1438,1430,1425,1468,1463,1466,1460,1479,1488,1489,1501,1519,1535,1556,1562,1600,1597,1606,1614,1643,1636,1654,1656,1681,1671,1704,1718,1718,1717,1733,1760,1758,1755,1769,1778,1794,1806,1812,1833,1850,1863,1903,1888,1849,1853,1816,1809,1825,1852,1855,1850,1853,1853,1854,1842,1849,1840,1836,1830,1832,1839
10278,Sale,1844,1401,1417,1418,1420,1418,1434,1438,1423,1443,1438,1437,1430,1425,1426,1456,1462,1458,1462,1481,1488,1485,1499,1519,1534,1558,1561,1596,1591,1611,1620,1642,1632,1656,1645,1672,1675,1709,1711,1723,1730,1735,1748,1745,1765,1778,1775,1783,1808,1812,1830,1841,1854,1897,1887,1849,1862,1811,1817,1833,1845,1844,1843,1853,1854,1856,1849,1844,1830,1830,1834,1843,1833
10279,Sale,1845,1409,1414,1417,1429,1431,1436,1437,1429,1444,1434,1440,1428,1425,1437,1465,1457,1454,1469,1483,1478,1494,1500,1514,1544,1559,1575,1592,1584,1610,1627,1641,1633,1654,1652,1681,1671,1710,1709,1721,1729,1747,1748,1748,1753,1777,1768,1782,1802,1811,1838,1851,1864,1892,1894,1848,1855,1808,1820,1829,1848,1843,1843,1845,1853,1848,1840,1851,1834,1832,1827,1841,1829
10280,Sale,1273,865,861,857,857,850,857,844,873,901,858,823,840,844,848,857,899,909,872,872,872,921,872,1015,1028,1069,980,1005,1031,968,954,969,969,975,980,996,1022,1028,1018,1044,1051,1078,1085,1072,1078,1079,1079,1051,1052,1084,1045,1100,1115,1302,1294,1126,1288,1177,1202,1274,1313,1253,1272,1250,1250,1278,1261,1307,1285,1309,1271,1261,1273
10281,Sale,1851,1407,1412,1411,1427,1428,1428,1434,1426,1442,1436,1443,1440,1431,1427,1463,1461,1459,1469,1475,1478,1491,1494,1514,1536,1551,1570,1596,1598,1613,1616,1640,1635,1662,1654,1682,1681,1718,1706,1727,1716,1746,1751,1758,1759,1774,1777,1783,1811,1810,1825,1847,1866,1904,1899,1844,1854,1814,1809,1834,1851,1856,1847,1851,1849,1846,1854,1844,1841,1827,1836,1841,1833
10282,Sale,1841,1412,1410,1417,1419,1418,1426,1434,1429,1438,1434,1438,1442,1418,1430,1465,1458,1453,1472,1480,1482,1490,1505,1514,1541,1551,1562,1591,1598,1609,1623,1641,1635,1662,1648,1678,1678,1707,1720,1719,1717,1746,1757,1754,1758,1768,1774,1788,1806,1814,1833,1844,1859,1898,1886,1847,1856,1822,1812,1821,1854,1855,1851,1856,1854,1847,1848,1853,1831,1822,1836,1843,1829
10285,Sale,1837,1402,1423,1416,1425,1427,1433,1446,1421,1440,1442,1436,1438,1431,1435,1467,1470,1453,1468,1473,1479,1496,1506,1512,1539,1551,1565,1589,1594,1615,1614,1639,1631,1662,1654,1677,1669,1713,1720,1718,1719,1738,1761,1758,1753,1779,1767,1795,1804,1813,1828,1847,1867,1900,1886,1848,1861,1820,1822,1834,1843,1857,1846,1858,1859,1860,1853,1851,1836,1833,1834,1836,1829
10286,Sale,1850,1402,1415,1420,1416,1425,1436,1431,1429,1443,1444,1438,1430,1425,1436,1455,1464,1455,1462,1482,1480,1492,1506,1524,1541,1559,1561,1592,1598,1604,1626,1643,1631,1663,1652,1671,1674,1706,1718,1722,1730,1747,1753,1751,1753,1766,1778,1783,1804,1812,1835,1839,1855,1904,1899,1850,1854,1809,1812,1820,1856,1848,1852,1855,1849,1853,1855,1850,1835,1828,1827,1834,1840
10301,Sale,340,231,225,219,218,220,217,220,206,216,216,199,192,192,192,216,209,207,207,207,208,211,208,213,222,217,231,231,231,234,247,268,281,271,297,288,277,288,284,310,309,323,313,321,312,324,333,325,324,324,312,303,305,302,300,273,284,298,294,293,307,320,319,298,307,320,339,339,345,363,380,386,365
10302,Sale,218,218,217,217,216,215,214,214,215,215,215,216,216,216,216,217,217,217,217,217,219,220,221,222,223,225,227,228,229,230,231,231,231,232,233,233,235,237,238,239,241,243,243,242,242,242,243,243,243,244,244,245,246,246,247,249,252,255,257,260,264,268,270,273,276,281,286,292,296,299,305,310,313
10303,Sale,235,185,185,183,184,186,186,185,187,184,180,171,169,178,172,199,198,194,193,194,193,194,193,193,194,193,197,195,190,186,191,196,196,201,201,198,200,202,198,194,195,193,194,184,181,187,195,187,192,203,207,195,203,201,202,212,223,209,231,232,225,214,213,214,212,216,212,237,241,253,262,277,266
10304,Sale,344,236,237,232,231,230,225,228,228,227,231,227,228,224,223,249,241,252,247,252,254,258,253,256,234,246,249,241,245,245,242,240,251,255,254,249,248,244,248,257,250,266,257,272,274,279,279,276,278,289,294,306,307,286,287,305,305,314,316,318,333,328,330,326,340,348,343,353,356,350,344,355,359
10305,Sale,336,258,259,259,259,260,259,253,250,254,253,253,249,251,251,257,257,256,255,252,250,250,251,255,255,255,263,250,245,246,242,241,249,254,255,257,256,267,267,271,278,287,286,279,289,296,294,291,292,279,292,286,299,285,289,289,302,318,306,315,314,317,321,325,329,340,337,338,338,339,340,342,361
10306,Sale,365,275,272,270,268,271,267,267,268,268,269,271,267,267,262,284,277,269,268,269,278,276,277,285,284,281,279,272,276,282,283,278,281,290,287,286,287,291,292,289,294,294,286,286,287,289,287,287,291,300,305,310,311,307,314,295,325,322,327,328,333,349,365,379,355,350,347,367,365,368,375,374,381
10307,Sale,320,268,269,272,288,272,271,269,273,269,269,251,265,266,250,266,258,260,256,280,293,297,298,299,295,295,285,288,291,302,299,304,311,315,304,306,301,293,298,298,294,288,280,278,280,276,275,270,276,275,283,273,285,293,283,300,300,300,298,295,293,306,298,294,296,303,328,332,326,335,342,338,339
10308,Sale,347,278,277,269,272,274,270,270,272,271,272,261,259,259,259,290,292,293,288,276,282,274,270,281,276,280,278,267,267,266,271,273,275,272,276,272,269,276,283,287,288,285,287,287,287,283,276,280,277,297,294,291,298,301,323,304,325,331,325,325,313,326,315,325,327,334,345,356,370,368,370,365,365
10309,Sale,311,250,247,247,242,242,245,245,239,240,242,240,234,233,230,250,248,244,244,243,250,249,247,256,244,246,249,242,248,250,250,250,248,248,252,252,252,251,249,251,248,248,261,255,251,252,252,249,245,252,254,263,263,257,278,262,275,273,272,276,278,287,288,289,307,307,308,309,305,328,337,337,326
10310,Sale,312,226,218,217,214,212,206,211,196,214,210,202,201,194,203,233,233,230,227,233,222,228,246,245,239,240,239,225,234,227,227,221,234,235,244,244,269,255,252,246,242,238,238,242,236,244,231,249,250,253,264,276,273,292,285,266,292,292,293,307,308,299,298,300,304,313,303,323,319,321,338,329,291
10312,Sale,313,256,256,255,253,253,242,245,247,250,250,247,242,243,241,261,256,260,256,260,263,269,263,259,260,260,252,257,260,257,262,260,259,262,262,267,272,273,271,271,269,268,274,275,271,274,274,274,276,277,275,273,272,269,276,282,285,288,297,298,298,298,300,300,302,309,302,308,316,320,331,336,330
10314,Sale,320,259,257,253,253,250,247,252,252,254,251,246,243,243,240,259,253,252,256,259,257,254,252,251,253,249,246,249,256,257,261,254,259,259,262,265,265,272,272,271,266,272,275,278,276,277,272,273,280,272,272,270,272,271,280,282,297,302,303,303,299,300,304,304,310,315,316,322,321,330,335,341,340
10451,Sale,246,237,234,236,234,244,246,240,232,230,230,228,212,211,211,241,237,234,234,234,232,218,219,214,218,210,211,228,226,240,228,222,224,228,232,259,263,261,248,232,241,247,237,247,254,270,255,251,255,239,230,226,230,220,239,242,258,255,259,259,267,282,268,241,254,254,250,272,273,254,242,238,253
10452,Sale,229,235,232,237,233,241,246,239,230,231,230,227,210,211,211,240,235,235,236,234,233,219,217,215,218,209,213,229,226,241,226,222,224,228,231,257,261,259,250,232,240,247,238,246,252,271,255,253,255,238,230,226,231,217,239,243,257,255,258,261,264,282,266,241,256,255,249,273,274,255,242,237,252
10453,Sale,215,236,234,236,234,243,244,239,231,231,231,225,212,210,211,240,237,235,237,236,233,220,218,215,219,210,213,231,226,240,226,224,223,226,233,257,261,260,249,231,241,248,238,245,251,268,257,250,258,238,230,226,230,219,238,243,256,253,259,261,266,284,267,240,254,255,250,272,274,256,241,239,251
10454,Sale,202,238,232,238,235,241,246,241,232,230,229,226,211,211,210,240,237,234,235,237,232,219,216,214,219,211,211,230,226,242,229,224,224,229,233,259,262,262,249,229,238,249,237,247,251,268,257,251,257,240,231,226,231,218,240,242,257,252,258,261,267,283,268,241,256,254,252,273,272,256,242,237,252
10455,Sale,200,236,233,236,234,243,246,241,230,228,230,227,213,211,211,240,237,235,235,234,232,217,216,214,219,210,213,231,225,240,228,224,224,228,231,258,262,259,250,230,240,248,239,245,253,268,256,251,258,241,230,224,232,219,238,242,257,254,259,262,264,282,268,241,255,254,250,273,273,255,240,238,254
10456,Sale,202,238,234,235,233,243,244,241,232,231,231,226,213,210,212,239,237,236,236,237,233,217,217,215,219,209,214,231,225,241,229,225,222,227,233,258,262,260,249,232,239,248,238,245,252,268,256,250,256,239,231,225,232,218,240,242,257,255,260,260,266,283,267,238,256,254,249,274,272,255,242,237,251
10457,Sale,202,236,231,236,234,243,245,241,233,230,229,226,213,211,212,240,236,234,235,236,231,218,216,214,217,208,214,230,226,239,227,223,224,228,232,260,261,261,248,231,240,249,236,244,253,269,258,252,258,238,231,225,231,220,239,242,256,253,258,260,265,283,266,238,255,254,252,272,271,256,242,236,252
10458,Sale,200,236,232,237,233,242,244,241,232,229,229,226,212,209,212,239,237,234,234,235,232,220,218,214,219,209,214,228,226,241,226,223,223,227,230,258,262,261,249,231,241,249,236,246,253,271,255,252,256,239,231,227,232,219,238,243,258,253,259,261,266,281,265,239,257,255,249,273,273,255,243,238,252
10459,Sale,193,235,233,238,234,243,244,239,232,231,230,226,212,210,213,241,235,234,236,235,233,217,217,214,217,208,214,229,226,242,228,224,223,227,230,258,262,262,249,230,239,248,238,244,253,270,256,251,256,239,232,225,231,219,238,242,259,253,257,259,267,282,268,240,256,254,252,274,272,255,241,237,253
10460,Sale,204,237,232,235,234,242,244,240,233,229,230,227,211,212,212,239,236,235,236,236,231,219,216,214,217,210,212,231,225,241,227,224,223,226,232,258,261,261,250,232,241,249,237,245,252,270,256,252,256,239,230,226,231,219,239,244,257,253,259,261,264,282,266,240,254,255,251,274,272,255,242,237,252
10461,Sale,255,235,231,235,232,241,244,239,230,228,228,225,210,209,210,238,235,233,234,234,231,217,216,213,217,208,211,228,224,239,226,222,222,226,230,257,260,259,247,229,238,247,236,244,251,268,255,250,255,238,229,224,229,217,237,241,256,252,257,259,264,281,265,238,254,253,249,271,271,254,240,236,251
10462,Sale,194,160,159,155,157,155,156,149,148,144,148,144,147,144,146,156,160,160,159,157,154,154,154,153,151,149,148,152,153,156,154,156,159,157,157,161,159,161,166,176,166,163,163,161,163,163,171,171,169,171,174,171,171,176,176,176,178,182,184,188,187,189,194,196,197,196,195,194,193,193,196,195,192
10463,Sale,290,267,263,255,255,258,255,258,250,250,255,252,253,256,250,251,250,247,244,252,249,247,250,250,250,252,255,253,250,252,249,249,254,254,254,258,256,260,256,254,250,250,250,256,254,254,262,261,260,257,258,258,263,267,264,266,271,277,279,277,283,290,296,291,289,280,283,280,284,289,295,296,299
10464,Sale,392,150,155,155,157,158,161,163,158,165,167,168,162,156,158,185,184,184,187,194,197,205,209,222,231,242,248,259,259,265,272,281,283,294,295,306,304,320,323,326,328,336,345,345,340,345,343,334,341,344,345,345,345,345,345,347,356,365,365,380,384,378,394,385,376,394,395,400,400,397,394,400,394
10465,Sale,305,257,263,250,241,241,241,250,239,236,241,240,242,235,241,278,257,268,270,270,268,276,276,276,272,277,282,285,281,279,276,268,262,252,250,252,253,250,250,250,263,251,252,255,254,269,271,274,295,292,294,285,282,269,273,273,293,299,304,299,299,302,295,294,300,299,299,284,291,309,323,334,335
10466,Sale,361,103,108,108,110,111,115,116,112,118,120,121,115,109,111,138,137,137,140,147,150,159,163,175,185,195,201,212,213,218,225,234,237,247,249,259,257,273,276,279,281,289,299,300,303,309,314,320,326,333,338,337,351,358,344,344,367,364,361,369,375,375,364,357,364,350,355,353,363,357,366,364,366
10467,Sale,321,101,107,106,109,110,113,115,110,117,119,119,113,107,109,136,136,135,138,145,149,157,161,173,183,193,200,210,211,217,223,233,235,245,247,257,255,271,274,278,279,287,297,298,301,298,317,304,305,314,317,311,323,330,332,327,311,316,317,316,317,314,303,317,313,322,320,328,327,326,326,331,330
10468,Sale,187,121,127,126,129,130,133,135,130,137,139,139,135,137,137,145,146,163,158,159,147,139,155,155,154,153,153,153,154,152,151,149,138,134,147,147,151,154,147,151,151,146,143,149,145,146,146,147,154,149,149,149,146,144,140,141,143,152,163,170,173,173,173,174,175,174,175,193,192,193,198,209,213
10469,Sale,276,119,124,124,126,127,130,132,127,134,136,137,131,125,127,154,153,153,156,163,166,174,178,191,200,211,217,228,229,227,222,221,214,225,238,244,242,240,227,223,230,238,245,238,241,240,235,241,246,241,237,234,244,237,239,241,252,261,258,258,275,289,281,282,263,264,272,268,285,273,269,287,283
10470,Sale,289,134,133,127,134,137,138,135,128,143,149,153,137,143,141,169,163,157,158,181,181,193,194,191,213,219,231,241,242,239,227,227,224,238,249,251,253,254,239,225,249,256,246,245,247,245,246,251,253,253,257,242,250,247,242,257,266,265,261,270,276,289,299,289,269,277,282,281,291,274,281,295,287
10471,Sale,293,310,333,338,338,339,342,309,312,312,304,296,270,261,267,271,259,260,257,259,265,262,262,250,245,245,246,244,250,249,245,266,271,269,268,282,272,277,282,277,272,260,253,260,262,269,284,285,286,284,281,281,279,289,302,300,300,304,306,300,292,300,298,299,300,301,291,285,278,296,285,291,290
10472,Sale,279,131,129,132,131,134,139,136,132,144,150,139,138,133,139,156,163,154,157,163,178,181,186,192,212,222,231,232,230,233,228,227,223,235,248,247,244,251,239,227,231,251,257,240,253,242,236,245,253,245,250,247,246,244,244,253,263,271,269,272,278,291,290,289,265,271,279,283,286,276,276,299,297
10473,Sale,257,155,161,160,163,164,167,169,164,171,173,174,168,162,164,191,190,190,193,200,203,211,215,227,237,233,249,240,232,230,228,242,246,251,261,251,246,242,245,247,257,249,245,236,236,241,244,242,239,239,228,244,246,219,219,229,235,236,244,243,260,260,260,245,245,246,262,261,260,260,260,267,263
10474,Sale,272,115,116,122,120,124,129,130,122,126,135,133,129,115,123,148,150,152,147,163,164,171,177,191,191,202,212,226,223,226,221,221,207,223,237,242,234,235,218,219,226,230,238,235,239,239,231,237,236,233,229,233,243,231,230,238,248,255,248,253,270,287,280,277,256,254,262,261,277,264,268,279,276
10475,Sale,257,108,124,105,119,116,123,129,121,134,134,129,117,124,116,147,146,135,139,157,159,169,170,180,187,198,198,219,213,209,209,219,200,219,235,240,233,226,223,220,228,228,238,229,225,226,235,239,230,224,226,214,236,225,220,226,246,255,250,254,258,269,279,264,248,246,272,263,273,259,261,277,264
11001,Sale,1596,1209,1215,1215,1217,1230,1233,1242,1229,1239,1240,1245,1233,1232,1232,1258,1260,1253,1255,1277,1280,1280,1294,1305,1323,1336,1347,1376,1366,1382,1397,1412,1411,1429,1420,1449,1441,1474,1471,1487,1479,1496,1510,1503,1508,1533,1529,1540,1558,1556,1570,1590,1593,1628,1634,1590,1595,1563,1566,1571,1603,1599,1600,1591,1594,1602,1602,1598,1586,1586,1587,1596,1582
11004,Sale,1594,1217,1213,1225,1225,1225,1239,1234,1225,1235,1234,1236,1228,1232,1234,1256,1263,1264,1264,1279,1273,1283,1290,1312,1325,1340,1343,1370,1371,1382,1398,1407,1409,1430,1420,1452,1442,1466,1476,1484,1479,1501,1508,1515,1520,1520,1520,1541,1547,1565,1578,1589,1597,1638,1624,1580,1599,1564,1563,1577,1594,1590,1594,1600,1606,1599,1592,1603,1581,1584,1581,1591,1587
11005,Sale,1588,1197,1217,1212,1216,1214,1219,1238,1216,1230,1233,1236,1233,1223,1217,1251,1248,1250,1255,1269,1275,1270,1287,1292,1315,1337,1346,1356,1363,1373,1382,1397,1403,1415,1411,1434,1438,1459,1470,1469,1468,1491,1508,1504,1504,1510,1523,1534,1547,1547,1567,1578,1595,1629,1616,1577,1587,1554,1565,1567,1583,1590,1589,1588,1587,1596,1579,1584,1573,1567,1580,1575,1575
11040,Sale,1587,1211,1216,1217,1224,1225,1225,1233,1213,1227,1237,1231,1225,1214,1222,1255,1249,1254,1253,1260,1271,1282,1288,1301,1316,1333,1338,1366,1366,1382,1387,1399,1406,1420,1417,1441,1427,1470,1469,1472,1476,1495,1507,1500,1513,1525,1523,1533,1550,1554,1571,1571,1589,1619,1617,1580,1589,1551,1561,1574,1593,1585,1592,1589,1585,1588,1590,1588,1585,1576,1569,1579,1574
11096,Sale,1581,1200,1209,1209,1222,1219,1230,1226,1215,1227,1228,1226,1220,1220,1228,1259,1259,1243,1254,1269,1270,1278,1280,1298,1310,1337,1337,1360,1367,1377,1393,1403,1399,1421,1408,1444,1440,1466,1462,1477,1476,1486,1501,1495,1513,1510,1511,1537,1548,1557,1561,1572,1587,1622,1615,1583,1592,1559,1558,1563,1587,1586,1586,1584,1588,1589,1579,1596,1585,1574,1578,1573,1575
11101,Sale,1172,680,680,680,680,711,718,706,712,715,720,723,703,701,709,737,730,746,744,779,794,799,820,827,824,864,912,913,912,911,914,908,912,940,899,955,971,979,990,1000,997,1015,993,1035,1020,1034,1037,1056,1049,1082,1088,1112,1101,1105,1106,1112,1129,1128,1132,1137,1138,1143,1143,1157,1161,1157,1163,1179,1182,1185,1197,1196,1197
11102,Sale,1581,1208,1218,1216,1221,1216,1232,1225,1224,1238,1238,1226,1234,1219,1222,1258,1252,1249,1252,1264,1276,1271,1282,1306,1315,1333,1343,1362,1367,1377,1386,1393,1395,1418,1405,1436,1440,1465,1461,1472,1481,1488,1509,1500,1506,1522,1521,1537,1541,1548,1565,1572,1590,1623,1623,1575,1587,1561,1557,1567,1580,1588,1583,1588,1587,1585,1592,1583,1581,1576,1582,1588,1580
11103,Sale,1581,1199,1216,1209,1213,1214,1226,1227,1224,1236,1238,1235,1227,1219,1220,1252,1253,1243,1259,1266,1268,1276,1282,1304,1324,1339,1348,1366,1368,1371,1389,1407,1401,1413,1406,1433,1432,1462,1471,1478,1480,1494,1504,1492,1502,1518,1511,1532,1544,1545,1562,1570,1586,1618,1623,1583,1592,1555,1559,1574,1590,1595,1580,1588,1586,1592,1583,1585,1574,1575,1570,1581,1585
11104,Sale,1586,1201,1215,1216,1222,1219,1222,1233,1213,1237,1233,1230,1230,1219,1221,1253,1249,1246,1250,1268,1272,1282,1283,1302,1323,1338,1346,1364,1361,1383,1388,1396,1405,1418,1416,1443,1440,1459,1465,1472,1480,1492,1495,1497,1503,1512,1522,1527,1547,1554,1574,1578,1592,1629,1611,1580,1583,1563,1557,1573,1588,1595,1589,1593,1597,1594,1582,1583,1576,1576,1573,1580,1586
11105,Sale,1588,1208,1220,1206,1225,1223,1231,1234,1213,1225,1231,1226,1225,1226,1229,1253,1252,1255,1262,1272,1273,1279,1284,1296,1312,1333,1343,1370,1356,1372,1390,1406,1407,1417,1408,1437,1427,1470,1466,1474,1474,1496,1506,1506,1513,1524,1514,1537,1539,1553,1573,1582,1594,1619,1626,1584,1585,1556,1561,1575,1588,1583,1588,1596,1591,1586,1588,1588,1579,1568,1577,1573,1583
11106,Sale,1586,1195,1211,1209,1217,1222,1225,1232,1221,1223,1225,1224,1228,1216,1222,1250,1245,1249,1255,1264,1273,1280,1282,1301,1322,1324,1338,1358,1355,1381,1377,1397,1404,1418,1415,1433,1431,1464,1468,1465,1475,1493,1500,1503,1499,1520,1513,1522,1537,1553,1571,1568,1581,1620,1608,1577,1591,1561,1550,1562,1590,1587,1589,1588,1585,1593,1588,1582,1575,1573,1580,1578,1581
11109,Sale,1580,1201,1215,1205,1214,1221,1220,1226,1212,1228,1227,1225,1226,1208,1219,1243,1252,1248,1257,1259,1262,1270,1276,1290,1312,1324,1347,1357,1360,1372,1383,1402,1393,1417,1413,1433,1429,1462,1471,1465,1470,1485,1503,1501,1497,1509,1520,1525,1538,1557,1569,1567,1588,1626,1615,1569,1591,1550,1554,1571,1583,1587,1577,1587,1585,1590,1581,1593,1578,1570,1568,1583,1581
11201,Sale,1356,730,746,745,759,758,758,773,767,786,800,814,809,808,819,831,843,854,847,851,851,862,874,908,912,963,993,930,941,953,953,978,982,982,1003,1046,1078,1106,1136,1155,1168,1207,1261,1254,1270,1280,1314,1325,1332,1357,1332,1343,1360,1353,1354,1356,1348,1336,1329,1336,1339,1338,1347,1351,1356,1360,1385,1384,1385,1362,1370,1323,1318
11203,Sale,339,135,141,140,143,144,147,149,144,151,153,153,147,142,144,170,170,169,173,180,183,191,195,207,217,227,234,244,250,252,254,251,255,259,256,270,250,268,270,266,277,249,262,260,251,257,279,285,288,287,290,290,289,295,300,298,300,300,300,310,306,313,320,311,321,347,340,356,355,352,352,352,347
11204,Sale,603,352,358,357,360,361,364,366,361,368,370,370,364,359,360,387,387,386,389,396,400,408,412,424,434,444,451,461,462,468,474,484,486,496,498,508,468,513,512,513,523,523,523,536,541,510,557,557,524,524,559,565,583,622,617,646,617,540,596,576,633,594,579,582,552,576,593,611,651,653,600,617,633
11205,Sale,872,531,537,536,539,540,543,545,540,547,549,549,543,538,540,566,566,565,569,576,521,537,552,552,543,544,576,571,571,608,610,626,655,644,700,659,631,648,675,717,732,744,744,744,744,760,758,721,721,743,751,781,785,790,814,842,840,824,775,886,879,877,874,868,848,832,868,866,875,889,889,896,887
11206,Sale,1586,1200,1215,1204,1207,1215,1219,1231,1210,1226,1227,1229,1219,1210,1223,1248,1250,1247,1245,1260,1269,1276,1281,1300,1310,1334,1339,1358,1354,1376,1385,1400,1405,1410,1410,1428,1430,1469,1457,1475,1471,1485,1492,1502,1508,1516,1511,1535,1540,1545,1557,1574,1584,1620,1618,1569,1581,1553,1561,1565,1589,1578,1579,1580,1587,1593,1591,1594,1582,1570,1567,1577,1571
11207,Sale,350,131,137,136,138,139,143,145,140,146,149,149,143,137,139,166,165,165,168,175,178,187,191,203,213,223,229,240,243,248,247,246,245,289,290,290,290,292,300,297,290,295,294,295,300,307,307,311,312,310,312,331,332,332,336,341,347,343,350,348,348,350,350,355,358,357,342,350,338,348,349,359,344
11208,Sale,367,140,146,145,148,149,152,154,149,156,158,158,152,147,149,176,175,174,178,185,188,196,200,212,222,232,239,249,242,242,239,249,238,253,263,268,272,266,268,275,275,279,274,284,284,265,260,280,289,284,284,291,307,283,288,291,303,336,366,347,367,365,364,366,365,362,347,350,349,383,384,383,387
11209,Sale,560,338,332,323,323,327,323,331,332,334,331,336,341,328,321,322,322,335,341,341,345,361,363,366,356,360,359,369,366,366,367,366,368,388,393,398,398,386,408,403,400,409,409,428,428,430,433,447,458,469,496,495,496,510,503,511,510,523,503,521,510,507,522,530,532,558,560,580,560,587,597,591,599
11210,Sale,439,182,187,187,189,190,194,195,190,197,199,200,194,188,190,217,216,216,219,226,229,238,242,254,263,274,280,291,296,289,279,288,286,308,306,317,315,300,316,314,312,302,311,311,314,351,373,367,376,390,390,423,425,421,408,416,419,422,419,429,423,414,410,387,391,433,473,450,465,445,471,467,466
11211,Sale,1248,744,749,749,751,752,756,757,753,759,761,762,756,750,752,779,778,778,781,788,791,800,804,816,826,836,842,853,869,860,941,1035,1096,1020,1058,1002,999,1071,1093,1096,1087,1111,1124,1102,1156,1154,1208,1200,1225,1247,1250,1250,1256,1289,1285,1250,1250,1263,1251,1250,1247,1224,1221,1218,1213,1232,1261,1281,1280,1250,1250,1254,1286
11212,Sale,1552,1178,1185,1179,1193,1196,1203,1208,1191,1210,1202,1204,1199,1194,1198,1219,1232,1217,1222,1233,1240,1248,1256,1269,1290,1300,1321,1341,1327,1341,1358,1374,1368,1391,1385,1401,1398,1437,1435,1437,1438,1454,1467,1469,1480,1492,1487,1504,1508,1517,1541,1540,1562,1597,1588,1543,1561,1526,1523,1535,1551,1560,1550,1565,1566,1560,1553,1568,1547,1540,1549,1558,1551
11213,Sale,1543,1173,1171,1176,1186,1182,1189,1196,1180,1200,1197,1194,1186,1179,1185,1221,1222,1217,1215,1238,1229,1243,1253,1268,1275,1291,1302,1331,1325,1346,1345,1357,1358,1383,1373,1406,1394,1429,1435,1435,1432,1450,1458,1463,1462,1484,1480,1489,1504,1509,1522,1537,1552,1589,1575,1534,1558,1514,1521,1533,1547,1550,1550,1552,1547,1556,1545,1558,1542,1533,1544,1548,1550
11214,Sale,531,334,335,344,351,355,360,330,320,321,317,323,306,324,329,371,376,377,389,376,389,389,391,385,389,389,395,399,394,391,391,381,392,418,418,418,413,446,457,465,468,481,497,498,484,492,464,475,470,466,459,501,502,489,514,501,503,507,509,501,462,483,510,526,526,530,537,537,525,526,523,556,593
11215,Sale,1166,657,661,663,663,669,665,695,699,724,703,736,743,695,697,761,731,744,784,796,752,821,819,838,837,815,820,837,849,865,904,881,881,911,906,922,913,949,937,942,912,926,963,950,1003,1005,982,982,982,1004,1001,1012,1022,1009,1008,999,1048,1044,1023,1062,1061,1128,1136,1126,1163,1176,1213,1208,1178,1188,1178,1183,1118
11216,Sale,840,499,505,504,506,507,511,513,508,514,517,517,511,505,507,534,533,533,536,543,546,555,559,571,581,591,597,608,609,615,621,630,633,643,645,655,653,669,672,675,677,685,695,696,699,706,710,716,722,729,736,742,750,750,717,701,794,789,821,822,822,823,807,764,756,715,769,848,868,896,949,949,940
11217,Sale,1290,625,625,625,625,625,625,625,625,625,624,630,630,625,608,626,612,609,646,750,768,783,825,833,831,776,796,808,795,814,838,886,931,927,956,969,973,1002,973,992,983,1002,1019,1044,1043,1022,1024,1009,992,1000,1054,1130,1141,1224,1223,1160,1224,1188,1178,1198,1234,1250,1260,1263,1265,1282,1289,1292,1302,1315,1316,1315,1336
11218,Sale,687,421,427,426,429,430,433,435,430,437,439,439,433,428,430,457,456,455,459,466,469,477,481,493,503,513,520,530,531,537,543,553,555,566,567,577,576,591,594,598,600,608,617,619,622,628,633,638,644,652,658,665,672,688,688,674,685,664,618,624,655,663,699,664,656,699,709,698,716,705,696,672,673
11219,Sale,1533,1157,1165,1152,1160,1173,1168,1184,1169,1180,1175,1186,1173,1168,1173,1193,1196,1202,1194,1204,1221,1226,1229,1240,1261,1273,1287,1312,1302,1317,1326,1348,1337,1368,1350,1386,1380,1404,1409,1413,1413,1438,1442,1438,1448,1461,1461,1473,1482,1491,1513,1522,1533,1556,1554,1518,1532,1493,1498,1515,1525,1526,1521,1528,1533,1539,1531,1534,1528,1519,1519,1529,1522
11220,Sale,685,417,423,422,425,426,429,431,426,433,435,435,429,424,426,452,452,451,455,462,465,473,477,489,499,509,516,526,527,533,539,549,551,561,563,573,572,587,590,594,595,603,613,614,618,624,628,634,640,647,654,661,668,684,684,670,681,669,659,682,682,692,683,687,738,707,684,685,674,645,674,672,682
11221,Sale,1519,1145,1151,1147,1158,1164,1174,1165,1161,1178,1168,1170,1167,1163,1165,1188,1191,1183,1198,1209,1207,1218,1223,1239,1253,1276,1286,1304,1300,1319,1324,1341,1341,1353,1352,1369,1376,1399,1404,1404,1405,1426,1436,1433,1433,1446,1460,1460,1482,1491,1497,1508,1518,1555,1544,1514,1517,1492,1493,1511,1516,1522,1523,1518,1520,1525,1517,1532,1511,1506,1520,1526,1525
11222,Sale,1178,700,706,705,708,709,712,714,709,716,718,718,712,707,709,736,735,734,738,745,748,778,800,801,805,812,808,819,803,803,806,843,905,891,882,844,862,861,870,936,948,976,1020,1000,1012,992,1004,987,1022,1027,1044,1032,1042,1080,1130,1104,1124,1140,1133,1117,1110,1108,1120,1104,1150,1167,1161,1197,1201,1205,1213,1253,1254
11223,Sale,582,250,255,255,257,258,261,263,258,265,267,268,262,256,258,285,284,284,287,294,297,305,309,322,331,342,348,359,359,365,372,381,383,394,395,406,404,420,423,426,428,436,445,447,450,456,461,466,472,480,486,493,501,517,516,493,508,494,521,548,582,594,595,589,582,574,577,581,592,583,570,570,577
11224,Sale,404,311,323,312,327,312,312,327,327,333,304,300,308,295,300,325,312,312,316,314,305,309,314,319,313,316,319,312,312,313,319,332,312,315,341,338,340,345,359,362,360,376,377,378,380,380,388,387,385,400,392,388,399,400,380,389,384,378,379,385,399,401,399,401,403,399,405,399,405,407,406,409,416
11225,Sale,795,424,430,429,432,433,436,438,433,440,442,442,436,431,432,459,459,458,461,468,472,480,484,496,506,516,523,533,534,540,546,556,558,568,570,580,579,594,597,601,602,610,620,621,625,631,635,641,606,617,636,666,624,620,620,599,645,692,710,750,849,807,807,802,796,802,807,807,807,780,765,768,787
11226,Sale,1503,1138,1146,1148,1151,1153,1150,1165,1141,1155,1155,1156,1157,1142,1159,1188,1179,1182,1181,1195,1191,1209,1209,1235,1249,1262,1265,1287,1285,1306,1308,1325,1324,1350,1344,1365,1359,1391,1390,1401,1394,1407,1420,1425,1424,1435,1445,1449,1460,1467,1482,1502,1514,1536,1534,1502,1518,1489,1483,1492,1517,1510,1509,1507,1516,1514,1510,1520,1505,1506,1510,1506,1506
11228,Sale,639,383,382,377,375,383,367,366,375,351,350,350,385,390,383,406,412,398,404,396,396,392,403,403,416,428,405,437,465,468,486,486,469,462,501,468,476,476,476,477,477,489,510,528,521,540,524,543,553,539,603,544,541,542,555,542,552,591,598,602,608,621,642,650,641,639,635,637,638,639,635,647,651
11229,Sale,570,230,235,234,237,238,241,243,238,245,247,248,242,236,238,265,264,264,267,274,277,285,289,302,311,321,328,339,336,320,288,308,306,296,307,303,294,290,304,300,311,304,336,364,391,406,402,400,414,411,413,416,437,422,429,454,455,463,464,478,475,475,459,518,548,602,596,608,619,613,603,613,582
11230,Sale,555,152,157,157,159,160,164,165,161,167,170,170,164,158,160,187,186,186,189,196,199,208,212,224,234,244,250,261,262,268,274,283,286,296,298,308,306,322,325,328,330,338,348,349,352,359,363,369,375,382,389,395,403,419,411,476,472,472,489,521,540,549,541,575,563,552,538,543,562,531,537,583,590
11231,Sale,1001,677,677,688,690,689,686,637,658,674,702,693,675,663,654,668,708,743,725,755,766,864,869,867,879,887,922,922,900,887,930,930,936,954,933,1000,970,1018,1000,1000,1000,1000,1000,1000,1000,1038,1045,1025,1000,1000,1000,1000,1000,1000,1000,1000,1000,1000,1000,1000,1000,1000,1008,1002,1000,1000,1000,1000,1000,1000,1000,1000,1000
11232,Sale,728,511,517,516,519,520,523,525,520,527,529,530,524,518,520,547,546,545,549,556,559,567,571,583,593,603,610,620,621,627,634,643,645,656,657,667,666,681,684,688,690,698,707,709,712,718,723,728,734,742,748,755,763,779,778,764,775,763,768,769,741,736,734,735,715,727,760,736,716,745,706,713,714
11233,Sale,549,198,204,203,205,206,210,211,207,213,216,216,210,204,206,233,232,232,235,242,245,254,258,270,280,290,296,307,308,314,320,329,332,342,344,354,352,368,371,374,376,384,394,395,398,405,409,415,421,428,435,441,449,465,464,461,467,446,444,445,436,506,530,514,541,505,510,546,596,576,593,575,595
11234,Sale,443,321,323,322,322,322,331,331,328,331,330,330,325,324,317,358,357,351,349,353,362,371,373,368,365,370,377,378,375,372,359,367,373,370,368,378,378,377,377,369,376,370,376,377,376,375,376,381,384,395,404,404,407,405,409,413,422,419,422,423,426,423,437,438,422,426,434,440,454,454,463,464,463
11235,Sale,565,333,347,339,354,315,349,339,334,338,375,388,367,362,355,363,362,362,348,343,349,345,342,356,362,387,391,390,396,403,403,403,405,408,422,420,433,445,445,433,437,447,451,468,479,495,511,538,536,529,521,511,514,533,524,521,525,526,518,529,553,559,552,552,552,546,557,561,571,582,583,579,590
11236,Sale,360,202,208,207,210,211,214,216,211,218,220,221,215,209,211,238,237,236,240,247,250,258,262,274,284,294,301,311,310,301,310,310,310,310,310,310,310,301,303,299,300,301,298,302,305,308,307,308,309,307,307,312,310,308,308,310,315,327,348,353,359,369,357,359,342,343,352,362,368,371,378,360,360
11237,Sale,1473,1096,1111,1110,1105,1110,1113,1117,1118,1126,1120,1128,1113,1111,1111,1145,1147,1142,1146,1154,1163,1164,1177,1194,1205,1224,1226,1258,1254,1263,1267,1287,1292,1301,1301,1320,1325,1347,1342,1357,1351,1376,1385,1389,1386,1404,1407,1410,1425,1427,1452,1451,1468,1494,1497,1462,1471,1437,1443,1458,1467,1472,1476,1478,1477,1481,1479,1474,1465,1467,1469,1469,1476
11238,Sale,1266,541,540,510,508,507,507,509,510,521,570,578,581,591,606,623,619,636,633,613,631,654,654,734,720,746,750,727,730,733,747,773,766,766,793,777,769,793,813,834,848,851,862,851,883,887,891,985,1028,1003,1027,1027,1033,1150,1176,1089,1207,1116,1153,1162,1155,1179,1236,1238,1266,1265,1284,1279,1285,1267,1294,1300,1300
11239,Sale,1466,1094,1090,1091,1099,1107,1110,1112,1103,1116,1111,1120,1115,1100,1103,1134,1140,1127,1142,1142,1159,1154,1173,1190,1197,1218,1228,1238,1246,1257,1270,1269,1279,1299,1293,1310,1301,1334,1336,1347,1340,1361,1378,1368,1372,1383,1395,1404,1408,1415,1441,1445,1454,1481,1478,1448,1457,1431,1426,1436,1464,1465,1460,1467,1460,1464,1464,1464,1452,1446,1458,1454,1458
11251,Sale,1456,1080,1091,1086,1095,1104,1103,1103,1100,1106,1117,1114,1102,1101,1097,1132,1128,1135,1137,1151,1151,1159,1168,1181,1200,1213,1221,1244,1237,1245,1255,1274,1273,1284,1279,1311,1308,1333,1340,1341,1342,1363,1366,1366,1366,1391,1393,1389,1410,1413,1430,1445,1458,1484,1478,1445,1448,1429,1434,1440,1462,1460,1452,1452,1460,1459,1462,1456,1459,1456,1455,1457,1456
11354,Sale,1450,1080,1091,1085,1094,1101,1099,1109,1092,1109,1104,1112,1103,1093,1101,1133,1129,1126,1132,1140,1143,1154,1158,1174,1193,1201,1218,1226,1226,1249,1252,1272,1272,1283,1278,1294,1293,1319,1335,1340,1342,1346,1365,1362,1365,1376,1378,1390,1403,1413,1417,1436,1443,1473,1473,1432,1453,1416,1416,1435,1451,1443,1445,1449,1459,1448,1448,1453,1449,1450,1439,1454,1444
11355,Sale,656,423,428,428,430,431,435,436,431,438,440,441,435,429,431,458,457,457,460,467,470,478,483,495,504,515,521,532,533,538,545,554,557,567,568,579,577,593,596,599,601,609,618,620,623,629,634,639,645,653,659,666,674,695,650,650,645,595,620,614,654,624,645,647,622,609,601,592,647,709,728,730,723
11356,Sale,480,143,149,148,151,152,155,157,152,159,161,161,155,150,152,179,178,177,181,188,191,199,203,215,225,235,242,252,253,259,265,275,277,288,289,299,298,313,316,320,322,330,339,340,344,350,355,360,366,373,380,387,394,410,410,475,486,463,490,460,466,481,469,481,457,456,440,473,486,523,494,499,500
11357,Sale,548,313,322,316,305,296,287,287,296,310,306,310,306,305,284,319,319,312,308,302,304,333,340,364,363,370,333,328,325,306,315,335,369,384,399,405,437,435,433,438,405,397,412,383,377,385,419,405,437,458,456,467,504,518,507,510,510,500,538,537,542,516,522,539,488,539,545,580,581,567,562,566,568
11358,Sale,572,388,392,391,373,371,374,376,380,371,352,364,366,359,346,373,371,359,366,373,396,394,395,396,396,416,424,432,437,440,439,432,442,458,473,479,485,479,485,472,481,483,484,478,473,492,492,492,494,500,504,490,539,536,538,524,525,549,551,549,549,560,562,566,563,581,586,570,560,571,575,573,593
11359,Sale,1452,1073,1082,1079,1087,1094,1097,1098,1093,1100,1098,1106,1093,1090,1093,1127,1127,1123,1133,1133,1143,1155,1150,1169,1184,1200,1219,1225,1228,1244,1249,1260,1270,1280,1283,1306,1296,1324,1332,1330,1330,1343,1356,1360,1372,1375,1375,1390,1407,1414,1423,1435,1438,1466,1475,1437,1451,1421,1416,1437,1453,1457,1452,1445,1460,1446,1453,1459,1449,1449,1444,1456,1442
11360,Sale,526,381,366,366,344,319,322,350,356,351,351,357,366,387,359,377,365,379,368,376,374,372,392,438,438,428,401,387,387,392,375,364,362,380,387,376,354,409,419,424,449,466,499,517,489,488,490,473,474,526,532,516,527,532,500,503,506,542,545,519,557,566,555,533,498,461,487,517,518,563,591,536,487
11361,Sale,561,388,367,367,362,367,366,359,366,376,358,373,353,353,336,393,389,384,376,403,426,411,395,410,415,415,396,452,458,437,463,483,480,493,516,517,496,498,502,499,502,509,473,463,498,491,489,499,506,511,487,479,480,465,465,485,485,491,522,521,519,534,561,557,546,545,553,566,559,553,584,569,598
11362,Sale,534,305,311,310,313,314,317,319,314,321,323,323,317,312,313,340,340,339,342,349,353,361,365,377,387,397,404,414,415,421,427,437,439,443,438,453,472,483,471,423,429,456,486,487,487,499,481,481,485,486,488,509,532,506,508,521,521,505,508,507,515,516,522,530,547,532,523,528,545,546,541,537,545
11363,Sale,1432,1066,1066,1069,1075,1075,1082,1085,1081,1083,1089,1085,1089,1079,1084,1104,1107,1108,1114,1115,1120,1140,1148,1162,1177,1189,1187,1218,1219,1227,1237,1244,1248,1269,1256,1278,1280,1312,1303,1314,1313,1337,1345,1344,1344,1353,1360,1365,1378,1396,1400,1407,1430,1454,1453,1419,1437,1395,1400,1419,1428,1426,1425,1427,1438,1431,1436,1440,1429,1419,1430,1425,1432
11364,Sale,509,291,297,296,298,300,303,305,300,307,309,309,303,297,299,326,326,325,328,335,339,347,351,363,373,383,390,400,401,407,413,422,425,435,437,447,445,461,464,467,469,477,487,488,491,498,502,508,514,521,528,534,542,558,558,543,555,543,548,546,543,530,487,453,453,484,494,534,541,534,520,539,531
11365,Sale,584,392,392,381,382,396,381,371,370,374,383,398,394,389,393,412,412,396,406,371,397,394,388,388,442,459,457,460,488,473,443,436,429,449,465,462,433,428,428,481,476,477,465,488,476,491,515,513,504,516,503,523,503,523,511,530,541,537,561,547,536,548,550,572,599,567,559,596,621,600,591,596,605
11366,Sale,1424,1054,1070,1068,1069,1069,1075,1071,1063,1082,1074,1079,1082,1075,1072,1101,1105,1102,1106,1116,1120,1126,1140,1149,1167,1175,1185,1210,1202,1211,1225,1246,1244,1251,1257,1278,1275,1300,1299,1308,1308,1322,1340,1339,1344,1344,1348,1367,1380,1375,1392,1406,1422,1451,1434,1401,1417,1395,1388,1397,1428,1419,1417,1420,1424,1425,1426,1434,1423,1422,1419,1421,1429
11367,Sale,446,185,191,190,192,193,197,199,194,200,203,203,197,191,193,220,219,219,222,229,232,241,245,257,267,277,283,294,295,301,307,316,319,329,331,341,339,355,358,361,363,371,381,382,385,392,396,402,408,415,422,428,436,452,452,437,449,437,441,447,437,433,419,431,392,347,397,447,477,488,490,502,533
11368,Sale,520,253,258,258,260,261,264,266,261,268,270,271,265,259,261,288,287,287,290,297,300,308,312,325,334,344,351,362,362,368,375,384,386,397,398,409,407,423,426,429,431,439,448,450,453,459,464,469,475,483,489,496,504,520,519,505,516,504,509,503,477,472,507,510,495,517,501,534,544,513,544,545,552
11369,Sale,1410,1052,1061,1049,1055,1055,1061,1074,1059,1074,1070,1074,1067,1054,1060,1101,1088,1089,1099,1107,1114,1117,1122,1137,1161,1164,1172,1191,1194,1206,1212,1227,1235,1253,1247,1269,1260,1292,1296,1305,1303,1321,1326,1327,1332,1338,1342,1358,1370,1367,1387,1390,1401,1438,1434,1400,1414,1382,1388,1397,1413,1414,1410,1415,1422,1420,1411,1424,1410,1415,1414,1417,1418
11370,Sale,1415,1052,1049,1055,1063,1061,1065,1074,1059,1067,1071,1072,1065,1058,1060,1093,1097,1082,1086,1105,1111,1118,1119,1141,1153,1170,1173,1197,1193,1209,1213,1222,1229,1245,1241,1255,1265,1282,1289,1290,1294,1310,1321,1321,1333,1333,1337,1356,1354,1369,1381,1388,1409,1437,1423,1397,1414,1373,1385,1385,1414,1415,1416,1407,1417,1407,1410,1413,1408,1404,1411,1411,1410
11371,Sale,1416,1049,1046,1050,1055,1057,1071,1071,1059,1066,1068,1074,1060,1059,1055,1088,1097,1084,1098,1107,1104,1114,1118,1138,1151,1166,1170,1198,1199,1207,1211,1226,1234,1239,1248,1262,1254,1280,1292,1294,1298,1306,1325,1317,1320,1333,1345,1344,1367,1370,1380,1385,1405,1426,1424,1388,1410,1378,1388,1390,1405,1410,1416,1413,1410,1420,1418,1420,1416,1402,1400,1415,1406
11372,Sale,490,159,164,164,166,167,171,172,168,174,176,177,171,165,167,194,193,193,196,203,206,215,219,231,241,251,257,268,269,274,281,290,293,303,305,315,313,329,332,335,337,345,355,356,359,365,370,376,382,389,396,402,410,426,425,411,422,411,424,439,447,471,485,480,477,474,483,484,487,519,510,509,498
11373,Sale,1399,1038,1045,1049,1043,1047,1049,1057,1053,1055,1066,1057,1056,1051,1047,1076,1086,1074,1084,1095,1093,1111,1109,1128,1139,1155,1168,1184,1189,1190,1209,1215,1226,1230,1228,1259,1255,1280,1282,1282,1284,1296,1308,1314,1311,1335,1328,1348,1354,1360,1380,1376,1390,1422,1424,1390,1400,1373,1375,1384,1402,1403,1393,1406,1398,1410,1407,1402,1401,1396,1398,1397,1407
11374,Sale,423,163,169,168,171,172,175,177,172,179,181,181,175,170,172,199,198,197,201,208,211,219,223,235,245,255,262,272,273,279,285,295,297,308,309,319,318,333,336,340,342,350,359,361,364,370,353,377,416,460,449,427,421,407,401,402,392,400,400,398,394,400,410,401,395,409,425,411,421,440,440,460,462
11375,Sale,492,296,298,297,290,280,281,280,299,299,305,299,304,304,311,314,299,308,317,310,308,310,317,323,323,331,320,325,324,311,305,323,355,365,376,367,374,372,367,365,367,371,399,411,373,386,428,422,439,447,453,442,445,430,439,450,451,452,460,466,440,447,456,444,465,472,485,497,499,518,540,521,556
11377,Sale,497,323,329,328,331,332,335,337,332,339,341,341,335,329,331,358,358,363,380,375,341,339,317,336,319,324,321,333,337,340,338,326,342,342,354,381,405,374,395,347,386,389,407,447,380,356,393,411,431,435,448,464,454,468,497,510,510,512,504,481,467,493,497,476,492,480,472,480,502,506,517,524,519
11378,Sale,1397,1030,1034,1039,1040,1044,1052,1058,1048,1059,1060,1058,1051,1042,1042,1073,1085,1082,1081,1085,1095,1107,1117,1131,1147,1154,1165,1188,1188,1189,1201,1214,1221,1230,1234,1246,1246,1266,1282,1277,1279,1300,1305,1310,1321,1330,1333,1340,1346,1352,1375,1383,1386,1414,1416,1378,1399,1367,1367,1379,1393,1390,1392,1399,1402,1402,1391,1408,1390,1389,1386,1393,1403
11379,Sale,530,325,331,330,332,334,337,339,334,341,343,343,337,331,333,360,360,359,362,369,373,381,385,397,407,417,424,434,435,441,447,441,398,381,388,405,407,405,421,425,447,470,467,466,451,439,425,439,447,457,444,471,475,471,444,474,419,452,456,455,466,449,513,547,554,548,551,524,529,530,530,537,552
11385,Sale,483,190,196,195,198,199,202,204,199,206,208,208,202,197,199,226,225,224,228,235,238,246,250,262,272,282,289,299,326,316,336,353,348,382,382,382,373,374,393,372,385,413,426,408,377,393,402,389,398,410,411,421,413,453,472,483,484,472,472,471,482,482,489,486,493,487,474,481,480,484,480,477,477
11411,Sale,1394,1028,1027,1030,1036,1036,1047,1052,1034,1050,1053,1048,1048,1042,1045,1071,1078,1071,1075,1076,1083,1099,1108,1111,1131,1146,1148,1179,1167,1180,1185,1200,1210,1229,1227,1235,1241,1264,1273,1271,1276,1288,1298,1299,1309,1312,1322,1322,1343,1342,1368,1374,1374,1403,1408,1367,1385,1357,1360,1364,1386,1380,1392,1392,1392,1396,1389,1389,1388,1376,1388,1392,1389
11412,Sale,1388,1026,1032,1024,1039,1029,1047,1051,1033,1050,1054,1052,1049,1032,1040,1064,1063,1061,1065,1078,1081,1087,1105,1119,1125,1149,1145,1164,1174,1178,1188,1196,1209,1226,1212,1234,1230,1257,1256,1263,1278,1284,1293,1298,1304,1309,1318,1328,1332,1349,1349,1370,1383,1406,1401,1369,1380,1349,1351,1366,1387,1378,1388,1389,1380,1382,1387,1383,1376,1378,1385,1393,1380
11413,Sale,1391,1028,1024,1032,1032,1033,1041,1045,1036,1039,1045,1054,1042,1035,1037,1062,1069,1064,1077,1079,1079,1097,1095,1117,1128,1137,1150,1172,1163,1181,1188,1194,1202,1221,1215,1238,1235,1260,1269,1266,1272,1290,1299,1293,1295,1315,1309,1318,1340,1342,1357,1361,1378,1408,1403,1365,1378,1358,1357,1368,1387,1381,1391,1385,1392,1394,1380,1393,1383,1377,1380,1389,1378
11414,Sale,308,258,263,263,265,266,269,271,266,273,275,276,270,264,266,275,264,264,272,273,286,292,287,288,275,269,276,278,278,273,271,273,271,272,287,286,285,278,257,264,294,288,284,289,295,293,307,294,300,307,314,310,308,310,312,317,312,325,312,303,304,290,292,295,294,305,294,297,309,313,336,336,336
11415,Sale,1380,1020,1024,1024,1028,1031,1027,1035,1021,1044,1046,1035,1042,1026,1037,1058,1061,1065,1069,1073,1082,1088,1088,1113,1121,1141,1149,1167,1162,1166,1181,1190,1189,1218,1210,1236,1222,1257,1250,1267,1258,1284,1289,1281,1292,1296,1300,1311,1324,1341,1343,1359,1362,1401,1397,1357,1370,1349,1353,1357,1371,1368,1377,1379,1384,1379,1383,1379,1373,1365,1374,1374,1383
11416,Sale,1370,1019,1023,1027,1028,1025,1041,1035,1030,1034,1043,1048,1034,1021,1034,1054,1064,1060,1068,1079,1076,1090,1099,1108,1117,1132,1151,1161,1163,1170,1179,1187,1197,1205,1207,1225,1224,1246,1255,1267,1261,1282,1286,1284,1290,1299,1298,1317,1326,1339,1347,1354,1362,1403,1392,1359,1379,1342,1342,1350,1375,1372,1376,1370,1373,1371,1382,1375,1373,1368,1367,1372,1374
11417,Sale,382,136,142,141,144,145,148,150,145,152,154,154,148,143,145,172,171,170,174,181,184,192,196,208,218,228,235,245,246,252,258,268,270,281,282,292,291,306,309,313,315,323,310,305,301,305,351,331,322,334,322,330,322,307,332,359,369,368,358,302,335,343,342,347,356,365,372,389,378,417,419,421,428
11418,Sale,412,192,197,197,199,200,204,205,201,207,209,210,204,198,200,227,226,226,229,236,239,248,252,264,274,284,290,301,302,307,314,323,326,336,338,348,347,348,346,346,343,347,348,348,347,366,368,385,377,381,379,392,407,421,398,370,382,334,356,337,359,388,382,374,379,383,407,434,434,434,434,459,429
11419,Sale,365,183,189,188,191,192,195,197,192,199,201,202,196,190,192,219,218,217,221,228,231,239,243,255,265,275,282,292,311,303,316,312,312,308,316,316,298,311,315,313,317,320,322,325,329,316,335,348,334,324,324,337,339,365,347,353,324,343,359,391,383,384,355,353,353,353,349,370,372,348,375,382,382
11420,Sale,393,226,232,231,234,235,238,240,235,242,244,245,239,233,235,262,261,260,264,271,274,282,286,298,308,318,325,335,334,331,317,312,319,324,325,324,324,315,316,324,327,324,322,324,330,330,353,356,358,358,343,350,372,362,358,338,332,341,341,350,369,375,364,365,355,372,397,397,408,416,415,420,430
11421,Sale,387,156,161,161,163,164,167,169,164,171,173,174,168,162,164,191,190,190,193,200,203,211,215,228,237,248,254,265,279,290,284,284,285,263,274,287,283,283,300,290,286,297,309,312,298,304,332,336,333,333,332,336,338,337,334,322,337,330,343,348,352,366,374,373,383,383,376,392,392,380,403,413,408
11422,Sale,329,141,147,146,148,149,153,155,150,156,159,159,153,147,149,176,175,175,178,185,188,197,201,213,223,233,239,250,237,240,248,257,257,257,255,284,278,278,284,258,268,257,278,291,295,295,299,299,300,314,306,310,307,306,306,308,314,317,339,337,336,326,317,333,324,337,341,340,345,327,325,319,312
11423,Sale,348,80,85,85,87,88,92,93,88,95,97,98,92,86,88,115,114,114,117,124,127,135,140,152,161,172,178,189,190,195,202,211,214,224,225,236,234,250,253,256,258,266,276,277,280,286,291,296,302,310,316,323,331,347,346,332,343,331,336,333,333,337,335,325,361,326,327,341,345,365,358,361,396
11426,Sale,414,183,188,188,190,191,195,196,191,198,200,201,195,189,191,218,217,217,220,227,230,238,243,255,264,275,281,292,293,298,305,314,317,327,329,339,337,353,336,326,349,352,389,382,375,371,369,391,398,399,394,401,407,407,407,407,414,429,411,410,406,408,388,395,382,407,412,416,438,437,417,431,437
11427,Sale,418,242,248,247,249,250,254,256,251,257,260,260,254,248,250,277,276,276,279,286,289,298,302,314,324,334,340,329,329,329,312,329,311,329,346,324,339,368,367,349,346,331,340,316,336,346,363,371,373,370,381,368,368,368,368,371,380,390,390,397,423,414,404,407,407,410,407,415,432,449,432,417,419
11428,Sale,373,186,191,191,193,194,197,199,194,201,203,204,198,192,194,221,220,220,223,230,233,241,245,258,267,278,284,295,301,312,321,322,309,331,331,331,311,321,311,300,300,297,297,297,320,307,321,334,341,346,368,350,348,339,343,361,387,394,391,402,396,387,387,390,385,383,341,353,367,386,379,372,350
11429,Sale,1353,998,1002,999,998,1004,1010,1006,1000,1013,1013,1021,1013,996,1004,1033,1038,1033,1044,1043,1051,1058,1072,1076,1096,1107,1125,1131,1135,1147,1152,1170,1176,1192,1183,1207,1194,1226,1221,1236,1241,1247,1251,1263,1262,1269,1275,1279,1298,1303,1319,1332,1337,1368,1361,1324,1342,1317,1316,1331,1345,1340,1349,1351,1349,1352,1343,1354,1346,1336,1345,1352,1351
11430,Sale,1350,990,1001,997,998,1004,1011,1007,999,1003,1005,1005,1010,1004,1006,1030,1034,1028,1038,1042,1042,1062,1057,1072,1088,1110,1113,1132,1124,1138,1148,1166,1171,1181,1172,1199,1188,1227,1227,1235,1229,1239,1247,1260,1253,1261,1277,1275,1289,1297,1309,1325,1333,1355,1351,1331,1341,1311,1308,1328,1337,1347,1345,1341,1350,1348,1336,1347,1348,1336,1335,1339,1346
11432,Sale,475,137,143,142,145,146,149,151,146,153,155,155,149,144,146,173,172,171,175,182,185,193,197,209,219,229,236,246,247,253,259,269,271,282,283,293,292,307,310,314,316,324,333,335,338,344,349,354,360,367,374,381,388,404,415,428,416,436,445,446,460,479,475,455,431,436,434,467,518,499,500,507,499
11433,Sale,361,153,158,158,160,161,164,166,161,168,170,171,165,159,161,188,187,187,190,197,200,208,213,225,234,245,251,262,272,266,269,267,262,275,269,274,274,274,272,266,272,276,277,275,286,297,297,296,295,297,294,304,313,312,310,329,309,329,338,327,336,341,356,329,353,362,362,368,367,369,377,380,367
11434,Sale,337,154,159,159,161,162,165,167,162,169,171,172,166,160,162,189,188,188,191,198,201,209,213,226,235,246,252,263,259,273,269,262,262,281,272,273,274,276,276,269,271,276,275,282,289,297,297,297,291,291,294,294,295,302,311,298,307,307,320,313,315,315,322,329,333,333,341,346,347,345,341,349,349
11435,Sale,313,173,179,178,181,182,185,187,182,189,191,192,186,180,182,209,208,206,207,216,217,220,211,208,217,223,217,219,218,224,221,239,225,241,242,237,239,235,237,279,265,241,250,254,227,227,232,232,231,248,254,258,236,233,239,255,247,256,286,293,272,265,273,273,300,295,319,328,332,344,360,326,345
11436,Sale,392,100,105,105,107,108,112,113,108,115,117,118,112,106,108,135,134,134,137,144,147,156,160,172,181,192,198,209,210,215,222,231,234,244,246,256,254,270,273,276,278,286,296,297,300,306,311,316,326,324,337,337,347,327,324,323,335,336,347,361,382,371,375,383,388,399,386,401,410,411,404,390,385
11451,Sale,1334,980,976,986,990,985,999,993,982,995,997,1004,989,984,983,1014,1011,1021,1017,1025,1029,1046,1054,1063,1083,1088,1105,1110,1124,1124,1135,1141,1156,1165,1166,1186,1176,1205,1209,1206,1219,1228,1240,1245,1249,1250,1249,1261,1273,1284,1304,1306,1316,1338,1334,1302,1320,1295,1295,1304,1326,1331,1318,1326,1323,1333,1333,1325,1333,1316,1325,1334,1322
11691,Sale,272,113,119,118,121,122,125,127,122,129,131,131,125,120,121,148,148,147,150,157,161,169,173,185,195,205,212,222,220,197,200,201,207,217,224,224,224,224,207,207,194,197,211,216,211,211,195,201,200,201,229,230,225,226,228,228,222,246,275,272,253,252,251,251,249,251,256,292,287,296,273,302,302
11692,Sale,1326,971,969,969,973,982,983,990,974,995,994,990,984,982,987,1005,1005,1013,1013,1018,1023,1038,1048,1056,1076,1077,1094,1108,1105,1119,1129,1148,1137,1165,1158,1172,1165,1204,1194,1209,1210,1226,1225,1237,1228,1247,1242,1260,1268,1283,1285,1294,1312,1334,1338,1296,1309,1290,1297,1299,1322,1320,1318,1313,1321,1320,1322,1319,1321,1317,1318,1327,1325
11693,Sale,346,43,48,48,50,51,54,56,51,58,60,61,55,49,51,78,77,77,80,87,90,98,102,115,124,135,141,152,152,158,165,174,176,187,188,199,197,213,216,219,221,229,238,240,243,249,254,259,265,273,279,286,294,310,309,295,306,294,292,306,317,325,356,361,301,302,309,318,320,354,393,394,414
11694,Sale,408,359,357,359,368,374,372,370,370,368,365,350,333,328,342,363,352,372,365,350,367,352,347,340,336,336,336,336,344,344,350,357,340,351,368,365,378,373,364,355,358,356,345,356,342,347,356,356,356,361,354,363,367,368,355,364,422,397,399,398,398,378,390,400,413,413,405,400,418,409,418,420,425
11697,Sale,1305,965,962,960,975,969,977,987,972,984,979,992,986,974,973,998,1011,998,1007,1010,1017,1029,1029,1053,1064,1077,1080,1106,1107,1114,1123,1133,1135,1150,1149,1174,1164,1186,1197,1191,1201,1206,1219,1221,1228,1240,1241,1254,1267,1269,1281,1291,1298,1324,1319,1286,1312,1274,1284,1298,1303,1309,1308,1314,1310,1311,1307,1311,1304,1313,1315,1308,1319